title,ingredients,directions,link,source,NER,site
Shrimp Quinoa,"[""240 ml uncooked quinoa, rinsed"", ""350 ml chicken broth"", ""2 tablespoons olive oil"", ""3 cloves garlic, minced"", ""1 onion, diced"", ""1 red bell pepper, diced"", ""8 spears fresh asparagus, trimmed and cut into 1 inch pieces"", ""240 ml sliced fresh mushrooms"", ""60 ml raisins"", ""1 tablespoon minced fresh ginger root"", ""450 g uncooked medium shrimp, peeled and deveined"", ""1 tablespoon lemon juice"", ""salt and pepper to taste""]","[""Bring the quinoa and chicken broth to a boil in a saucepan over high heat. Reduce heat to medium-low, cover, and simmer until the quinoa is tender about 15 minutes. Turn off the heat, and let the remaining liquid absorb into the quinoa."", ""Meanwhile, heat the olive oil in a large skillet over medium heat. Stir in the garlic, onion, and red bell pepper; cook and stir until the onion has softened and turned translucent, about 5 minutes. Add the asparagus, mushrooms, raisins, and ginger; continue cooking until the asparagus is tender. Stir in the shrimp, and cook until the shrimp have turned pink and are no longer translucent in the center."", ""Stir the lemon juice into the quinoa, then toss the quinoa with the shrimp and vegetable mixture. Season to taste with salt and pepper before serving.""]",www.allrecipes.com/recipe/216998/shrimp-quinoa/,Gathered,"[""quinoa"", ""lemon juice"", ""onion"", ""fresh asparagus"", ""mushrooms"", ""raisins"", ""chicken broth"", ""red bell pepper"", ""fresh ginger root"", ""shrimp"", ""garlic"", ""olive oil"", ""salt""]",www.allrecipes.com
Oatmeal Cookies,"[""300 ml brown sugar"", ""180 ml shortening"", ""2 eggs"", ""3 Tbsp. milk"", ""1 tsp. vanilla"", ""1 tsp. cinnamon"", ""470 ml flour"", ""3/4 tsp. soda"", ""1 tsp. salt"", ""470 ml rolled oats"", ""240 ml chopped dates"", ""120 ml chopped nuts""]","[""Mix thoroughly brown sugar, shortening, eggs, milk, vanilla and cinnamon."", ""Add flour, soda and salt."", ""Mix thoroughly."", ""Then add oats, dates and nuts."", ""Bake at 350\u00b0 to 375\u00b0 for 10 to 12 minutes.""]",www.cookbooks.com/Recipe-Details.aspx?id=1071953,Gathered,"[""vanilla"", ""shortening"", ""brown sugar"", ""eggs"", ""cinnamon"", ""soda"", ""flour"", ""dates"", ""nuts"", ""milk"", ""rolled oats"", ""salt""]",www.cookbooks.com
Clementine Campari Cocktail,"[""60 milliliters Campari"", ""120 milliliters Clementine Juice, Fresh Pressed"", ""1 piece (Wedge Or Segment) Clementine, Peeled, For Garnish""]","[""Add ice to a glass and pour in the Campari. Follow with clementine juice and decorate glass with a piece of clementine. Serve immediately!""]",tastykitchen.com/recipes/drinks/clementine-campari-cocktail/,Gathered,"[""clementine"", ""milliliters""]",tastykitchen.com
Potato Hot Dish,"[""8 to 10 potatoes, peeled and sliced"", ""1 can cream of mushroom soup"", ""1 can vegetable soup"", ""680 g hamburger, fried and drained""]","[""Put one layer of potatoes, 1 layer cream of mushroom soup, 1 layer of vegetable soup, 1 layer hamburger."", ""Keep putting in layers until all is used."", ""Add 3/4 to 1 can of milk over the top. Bake 2 to 3 hours at 350\u00b0.""]",www.cookbooks.com/Recipe-Details.aspx?id=823427,Gathered,"[""potatoes"", ""cream of mushroom soup"", ""vegetable soup"", ""hamburger""]",www.cookbooks.com
Old Fashioned Stack Cake,"[""120 ml shortening"", ""120 ml sugar"", ""80 ml sorghum molasses"", ""120 ml buttermilk"", ""1 beaten egg"", ""830 ml flour"", ""2 tsp. baking powder"", ""1/2 tsp. soda"", ""1/2 tsp. salt"", ""1 tsp. ginger"", ""1 tsp. vanilla""]","[""Cream shortening with molasses."", ""Add beaten egg."", ""Mix all dry ingredients and add with milk."", ""Beat to a stiff dough."", ""Roll out to thickness of pie dough."", ""Cut out with a scalloped pie pan. Place rounds of dough on a cookie sheet and bake 12 to 15 minutes. Put together with sweetened well flavored applesauce."", ""Makes about 9 layers."", ""Let set a few hours before serving."", ""May use apple butter.""]",www.cookbooks.com/Recipe-Details.aspx?id=382421,Gathered,"[""buttermilk"", ""egg"", ""sugar"", ""baking powder"", ""ginger"", ""vanilla"", ""shortening"", ""soda"", ""sorghum molasses"", ""flour"", ""salt""]",www.cookbooks.com
Tortilla Turkey Soup ,"[""1 T olive oil"", ""1 large onion, chopped"", ""1 115 g can diced green chilies, drained"", ""1 t chili powder"", ""1 t ground cumin"", ""1 large garlic clove, minced"", ""1/2 t dried oregano, crumbled"", ""1/4 t cayenne pepper"", ""1.4 l turkey stock"", ""450 g can tomatoes, chopped, juices reserved"", ""340 g leftover turkey"", ""240 ml frozen whole kernel corn, thawed"", ""80 ml chopped fresh cilantro"", ""salt and pepper"", ""320 ml grated Monterey Jack cheese"", ""Tortilla chips, broken""]","[""Heat oil in heavy large saucepan over medium=low heat. Add onion and saute until translucent, about 4 minutes."", ""Add chilies, chili powder, cumin, garlic, oregano and cayenne. Stir 1 minute."", ""Mix in stock and tomatoes and their juices. Bring mixture just to boil."", ""Add turkey and simmer until cooked through, about 3 minutes. Add corn and simmer 1 minute. Mix in cilantro. Season with salt and pepper."", ""Ladle hot soup into bowls. Sprinkle each serving with generous amount of cheese and chips. Serve, passing extra cheese and tortilla chips separately.""]",www.epicurious.com/recipes/member/views/tortilla-turkey-soup-50018246,Gathered,"[""green chilies"", ""oregano"", ""ground cumin"", ""turkey stock"", ""tomatoes"", ""kernel corn"", ""cayenne pepper"", ""salt"", ""grated monterey"", ""chili powder"", ""leftover turkey"", ""onion"", ""tortilla chips"", ""garlic"", ""olive oil"", ""fresh cilantro""]",www.epicurious.com
Salmon Chowder,"[""onions"", ""celery"", ""garlic"", ""950 ml water"", ""950 ml chicken broth (can make from 3 bouillon cubes)"", ""2 potatoes, cubed"", ""1 can salmon, drained"", ""240 ml evaporated milk"", ""1 can creamed corn"", ""1 tsp. dill weed"", ""white pepper to taste""]","[""Saute onions, celery and garlic in butter."", ""Add water, chicken broth and potatoes."", ""Cook until tender, then add the remaining ingredients.""]",www.cookbooks.com/Recipe-Details.aspx?id=774667,Gathered,"[""potatoes"", ""corn"", ""salmon"", ""white pepper"", ""water"", ""celery"", ""chicken broth"", ""onions"", ""milk"", ""garlic"", ""dill weed""]",www.cookbooks.com
Green Tomato Bread,"[""8 to 10 medium green tomatoes, coarsely chopped"", ""160 ml raisins"", ""160 ml boiling water"", ""160 ml vegetable shortening"", ""630 ml sugar"", ""4 eggs"", ""790 ml flour"", ""2 tsp. baking soda"", ""1 1/2 tsp. salt"", ""1/2 tsp. baking powder"", ""1 tsp. cinnamon"", ""1 tsp. cloves"", ""160 ml chopped pecans or walnuts""]","[""Preheat oven to 350\u00b0."", ""In blender, puree tomatoes until smooth."", ""Should have 2 cups."", ""Soak raisins in boiling water. Cool."", ""Cream shortening and sugar until fluffy."", ""Add eggs, tomato pulp and raisins and soaking water."", ""Beat well.""]",www.cookbooks.com/Recipe-Details.aspx?id=839015,Gathered,"[""sugar"", ""baking powder"", ""green tomatoes"", ""eggs"", ""baking soda"", ""cinnamon"", ""cloves"", ""pecans"", ""raisins"", ""flour"", ""vegetable shortening"", ""boiling water"", ""salt""]",www.cookbooks.com
Frozen Grapes With Frangelico,"[""450 g seedless red grapes"", ""450 g seedless green grapes"", ""Frangelico (hazelnut liqueur)""]","[""Remove stems from grapes and wash thoroughly."", ""Place grapes on a tray lined with paper towels and freeze until hard."", ""Serve in dessert dishes with a glass of Frangelico or with a little Frangelico sprinkled on the grapes.""]",www.cookbooks.com/Recipe-Details.aspx?id=367691,Gathered,"[""green grapes"", ""seedless red grapes"", ""frangelico""]",www.cookbooks.com
Mom'S Barbecued Meatloaf,"[""570-680 g ground beef, veal or turkey"", ""180 ml breadcrumbs"", ""1 onion, minced"", ""1 egg, lightly beaten"", ""1 1/2 teaspoons salt"", ""dash pepper"", ""470 ml your favorite jarred tomato sauce"", ""3 tablespoons brown sugar"", ""2 tablespoons mustard"", ""3 tablespoons cider vinegar"", ""2 teaspoons worcestershire sauce""]","[""Preheat oven to 350"", ""Mix together meat, bread crumbs, onion, egg, seasonings, and 1/2 cup of the tomato sauce."", ""Form into a loaf and put into pan (a 9x5 loaf pan works best but make sure it is big enough to hold all the sauce, as it will bubble up)."", ""Combine rest of tomato sauce, brown sugar, mustard, vinegar, and worcestershire sauce. Pour over meat loaf."", ""Bake for 1 hr 15 min, basting occasionally with sauce."", ""Remove to serving plate. Slice and serve. Pass sauce from pan on the side!""]",food52.com/recipes/25460-mom-s-barbecued-meatloaf,Gathered,"[""egg"", ""pepper"", ""brown sugar"", ""onion"", ""breadcrumbs"", ""tomato sauce"", ""ground beef"", ""cider vinegar"", ""mustard"", ""worcestershire sauce"", ""salt""]",food52.com
Red Pepper Eggplant,"[""1 avocado"", ""120 ml roasted red pepper hummus"", ""1 eggplant"", ""4 slice mozzarella"", ""1 red pepper"", ""1 pinch basil"", ""80 ml olive oil""]","[""preheat oven to 380"", ""scoop out avocado and smash or blend until soft"", ""combine avocado with hummus"", ""slice eggplant into four sections"", ""sprinkle basil on each section and brown on both sides in frying pan"", ""add chopped up red peppers to frying pan."", ""add half of the olive oil."", ""next, place eggplant and peppers into glass baking dish"", ""place sliced mozzarella on the eggplant and top with the sauce."", ""add the rest of the oil and sprinkle more basil on top."", ""bake for 45 minutes or until eggplant is soft""]",cookpad.com/us/recipes/334886-red-pepper-eggplant,Recipes1M,"[""mozzarella"", ""red pepper"", ""basil"", ""eggplant"", ""olive oil"", ""avocado""]",cookpad.com
Chicken Fajitas,"[""1 Tbsp. Worcestershire sauce"", ""2 Tbsp. soy sauce"", ""1 Tbsp. vinegar"", ""1 tsp. chili powder"", ""2 tsp. sugar"", ""2 cloves garlic, minced"", ""dash of hot pepper sauce"", ""4 boneless, skinless chicken breasts, cut in strips"", ""1 sliced onion"", ""1 sliced red bell pepper"", ""1 green bell pepper"", ""1 lime, cut in half"", ""12 corn tortillas""]","[""Combine first 7 ingredients."", ""Mix well and add chicken strips. Marinate at least 1 hour."", ""Heat nonstick skillet and cook chicken until no longer pink."", ""Remove from pan and set aside."", ""Add onion and bell pepper strips to pan."", ""Cook covered until tender."", ""Squeeze lime juice into pan."", ""Serve on hot corn or flour shells.""]",www.cookbooks.com/Recipe-Details.aspx?id=1075528,Gathered,"[""vinegar"", ""sugar"", ""chicken breasts"", ""green bell pepper"", ""soy sauce"", ""chili powder"", ""onion"", ""pepper sauce"", ""red bell pepper"", ""corn tortillas"", ""lime"", ""garlic"", ""worcestershire sauce""]",www.cookbooks.com
Beef - Lentil Soup,"[""450 g hamburger"", ""120 ml onions chopped"", ""1 clove garlic chopped"", ""115 g mushrooms pieces"", ""450 g stewed tomatoes"", ""120 ml celery chopped"", ""180 ml carrots sliced"", ""240 ml dried lentils"", ""710 ml water"", ""60 ml cooking wine"", ""1 bay leaf"", ""1 tablespoon parsley"", ""2 teaspoons salt"", ""1 teaspoon instant beef bouillon"", ""1/4 teaspoon pepper""]","[""Cook and stir hamburger, onion and garlic in Dutch oven until hamburger is light brown, drain."", ""Stir in mushrooms and remaining ingredients."", ""Heat to boiling; reduce heat."", ""Cover and simmer, stirring occasionally until lentils are tender, about 30 minutes.""]",www.yummly.com/recipe/Beef---Lentil-Soup-1649935,Gathered,"[""tomatoes"", ""pepper"", ""mushrooms"", ""dried lentils"", ""water"", ""celery"", ""cooking wine"", ""instant beef bouillon"", ""onions"", ""carrots"", ""parsley"", ""garlic"", ""hamburger"", ""bay leaf"", ""salt""]",www.yummly.com
Garden Chowder,"[""60 ml chopped onion"", ""120 ml chopped celery"", ""60 ml butter, cubed"", ""60 ml all-purpose flour"", ""1/2 teaspoon salt"", ""1/4 teaspoon pepper"", ""470 ml chicken broth"", ""1 medium tomato, peeled and diced"", ""240 ml fresh broccoli florets"", ""240 ml chopped carrots"", ""240 ml frozen corn"", ""240 ml thinly sliced zucchini"", ""470 ml half-and-half cream"", ""60 ml grated Parmesan cheese""]","[""In a large saucepan, saute onion and celery in butter for 5 minutes. Add flour, salt and pepper; stir to form a smooth paste. Gradually add broth, stirring constantly. Bring to a boil; boil and stir for 2 minutes or until thickened. Add tomato, broccoli, carrots, corn and zucchini; return to a boil. Reduce heat; cover and simmer for 40 minutes or until vegetables are tender. Add cream and cheese; heat through.""]",www.tasteofhome.com/recipes/garden-chowder/,Gathered,"[""fresh broccoli florets"", ""frozen corn"", ""tomato"", ""pepper"", ""parmesan cheese"", ""onion"", ""all-purpose"", ""celery"", ""chicken broth"", ""carrots"", ""cream"", ""butter"", ""zucchini"", ""salt""]",www.tasteofhome.com
Chicken Parmesan & Pasta,"[""2 -4 chicken breasts"", ""salt"", ""lemon pepper"", ""garlic powder"", ""30 ml grated parmesan cheese"", ""30 ml dried parsley"", ""1 tablespoon paprika"", ""180 ml breadcrumbs"", ""1 jar Classico Alfredo with sun dried tomatoes"", ""1 teaspoon fresh parsley""]","[""Season chicken breasts with very little lemon pepper, salt and garlic."", ""Combine parmesan, dried parsley, paprika and breadcrumbs."", ""Roll seasoned chicken breasts in mixture."", ""Oil skillet with a tablespoon of olive oil over medium heat."", ""Place chicken breasts in skillet."", ""Brown lightly on both sides."", ""Place chicken breasts in oven for 10-15 minutes."", ""In a small saucepan warm alfredo sauce and fresh parsley for 3-5 minutes."", ""Pour sauce over chicken."", ""You may sprinkle with fresh parmesan cheese."", ""Serve with pasta.""]",www.food.com/recipe/chicken-parmesan-pasta-101239,Gathered,"[""chicken breasts"", ""tomatoes"", ""lemon pepper"", ""parmesan cheese"", ""breadcrumbs"", ""parsley"", ""paprika"", ""garlic"", ""salt""]",www.food.com
Garden Potato Chowder,"[""950 ml thin potato slices"", ""120 ml carrot slices"", ""120 ml celery slices"", ""60 ml chopped onion"", ""350 ml water"", ""1 chicken bouillon cube"", ""dash of pepper"", ""240 ml milk"", ""2 Tbsp. flour"", ""1 (225 g) jar Cheez Whiz process cheese spread""]","[""In a large saucepan, combine vegetables, water, bouillon cube and pepper; bring to boil."", ""Reduce heat; cover."", ""Simmer 20 minutes or until vegetables are very tender."", ""Gradually add milk to flour, stirring until well blended."", ""Gradually add flour mixture to vegetables, stirring constantly until mixture boils and thickens. Add process cheese spread; heat until process cheese spread is melted and chowder is hot."", ""Garnish with crisply cooked bacon, crumbled, if desired."", ""Makes 6 (1 cup) servings.""]",www.cookbooks.com/Recipe-Details.aspx?id=186723,Gathered,"[""pepper"", ""milk"", ""onion"", ""water"", ""celery"", ""flour"", ""carrot"", ""chicken""]",www.cookbooks.com
Spinach And Blue Cheese Stuffed Sirloin,"[""1 sirloin steak roughly 2\"" thick - approximately 0.9-1.35 kg"", ""240 ml frozen chopped spinach - defrosted and squeezed dry"", ""3/4 head roasted garlic"", ""240 ml butter - yes people I said 240 ml - softened"", ""240 ml blue cheese"", ""2 tablespoons dried minced onion""]","[""Add all ingredients except the steak to a bowl. There are 2 EXTREMELY important things here. 1. Make sure that the butter is as soft as it can be. Room temperature is great. 2. Make sure that the spinach is as dry as can be. Use fresh chopped spinach or if you are using frozen (like I did) make sure you squeeze as much of the moisture out of the vegetable as possible."", ""Using a fork combine all of the ingredients well."", ""Trim your beef of as much of the fat as you can. You can see there is a good bit of marbled fat in the meat. We are not concerned about that, what we are concerned about is the fat along the outside edges and the big pockets of fat that you can see I removed."", ""Insert a long, thin sharp knife into the meat. Swing the blade back and forth to make a big pocket in the steak while trying to keep the incision as small as you can."", ""Small Incision with a big pocket. That is what we are going for. We want as much of the stuffing to remain in the meat as possible."", ""Put as much of that stuffing into the steak as you can. Use a small spoon, a fork or your fingers. Don't worry about getting it on the outside of the steak."", ""Coat the top of your steak with some of the remaining stuffing. Do not coat the whole steak, just the top side."", ""Place your steaks on a preheated grill coated side up. Make sure it is a high heat but no flames. Charcoal is best for the flavor but propane will work. Cook the meat approximately 3 minutes. Give the meat a quarter turn then cook on the same side for another 3 minutes."", ""Flip the steak and coat with the remainder of the stuffing. Repeat the process of cooking for 3 minutes and turning. This will give you a medium - medium rare steak. For a more well done steak cook 1-2 minutes more per side."", ""Remove the meat, tent with foil and let rest for 10 minutes."", ""Cut into individual servings."", ""We served with a side of baby red skinned garlic mashed potatoes. Because the meat was infused with butter it cut extremely easily and tasted absolutely delicious.""]",www.yummly.com/recipe/Spinach-and-Blue-Cheese-Stuffed-Sirloin-1673767,Gathered,"[""blue cheese"", ""garlic"", ""onion"", ""butter""]",www.yummly.com
Pumpkin Bread,"[""830 ml plain flour"", ""710 ml sugar"", ""1 tsp. cinnamon"", ""1 tsp. nutmeg"", ""2 tsp. soda"", ""1 1/2 tsp. salt"", ""4 eggs"", ""240 ml oil"", ""470 ml pumpkin"", ""160 ml water"", ""chopped nuts (optional)""]","[""Mix sugar, eggs, oil, water and pumpkin, then add mixed flour, cinnamon, nutmeg, salt and soda."", ""Fold in chopped nuts if desired. Bake at 350\u00b0 for one hour (in loaf pan) or when pick comes out clean.""]",www.cookbooks.com/Recipe-Details.aspx?id=293482,Gathered,"[""oil"", ""sugar"", ""nutmeg"", ""eggs"", ""cinnamon"", ""soda"", ""water"", ""flour"", ""nuts"", ""pumpkin"", ""salt""]",www.cookbooks.com
Cascades Pepper Dressing,"[""240 ml mayonnaise"", ""30 ml water"", ""1/2 teaspoon lemon juice"", ""1/4 teaspoon Worcestershire sauce"", ""1/4 teaspoon bottled steak sauce (we use A-1)"", ""1/4 teaspoon dry mustard"", ""1/4 teaspoon sugar"", ""1/2 teaspoon salt"", ""1/4 teaspoon garlic powder"", ""1 tablespoon parmesan cheese, grated"", ""1 dash Tabasco sauce"", ""1 tablespoon black pepper, freshly cracked""]","[""Blend ingredients together, whipping by hand."", ""Refrigerate before serving.""]",www.food.com/recipe/cascades-pepper-dressing-515223,Gathered,"[""sugar"", ""black pepper"", ""steak sauce"", ""lemon juice"", ""tabasco sauce"", ""garlic"", ""parmesan cheese"", ""water"", ""mayonnaise"", ""dry mustard"", ""worcestershire sauce"", ""salt""]",www.food.com
Spaghetti Casserole,"[""spaghetti sauce"", ""1 large box cooked noodles"", ""1 can cream of mushroom soup"", ""grated cheese""]","[""Prepare spaghetti sauce as directed."", ""Mix noodles, sauce and soup."", ""Pour into baking pan and top with cheese."", ""Bake at 350\u00b0 until cheese melts thoroughly.""]",www.cookbooks.com/Recipe-Details.aspx?id=463025,Gathered,"[""noodles"", ""spaghetti sauce"", ""cream of mushroom soup"", ""grated cheese""]",www.cookbooks.com
Old Fashion Dumplings,"[""470 ml flour"", ""1/2 tsp. salt"", ""1/4 tsp. baking powder"", ""chicken or beef broth""]","[""Put dry ingredients in a bowl."", ""Make a hole in the center and pour 1 cup boiling broth."", ""Mix with fork."", ""Use more broth if needed."", ""Put dough onto a floured board or waxed paper."", ""Knead 2 or 3 times, then roll out with floured rolling pin. Cut into strips and drop into boiling broth.""]",www.cookbooks.com/Recipe-Details.aspx?id=567849,Gathered,"[""flour"", ""baking powder"", ""chicken"", ""salt""]",www.cookbooks.com
White Chocolate Marzipan Bread & Butter Pudding,"[""30 grams Butter"", ""5 pieces Thin Slices of Brioche"", ""20 grams White Chocolate"", ""50 grams Marzipan"", ""50 grams Raspberries"", ""50 grams Blackberries"", ""150 milliliters Milk"", ""2 Eggs"", ""35 grams Caster Sugar"", ""1 teaspoon Vanilla"", ""1 Zest of 1 Orange""]","[""Preheat the oven to 180C or 350F degrees."", ""Line 3 small loose bottom cake tins (I use 10cm diameter tins) with parchment paper and grease with some butter. Make sure you line it in such way that liquid wont leak."", ""Spread the butter on thinly cut slices of brioche bread. Cut the slices horizontally into two halves."", ""Now stuck the brioche vertically against the sides of the tin with buttered side facing inwards then repeat until the tin is filled in with brioche. You should end up with a pretty \""rose-like\"" pattern."", ""In between the layers of brioche stuck small chunks of marzipan, white chocolate and berries."", ""In a bowl lightly beat the eggs, milk, sugar and vanilla."", ""Pour the mixture over the brioche (do it slowly to allow bread to absorb liquid)"", ""Sprinkle some orange zest on top, put puddings on the baking tray to prevent any leakage and bake for 25min."", ""Check the oven occasionally and if the bread crust will start getting a little too brown on the edges cover the top of the puddings with foil.""]",food52.com/recipes/66410-white-chocolate-marzipan-bread-butter-pudding,Gathered,"[""sugar"", ""vanilla"", ""eggs"", ""blackberries"", ""white chocolate"", ""raspberries"", ""orange"", ""milk"", ""butter""]",food52.com
Broccoli Souffle,"[""120 ml cottage cheese"", ""1 small onion, chopped"", ""4 eggs, beaten"", ""1 stick butter, melted"", ""1 box chopped broccoli"", ""1 box Jiffy muffin mix""]","[""Cook broccoli and drain."", ""Add all ingredients to beaten eggs and mix together."", ""Pour mixture into a greased 9-inch pie plate. Bake for 25 minutes at 350 or 375\u00b0.""]",www.cookbooks.com/Recipe-Details.aspx?id=509614,Gathered,"[""mix"", ""eggs"", ""onion"", ""broccoli"", ""cottage cheese"", ""butter""]",www.cookbooks.com
Vegetable Bars,"[""2 tubes (8 count) refrigerated crescent rolls"", ""180 ml salad dressing"", ""120 ml sour cream"", ""1 envelope Hidden Valley Ranch dressing"", ""180 ml each: chopped green pepper, green onion, cauliflower, broccoli, shredded carrots, diced tomatoes, celery, shredded Cheddar cheese""]","[""Cover bottom of 11 x 17-inch baking pan with crescent rolls, patting and stretching to fit."", ""Bake at 350\u00b0 for 7 to 8 minutes or until lightly brown.""]",www.cookbooks.com/Recipe-Details.aspx?id=937060,Gathered,"[""salad dressing"", ""sour cream"", ""crescent rolls"", ""green pepper""]",www.cookbooks.com
Pineapple-Coconut Pie,"[""1 stick butter or margarine"", ""470 ml sugar"", ""1 (200 g) can Angel Flake coconut"", ""1 tsp. vanilla"", ""4 eggs"", ""1 can crushed pineapple (juice and all)"", ""pinch of salt"", ""2 Tbsp. flour""]","[""Mix all ingredients together and pour into unbaked pie shell. Bake at 325\u00b0 until lightly brown, about 40 minutes.""]",www.cookbooks.com/Recipe-Details.aspx?id=183986,Gathered,"[""sugar"", ""vanilla"", ""eggs"", ""angel"", ""flour"", ""butter"", ""pineapple"", ""salt""]",www.cookbooks.com
Cocktail Wieners,"[""1 pkg. cocktail wieners"", ""1 pkg. miniature Polish sausages"", ""1 jar hot dog chili"", ""1 jar grape jelly""]","[""Mix all ingredients in crock-pot together."", ""Turn on high for 30 minutes.""]",www.cookbooks.com/Recipe-Details.aspx?id=513454,Gathered,"[""sausages"", ""hot dog chili"", ""cocktail wieners"", ""grape jelly""]",www.cookbooks.com
No Bake Chocolate Cookies,"[""470 ml sugar"", ""120 ml butter or margarine"", ""120 ml milk"", ""710 ml quick cooking oats"", ""240 ml peanut butter"", ""6 Tbsp. cocoa"", ""1 tsp. vanilla""]","[""In saucepan, bring sugar, butter and milk to a boil and boil for 1 minute. Remove from heat and quickly add oats, peanut butter, cocoa and vanilla. Blend and drop by a teaspoon on wax paper. Cookies will set quickly.""]",www.cookbooks.com/Recipe-Details.aspx?id=29713,Gathered,"[""cooking oats"", ""sugar"", ""vanilla"", ""peanut butter"", ""cocoa"", ""milk"", ""butter""]",www.cookbooks.com
Broccoli Casserole,"[""2 pkg. frozen broccoli"", ""1 large jar Cheez Whiz"", ""1 large onion"", ""1 stick butter"", ""470 ml Minute rice""]","[""Cook broccoli and drain."", ""Chop onion and saute in butter."", ""Mix Cheez Whiz with butter and onion."", ""Add remaining ingredients. Pour into 13 x 9-inch pan."", ""Bake at 350\u00b0 for 30 minutes.""]",www.cookbooks.com/Recipe-Details.aspx?id=767982,Gathered,"[""rice"", ""frozen broccoli"", ""butter"", ""onion""]",www.cookbooks.com
Mango Margaritas,"[""Sugar, for rim of glasses"", ""1/2 lime, cut into quarters"", ""120 ml tequila"", ""160 ml mango nectar"", ""3 tablespoons bottled lime juice"", ""240 ml ice cubes""]","[""Spread a thin layer of sugar on a saucer."", ""Run 1 lime wedge around rim of 2 margarita or martini glasses."", ""Press rims into sugar on saucer to create narrow sugared edge on each glass."", ""In a cocktail shaker or small pitcher, combine tequila, mango nectar, lime juice and ice cubes."", ""Shake or stir vigorously for 30 seconds."", ""Strain equal amounts into each glass."", ""Squeeze juice from 1 lime piece into each drink and drop lime piece in."", ""Serve immediately.""]",www.foodnetwork.com/recipes/sandra-lee/mango-margaritas-recipe.html,Recipes1M,"[""sugar"", ""tequila"", ""lime juice"", ""mango"", ""lime""]",www.foodnetwork.com
Lemon Curd,"[""4 lemons"", ""225 g butter"", ""450 g cubed sugar or regular sugar"", ""4 eggs, beaten""]","[""Grate lemon peel on all 4 lemons."", ""Place grated lemon peel on sugar, then squeeze lemon juice out of all 4 lemons and pour over sugar."", ""Put butter in double boiler. Add sugar with the lemon peel and juice."", ""Let sugar melt over hot but not boiling water, stirring, then add beaten eggs, stirring constantly, until it becomes thick. Do not let boil or eggs will become scrambled. Pour into jars and cover at once.""]",www.cookbooks.com/Recipe-Details.aspx?id=585258,Gathered,"[""lemons"", ""eggs"", ""sugar"", ""butter""]",www.cookbooks.com
Steak Soup,"[""115 g (1 stick) margarine"", ""240 ml flour"", ""1.9 l water"", ""470 ml ground beef or diced round steak"", ""240 ml onions"", ""240 ml carrots"", ""240 ml celery"", ""470 ml frozen mixed vegetables"", ""1 can tomatoes"", ""1 Tbsp. Accent"", ""2 Tbsp. beef base"", ""1 tsp. black pepper""]","[""Melt the margarine and whip in flour to make"", ""a smooth paste. Stir in cold water. Saut the ground beef; drain off grease and add to soup. Add the onions, carrots and celery which have been pan boiled. Add remaining ingredients; bring to a boil, then reduce to simmer and cook until vegetables are done. DO NOT SALT. May be frozen.""]",www.cookbooks.com/Recipe-Details.aspx?id=5804,Gathered,"[""tomatoes"", ""black pepper"", ""accent"", ""beef base"", ""water"", ""celery"", ""flour"", ""mixed vegetables"", ""margarine"", ""onions"", ""carrots"", ""ground beef""]",www.cookbooks.com
Stuffed Green Peppers,"[""6 lg. green mango peppers, cut in halves"", ""450 g ground beef"", ""80 ml chopped onion"", ""1 Tbsp. fat (if beef is too lean)"", ""950 ml stewed tomatoes, 910 g can"", ""80 ml precooked rice"", ""3 Tbsp. Worcestershire sauce"", ""2 tsp. salt and pepper to taste"", ""3 Tbsp. sugar""]","[""Remove seeds and membrane from green peppers. Precook in salted, boiling water 5 minutes. Sprinkle inside with salt; place in baking dish.""]",www.cookbooks.com/Recipe-Details.aspx?id=38351,Gathered,"[""sugar"", ""tomatoes"", ""lean"", ""onion"", ""green mango peppers"", ""rice"", ""ground beef"", ""worcestershire sauce"", ""salt""]",www.cookbooks.com
Chocolate Fudge,"[""3 (170 g) pkg. semi-sweet chocolate chips"", ""1 (400 g) can condensed milk"", ""dash of salt"", ""120 ml nuts"", ""1 1/2 tsp. vanilla""]","[""Heat chips, salt and milk on low heat."", ""When melted, turn off heat and stir in vanilla and nuts."", ""Spread in wax paper lined pan and chill 2 hours.""]",www.cookbooks.com/Recipe-Details.aspx?id=225786,Gathered,"[""condensed milk"", ""vanilla"", ""nuts"", ""semi-sweet chocolate chips"", ""salt""]",www.cookbooks.com
Pear-Pecan Haroset,"[""470 ml shredded peeled Golden Delicious apple (about 450 g)"", ""240 ml shredded peeled Bartlett pear (about 340 g)"", ""2 teaspoons fresh lemon juice"", ""1 teaspoon vanilla extract"", ""1 teaspoon honey"", ""60 ml coarsely chopped pecans""]","[""Combine first 5 ingredients in a large bowl. Fold in chopped pecans. Refrigerate 2 hours in an airtight container.""]",www.myrecipes.com/recipe/pear-pecan-haroset,Gathered,"[""vanilla"", ""golden delicious apple"", ""bartlett"", ""lemon juice"", ""pecans"", ""honey""]",www.myrecipes.com
Swedish Meat Balls,"[""1 (225 g) Welch's grape jelly"", ""1 (225 g) bottle chili sauce"", ""120 ml bread crumbs"", ""910 g ground beef"", ""3 eggs"", ""1 (410 g) can chicken broth""]","[""Combine jelly, chili sauce and broth in large pan, plus 1 bottle of water."", ""Mix ground beef, eggs and bread crumbs, plus salt and pepper to taste."", ""Form small meat balls and drop into boiling juice."", ""Simmer 1 1/2 hours until sauce thickens.""]",www.cookbooks.com/Recipe-Details.aspx?id=338461,Gathered,"[""chili sauce"", ""eggs"", ""welch's grape jelly"", ""chicken broth"", ""ground beef"", ""bread crumbs""]",www.cookbooks.com
Scalloped Corn,"[""1 Box Corn Bread Mix (310 g) I Like Jiffy Brand Best!"", ""2 430 g Cans Corn \""drained\"""", ""1 430 g Can Cream-style Corn"", ""Some Diced Bell Pepper (optional, Add As Much Or As Little As You Want)"", ""Diced Onion (optional, Add As Much Or As Little As You Want)"", ""240 ml Sour Cream"", ""2 Eggs"", ""60 ml Melted Butter"", ""A Shake Or Two Of Salt and Pepper"", ""I Also Like To Add A Dash Of Cayenne Pepper, Do Whatever Sounds Good To You.""]","[""Mix all the ingredients together."", ""Pour into 8x8 or 9x9 baking dish."", ""Bake 45-50 min at 350 degrees or until a knife inserted in the center comes out clean."", ""I always at least double this and use a 9x13 baking dish...."", ""Its great for a big crowd! but cooking times will get longer too.""]",tastykitchen.com/recipes/sidedishes/scalloped-corn/,Gathered,"[""bread"", ""corn"", ""sour cream"", ""bell pepper"", ""eggs"", ""onion"", ""i"", ""butter"", ""salt""]",tastykitchen.com
Sweet And Sour Beetroot,"[""225 g beets"", ""3 tablespoons vegetable oil"", ""1 onion, diced"", ""1 tablespoon all-purpose flour"", ""240 ml chicken broth"", ""2 tablespoons brown sugar"", ""6 tablespoons malt vinegar"", ""salt and pepper to taste""]","[""Place beets in a large saucepan, and cover with water. Bring to a boil, and cook for 15 to 20 minutes, depending on the size of the beets. Drain, cool, peel, and dice."", ""Heat oil in a large skillet over medium heat. Saute onion until tender. Stir in flour, and cook for about 2 minutes. Gradually stir in chicken stock. Add the diced beets, and cook for 3 to 4 minutes. Stir in brown sugar and vinegar. Cook for 10 minutes. Season with salt and pepper.""]",www.allrecipes.com/recipe/54497/sweet-and-sour-beetroot/,Gathered,"[""brown sugar"", ""onion"", ""flour"", ""beets"", ""chicken broth"", ""malt vinegar"", ""vegetable oil"", ""salt""]",www.allrecipes.com
Bourbon-Chocolate Pecan Pie,"[""1/2 (430 g) package refrigerated piecrusts"", ""4 large eggs"", ""240 ml light corn syrup"", ""6 tablespoons butter or margarine, melted"", ""120 ml sugar"", ""60 ml firmly packed light brown sugar"", ""3 tablespoons bourbon"", ""1 tablespoon all-purpose flour"", ""1 tablespoon vanilla extract"", ""240 ml coarsely chopped pecans"", ""240 ml (170 g) semisweet chocolate morsels""]","[""Fit piecrust into a 9-inch pieplate according to package directions; fold edges under, and crimp."", ""Whisk together eggs, light corn syrup, and next 6 ingredients until mixture is smooth; stir in chopped pecans and morsels. Pour into piecrust."", ""Bake on lowest oven rack at 350\u00b0 for 1 hour or until set.""]",www.myrecipes.com/recipe/bourbon-chocolate-pecan-pie-0,Gathered,"[""light corn syrup"", ""sugar"", ""vanilla"", ""eggs"", ""brown sugar"", ""semisweet chocolate"", ""pecans"", ""flour"", ""bourbon"", ""butter""]",www.myrecipes.com
Old Fashioned Pie Crust,"[""1.4 l flour"", ""470 ml pig lard"", ""350 ml water""]","[""Blend lard and flour."", ""Add water, mix and knead."", ""Makes crust for 3 pies.""]",www.cookbooks.com/Recipe-Details.aspx?id=844675,Gathered,"[""flour"", ""lard"", ""water""]",www.cookbooks.com
Grilled Salmon With Orange-Soy Glaze,"[""120 ml orange marmalade"", ""2 tablespoons soy sauce"", ""2 tablespoons Dijon mustard"", ""2 teaspoons rice vinegar"", ""1/2 teaspoon crushed red pepper"", ""1 1/4 teaspoons kosher salt, divided"", ""1/2 teaspoon black pepper, divided"", ""6 (170 g) skin-on salmon fillets (about 1 1/2 inches thick)"", ""2 tablespoons olive oil""]","[""Whisk together orange marmalade, soy sauce, mustard, vinegar, crushed red pepper, 1/2 teaspoon of the salt, and 1/4 teaspoon of the pepper."", ""Preheat grill to medium-high (400\u00b0F to 450\u00b0F). Rub salmon with olive oil, and sprinkle with remaining 3/4 teaspoon salt and 1/4 teaspoon pepper. Place salmon, flesh side down, on oiled grates, and grill, covered, until mostly cooked through and skin is crisp, 7 to 8 minutes. Turn salmon, and brush with 1/3 cup of the marmalade mixture. Grill, covered, until a thermometer registers 140\u00b0F when inserted in thickest portion of salmon, 7 to 8 minutes. Place salmon on a platter, and brush with remaining glaze.""]",www.myrecipes.com/recipe/grilled-salmon-orange-soy-glaze,Gathered,"[""black pepper"", ""soy sauce"", ""salmon"", ""orange marmalade"", ""red pepper"", ""rice vinegar"", ""kosher salt"", ""mustard"", ""olive oil""]",www.myrecipes.com
Fried Butterflied Shrimp,"[""450 g large shrimp, peeled and deveined and butterflied"", ""950 ml water"", ""350 ml cornstarch"", ""2 eggs"", ""470 ml fresh bread crumbs"", ""1.2 l oil for deep frying""]","[""Preheat deep fryer or skillet with oil to 350 degrees F (175 degrees C)."", ""In a large bowl, pour in water and mix in cornstarch and eggs."", ""Dip the shrimp into the mixture allowing them to be completely coated. Then roll the shrimp in the breadcrumbs. Coat the shrimp well with the breadcrumbs. Mix up the cornstarch batter again. Dip the breadcrumbs coated shrimp back into the cornstarch batter. Roll the shrimp in the breadcrumbs for a second time. Repeat for each shrimp."", ""Drop shrimp, one at a time, into the hot oil and cook shrimp until they are golden brown.""]",www.allrecipes.com/recipe/21338/fried-butterflied-shrimp/,Gathered,"[""oil"", ""eggs"", ""water"", ""cornstarch"", ""shrimp"", ""bread crumbs""]",www.allrecipes.com
Voodoo Punch,"[""470 ml water"", ""180 ml brown sugar"", ""120 ml white sugar"", ""1 (3 inch) piece of fresh ginger, peeled and thinly sliced"", ""2 tablespoons whole peppercorns"", ""1 teaspoon whole allspice berries"", ""170 g cinnamon sticks"", ""1 (750 milliliter) bottle vodka"", ""1 (750 milliliter) bottle rum"", ""470 ml orange juice"", ""120 ml pineapple juice"", ""1 (3.2 kg) bag of crushed ice"", ""10 lemon slices""]","[""Bring the water, brown sugar, white sugar, ginger, peppercorns, allspice, and cinnamon sticks to a boil in a saucepan. Reduce heat to medium-low, cover, and simmer 30 minutes. Strain the liquid into a heatproof container, and discard the spices. Refrigerate overnight to cool."", ""Pour the chilled spice mixture into a large punchbowl. Stir in the vodka, rum, orange juice, pineapple juice, and crushed ice. Garnish with lemon slices to serve.""]",www.allrecipes.com/recipe/94381/voodoo-punch/,Gathered,"[""peppercorns"", ""whole allspice berries"", ""ginger"", ""brown sugar"", ""water"", ""vodka"", ""pineapple juice"", ""rum"", ""orange juice"", ""white sugar"", ""cinnamon sticks"", ""crushed ice"", ""lemon slices""]",www.allrecipes.com
Punch Bowl Cake,"[""yellow cake mix"", ""2 boxes instant vanilla pudding"", ""2 large cans crushed pineapple, slightly drained"", ""1 can cherry pie filling"", ""340 g Cool Whip"", ""120 ml chopped pecans"", ""3 sliced bananas""]","[""Bake yellow cake mix as directed."", ""Cut cake in half."", ""Break one half in bowl."", ""Add 1 box pudding mix (mixed as for pudding), 1 can crushed pineapple and 1/2 can cherry pie filling."", ""Then add a little Cool Whip and one sliced banana."", ""Then repeat with more layers of same."", ""Slice a banana on top; cover with Cool Whip and top with nuts."", ""Let set in refrigerator.""]",www.cookbooks.com/Recipe-Details.aspx?id=810333,Gathered,"[""pecans"", ""bananas"", ""vanilla pudding"", ""cherry pie filling"", ""pineapple"", ""yellow cake""]",www.cookbooks.com
"Panaman Fricassee Of Chicken With Tomatoes, Raisins And Olives ","[""4 Tb olive oil"", ""1 Chicken (1.35-1.6 kg) cut into 8 pieces"", ""1 medium yellow onion, peeled and finely chopped"", ""1 green bell pepper"", ""3 medium ripe tomatoes"", ""4 cloves garlic"", ""2 medium red potatoes - 1/2\"" chunks"", ""1 slice white bread, toasted and cut into 1\"" ieces"", ""240 ml dry white wine"", ""240 ml chicken stock"", ""1/2 tsp dried or 1 tsp fresh rosemary"", ""1/2 tsp dried or 1 tsp fresh oregano"", ""1/4 tsp cayenne"", ""1/4 tsp paprika"", ""salt and pepper to taste"", ""60 ml pitted olives cut in half"", ""1 Tbs black raisins""]","[""Heat 2 Tbs oil and brown chicken for 10 minutes, remove. 2 Tbs oil + onion and pepper, 5 minutes. Add tomatoes, garlic, 10 minutes. Add chicken, potatoes, bread, wine, stock, rosemary, oregano, cayenne pepper, paprika, salt and pepper. Simmer for 40 minutes. Adjust seasoning, add olives and raisons and simmer 5 minutes more. Serve on rice.""]",www.epicurious.com/recipes/member/views/panaman-fricassee-of-chicken-with-tomatoes-raisins-and-olives-1244235,Gathered,"[""cayenne"", ""oregano"", ""green bell pepper"", ""tomatoes"", ""black raisins"", ""olives"", ""rosemary"", ""yellow onion"", ""paprika"", ""red potatoes"", ""white wine"", ""white bread"", ""chicken stock"", ""garlic"", ""chicken"", ""olive oil"", ""salt""]",www.epicurious.com
Ultimate Chocolate Brownies,"[""180 ml cocoa"", ""1/2 tsp. baking soda"", ""160 ml butter, melted and divided"", ""120 ml boiling water"", ""470 ml sugar"", ""2 eggs"", ""350 ml flour"", ""1 tsp. vanilla"", ""1/4 tsp. salt"", ""240 ml chocolate chips""]","[""Heat oven to 350\u00b0."", ""Grease a 13 x 9 x 2-inch rectangular pan. In medium bowl, combine cocoa and baking soda."", ""Blend in 1/3 cup melted butter."", ""Add boiling water; stir until mixture thickens. Stir in sugar, eggs and remaining 1/3 cup melted butter; stir until smooth."", ""Add flour, vanilla and salt; blend completely."", ""Stir in chocolate chips."", ""Pour into prepared pan."", ""Bake 35 to 40 minutes, or until brownies begin to pull away from sides of pan."", ""Cool completely in pan."", ""Cut in squares."", ""Makes approximately 3 dozen brownies.""]",www.cookbooks.com/Recipe-Details.aspx?id=532208,Gathered,"[""sugar"", ""vanilla"", ""baking soda"", ""eggs"", ""chocolate chips"", ""flour"", ""cocoa"", ""boiling water"", ""butter"", ""salt""]",www.cookbooks.com
"Big ""D"" Smoked Baby Back Ribs","[""3 slabs baby back pork ribs (about 2.7 kg)"", ""60 ml lemon juice"", ""60 ml olive oil"", ""Hickory wood chunks"", ""4 to 6 (340 g) bottles dark beer""]","[""Rinse and pat ribs dry. Remove thin membrane from back of ribs by slicing into it with a knife and then pulling. (This makes for more tender ribs and allows smoke and rub to penetrate meat better.)"", ""Place lemon juice in a small bowl; add oil in a slow, steady stream, whisking constantly. Coat ribs evenly with lemon juice mixture. Sprinkle meat evenly with Paul's Pork Ribs Rub, and rub into meat. Let stand at room temperature 30 minutes."", ""Soak wood chunks in water for at least 30 minutes."", ""Prepare smoker according to manufacturer's directions, substituting beer for water in water pan. Bring internal temperature to 225\u00b0 to 250\u00b0, and maintain temperature for 15 to 20 minutes."", ""Drain wood chunks, and place on coals. Place rib slabs in a rib rack on upper cooking grate; cover with smoker lid."", ""Smoke ribs, maintaining the temperature inside smoker between 225\u00b0 and 250\u00b0, for 4 hours and 30 minutes. Remove lid, baste with half of Paul's Barbecue Sauce, and, if necessary, add more beer to water pan. Cover with smoker lid, and smoke 30 more minutes. Cut meat into 3-rib sections, slicing between bones, and serve with remaining half of Paul's Barbecue Sauce.""]",www.myrecipes.com/recipe/big-d-smoked-baby-back-ribs,Gathered,"[""baby back pork"", ""hickory wood chunks"", ""olive oil"", ""lemon juice""]",www.myrecipes.com
Creamy Vanilla Cheesecake,"[""1.15 kg cream cheese softened"", ""350 ml sugar"", ""3 eggs"", ""2 1/2 teaspoons vanilla extract"", ""graham cracker crust recipe follows"", ""strawberry fans, optional""]","[""Beat cream cheese at high speed of an electric mixer until light and fluffy. Gradually add sugar, beating well. Add eggs, one at a time, beating well after each addition. Stir in vanilla. Pour into graham cracker crust. Bake at 350 degrees for 40 minutes; turn oven off, and partially open oven door. Leave cheesecake in the oven for 30 minutes. Remove from oven, and let cool on a wire rack in a draft-free place. Cover and chill at least 8 hours. Garnish with strawberry fans, if desired. Yield: one 10 inch cheesecake."", ""Use chocolate wafer crust. Stir 1/4 cup green creme de menthe into cheesecake mixture when vanilla is added. Bake at 350 degrees for 45 minutes. Garnish with chocolate leaves, if desired."", ""Use graham cracker crust. Substitute dark brown sugar for white sugar in cheesecake mixture. Saute 1 cup chopped pecans in 3 tablespoons melted butter; drain pecans on paper towel. Fold into cheesecake mixture when vanilla is added. Bake at 350 degrees for 45 minutes. Garnish with toasted pecan halves, if desired."", ""Use Gingersnap Crust. For cheesecake mixture, substitute brown sugar for white sugar, and add 1 teaspoon ground cinnamon, 1/2 teaspoon ground cloves, and 1/2 teaspoon ground nutmeg when sugar is added. Bake at 350 degrees for 45 minutes. Garnish with whipped cream, and sprinkle with nutmeg, if desired.""]",www.yummly.com/recipe/Creamy-Vanilla-Cheesecake-1653542,Gathered,"[""graham cracker crust"", ""sugar"", ""vanilla"", ""eggs"", ""cream cheese"", ""strawberry fans""]",www.yummly.com
The Original Chex Party Mix,"[""6 tablespoons butter or 6 tablespoons margarine"", ""2 tablespoons Worcestershire sauce"", ""1 1/2 teaspoons seasoning salt"", ""3/4 teaspoon garlic powder"", ""1/2 teaspoon onion powder"", ""710 ml Corn Chex"", ""710 ml Rice Chex"", ""710 ml Wheat Chex"", ""240 ml mixed nuts"", ""240 ml pretzel"", ""240 ml bite-size garlic bagel chips or 240 ml regular-size bagel chips, broken into 1-inch pieces""]","[""Heat oven to 250 degrees."", ""Melt butter in large roasting pan in oven. Stir in seasonings. Gradually stir in remaining ingredients until evenly coated."", ""Bake 1 hour, stirring every 15 minutes. Spread on paper towels to cool. Store in airtight container.""]",www.food.com/recipe/the-original-chex-party-mix-128094,Gathered,"[""mixed nuts"", ""onion powder"", ""garlic powder"", ""pretzel"", ""rice"", ""bite-size garlic"", ""butter"", ""worcestershire sauce"", ""salt""]",www.food.com
Bacon Hors D'Oeuvres,"[""450 g bacon, softened"", ""Waverly Wafer crackers""]","[""Leave bacon out all day to soften."", ""Cut each slice in half. Wrap a half slice around a cracker, making sure ends are on bottom."", ""Place on rack on cookie sheet and bake at 375\u00b0 until crisp.""]",www.cookbooks.com/Recipe-Details.aspx?id=458266,Gathered,"[""waverly"", ""bacon""]",www.cookbooks.com
Chicken Casserole,"[""1 whole (1.35 kg) chicken"", ""1 (225 g) tub sour cream"", ""1 (450 g) can Veg-All vegetables"", ""470 ml crushed Ritz crackers"", ""1 can cream of mushroom soup"", ""120 ml cheese (any kind)"", ""1 stick margarine or butter""]","[""Boil chicken until done."", ""Cool and debone."", ""In medium bowl, mix soup (can be any kind of cream soup, do not dilute), sour cream and cheese with drained Veg-All mixed vegetables."", ""Melt butter and mix with crackers."", ""Put chicken in casserole dish, then put soup mixture on top of chicken."", ""Top with crackers and butter mixture. Bake in preheated 400\u00b0 oven for 45 minutes.""]",www.cookbooks.com/Recipe-Details.aspx?id=1021872,Gathered,"[""sour cream"", ""cream of mushroom soup"", ""crackers"", ""veg-all vegetables"", ""cheese"", ""margarine"", ""chicken""]",www.cookbooks.com
Mom'S Cheesy Macaroni Salad,"[""1 (225 g) package kraft macaroni & cheese dinner mix"", ""3 green onions, sliced"", ""120 ml diced celery"", ""60 ml diced green peppers or 60 ml red pepper"", ""2 hard-boiled eggs, chopped (optional)"", ""1 tablespoon sweet relish"", ""1 teaspoon prepared mustard"", ""240 ml salad dressing (or more)"", ""120 ml shredded cheddar cheese"", ""salt and pepper""]","[""Cook macaroni and cheese dinner as directed on package."", ""Let cool."", ""Meanwhile, in a bowl, combine green onions, celery, green pepper, and if desired eggs."", ""Add macaroni dinner."", ""Toss lightly to combine."", ""In a seperate bowl, combine sweet relish, mustard, and salad dressing."", ""Stir to mix thoroughly."", ""Add to macaroni and vegetable mixture."", ""Toss lightly."", ""Sprinkle with shredded cheese, and season with salt and pepper."", ""Toss lightly, but thoroughly together."", ""Chill for 4-6 hours.""]",www.food.com/recipe/moms-cheesy-macaroni-salad-73361,Gathered,"[""green peppers"", ""green onions"", ""eggs"", ""cheddar cheese"", ""celery"", ""sweet relish"", ""salad dressing"", ""mustard"", ""salt""]",www.food.com
Swanky Franky,"[""8 beef hot dogs"", ""8 slices bacon"", ""8 slices American cheese"", ""8 hot dog buns"", ""hot oil (, for frying)"", ""condiments (of your choice)""]","[""Cut a slit lengthwise in each hot dog."", ""Cut each slice of cheese in half."", ""Insert 1/2 slice cheese in each hot dog."", ""Wrap a slice of bacon around each and secure with toothpick."", ""Put about 3 inches oil in heavy saucepan and heat to medium hot."", ""Fry dogs about 3-4 minutes, until bacon is crisp."", ""Drain on paper towel.""]",www.food.com/recipe/swanky-franky-16776,Gathered,"[""american cheese"", ""bacon"", ""condiments"", ""buns"", ""beef"", ""hot oil""]",www.food.com
Fettuccine Alfredo,"[""225 g medium wide egg noodles"", ""salted water"", ""6 Tbsp. butter"", ""350 ml whipping cream"", ""240 ml grated Parmesan cheese""]","[""Cook noodles in boiling salted water until tender."", ""Drain well."", ""While noodles are cooking, melt butter in frying pan over high heat until lightly browned."", ""Add 1/2 cup of the cream and boil until slightly thickened."", ""Reduce heat to medium."", ""Add noodles and gently mix."", ""Then add half the cheese and 1/2 cup remaining cream."", ""Lift and mix pasta."", ""Repeat with remaining cheese and cream."", ""Season with salt and pepper to taste."", ""Serve immediately.""]",www.cookbooks.com/Recipe-Details.aspx?id=900795,Gathered,"[""parmesan cheese"", ""water"", ""butter"", ""medium wide egg noodles"", ""whipping cream""]",www.cookbooks.com
Schokolade Kuchen,"[""150 g margarine"", ""230 g sugar"", ""6 eggs"", ""1 pinch salt"", ""5 g vanilla sugar"", ""200 g dark chocolate (e.g. Cremant)"", ""125 g ground almonds"", ""125 g biscuits, ground (in the US known as crackers, must be unsalted !)"", ""375 g powdered sugar"", ""4 tablespoons cocoa powder""]","[""Stir margarine until foam-like."", ""Add sugar, yellow of the 6 eggs, salt and vanilla sugar, stir again."", ""Dissolve chocolate in 3 tablespoons of water and add to the mixture."", ""Add almonds and biscuits."", ""Stir the white of the 6 eggs until stiff, add to the mixture and mix well."", ""Grease 10 inch cake pan with margarine, pour mixture into pan."", ""Bake on lowest position in oven at 180\u00b0C (356\u00b0F) for 50 to 60 minutes."", ""Frosting:"", ""Mix powder sugar with 4 tablespoons of water. Put 1 tablespoon aside."", ""Add chocolate powder to the rest of the mixture, add a few drops of water and stir."", ""Let cake cool off after baking. Pour chocolate mixture evenly over cake."", ""Form a small, funnel-shaped paper with a tiny opening. Put the mixture set aside in 1. into paper and draw 8 concentric circles on cake."", ""Use a small knife and pull 8 lines from the center towards the edge and 8 lines from the edge towards the center alternating."", ""Hint: Store chocolate cake in the refrigerator.""]",www.food.com/recipe/schokolade-kuchen-457144,Gathered,"[""sugar"", ""vanilla sugar"", ""ground almonds"", ""eggs"", ""powdered sugar"", ""chocolate"", ""ground"", ""margarine"", ""cocoa powder"", ""salt""]",www.food.com
Roasted Potatoes,"[""6 - 8 large potatoes, peeled and chopped"", ""Basil to taste"", ""Garlic powder to taste"", ""3 Tbsp. of butter""]","[""Place potatoes into a greased 9 x 12 pan."", ""Put in butter and sprinkle with basil and garlic powder."", ""Cover pan with aluminum foil and bake at 4450 degrees for 1 hour or until potatoes are tender.""]",www.cookbooks.com/Recipe-Details.aspx?id=116614,Gathered,"[""potatoes"", ""basil"", ""garlic"", ""butter""]",www.cookbooks.com
Gnocchi Surprise,"[""1 pkg. frozen gnocchi"", ""1/2 stick margarine"", ""950 ml heavy cream"", ""1 slice honey-baked ham (1/4 inch thick)"", ""1 medium size can peas"", ""1 small can sliced mushrooms"", ""120 ml Parmesan cheese"", ""1/2 tsp. basil spice"", ""2 pkg. frozen butternut squash"", ""470 ml applesauce"", ""120 ml brown sugar"", ""1/2 tsp. salt"", ""1/8 tsp. nutmeg"", ""120 ml heavy cream"", ""2 eggs, beaten"", ""4 Tbsp. butter, melted"", ""120 ml bread crumbs"", ""120 ml sliced almonds"", ""2 Tbsp. butter, melted"", ""4 medium zucchini, sliced lengthwise 1/8 inch thick"", ""6 to 8 eggs"", ""6 to 8 Tbsp. bread crumbs"", ""3 Tbsp. grated Romano cheese"", ""1 Tbsp. parsley, finely chopped"", ""1/2 tsp. chopped garlic"", ""1 tsp. salt""]","[""Mix all ingredients (except zucchini) well with a fork."", ""Wash zucchini, slice them while wet and flour them."", ""Put 1 or 2 zucchini slices in egg mixture at a time."", ""Cover them completely with egg mixture.""]",www.cookbooks.com/Recipe-Details.aspx?id=978813,Gathered,"[""brown sugar"", ""eggs"", ""basil spice"", ""almonds"", ""butter"", ""zucchini"", ""nutmeg"", ""parmesan cheese"", ""mushrooms"", ""margarine"", ""bread crumbs"", ""peas"", ""frozen gnocchi"", ""honey"", ""salt"", ""romano cheese"", ""heavy cream"", ""applesauce"", ""parsley"", ""garlic"", ""frozen butternut squash""]",www.cookbooks.com
Cook The Book: Lemon Olive Oil Cake,"[""3/4 extra-virgin olive oil, plus extra for the pan"", ""350 ml unbleached all-purpose flour"", ""1/2 teaspoon baking powder"", ""1/2 teaspoon baking soda"", ""1/4 teaspoon fine sea salt"", ""3 large eggs"", ""240 ml sugar"", ""180 ml plain whole milk yogurt"", ""Finely grated zest of 3 lemons""]","[""Put oven rack in center position and heat oven to 325\u00b0F. Lightly oil a 9-inch springform pan."", ""Whisk together flour, baking powder, baking soda, and salt in a medium bowl."", ""With an electric mixer, beat eggs and sugar in a large bowl on high speed for 5 minutes, or until pale and thick. Add yogurt zest; beat to combine. With mixer on medium speed, add oil in a quick steady stream. Reduce speed to low and gradually add flour mixture just until blended. Whisk batter by hand to make sure that all ingredients are incorporated."", ""Pour batter into pan. Bake, rotating pan once, until cake is golden, center springs back to touch, and edges pull away from pan, 40 to 45 minutes. Cool for a minute or two on rack, then release from pan and cool completely before slicing.""]",www.seriouseats.com/recipes/2008/09/lemon-olive-oil-cake-recipe.html,Gathered,"[""baking powder"", ""extra-virgin olive oil"", ""sugar"", ""baking soda"", ""eggs"", ""lemons"", ""milk yogurt"", ""flour"", ""salt""]",www.seriouseats.com
Sandy'S Cheese,"[""240 ml Hellmann's mayonnaise (don't use a salad dressing like Miracle Whip, it isn't rich enough) or 240 ml Best Foods Mayonnaise (don't use a salad dressing like Miracle Whip, it isn't rich enough)"", ""240 ml grated old cheddar cheese"", ""1 onion, peeled and chopped"", ""1 tablespoon butter (not margarine)""]","[""Preheat oven to 350F degrees."", ""In a skillet, melt butter and saute onion until onion is translucent."", ""Add remaining ingredients and mix well."", ""Place in a small baking dish and bake for 20 minutes."", ""Serve warm with an assortment of crackers.""]",www.food.com/recipe/sandys-cheese-15777,Gathered,"[""butter"", ""cheddar cheese"", ""onion"", ""mayonnaise""]",www.food.com
90 Minute Dinner Rolls,"[""470 to 590 ml unsifted flour"", ""1/2 tsp. salt"", ""120 ml milk"", ""2 Tbsp. margarine"", ""2 Tbsp. sugar"", ""1 pkg. dry yeast"", ""60 ml water""]","[""Mix 3/4 cup flour, sugar, salt and undissolved yeast."", ""Heat milk, water and margarine to 120\u00b0 to 130\u00b0."", ""Gradually add to dry ingredients and beat 2 minutes at medium speed."", ""Stir in enough additional flour to make soft dough."", ""Knead dough 2 to 3 minutes. Divide into 12 equal parts."", ""Shape into balls."", ""Place in greased 8-inch round pan."", ""Pour 1 inch boiling water into a large pan on bottom rack of oven."", ""Set rolls on rack above water."", ""Cover and close oven door."", ""Let rise for 30 minutes."", ""Uncover rolls, remove water."", ""Turn oven to 375\u00b0."", ""Bake 20 to 25 minutes or until done.""]",www.cookbooks.com/Recipe-Details.aspx?id=859299,Gathered,"[""sugar"", ""water"", ""flour"", ""margarine"", ""yeast"", ""milk"", ""salt""]",www.cookbooks.com
Graham Pralines,"[""40 graham crackers"", ""2 sticks margarine"", ""120 ml sugar"", ""1 tsp. vanilla"", ""240 ml chopped nuts""]","[""Combine sugar and margarine."", ""Boil for 2 minutes."", ""Add vanilla and nuts."", ""Spread over graham crackers."", ""Bake at 350\u00b0 for 10 minutes."", ""Let cool and break apart.""]",www.cookbooks.com/Recipe-Details.aspx?id=1061062,Gathered,"[""sugar"", ""vanilla"", ""crackers"", ""nuts"", ""margarine""]",www.cookbooks.com
Christmas Fruitcake Cookies,"[""240 ml butter or 240 ml margarine, softened"", ""350 ml granulated sugar"", ""3 eggs, separated"", ""710 ml all-purpose flour, divided"", ""225 g candied cherry, finely chopped"", ""225 g candied pineapple, finely chopped"", ""225 g white raisins"", ""950 ml shelled pecans, finely chopped"", ""1 teaspoon ground cinnamon"", ""1 teaspoon ground nutmeg"", ""1/2 teaspoon salt"", ""1 teaspoon vanilla extract"", ""1 teaspoon baking soda, dissolved in a little water""]","[""Cream butter, add sugar, then beaten egg yolks. Sprinkle some of the flour over the fruit and pecans. Add spices and salt to remaining flour."", ""Combine butter, fruit and flour mixtures. Add vanilla extract and baking soda."", ""Beat egg whites until stiff and fold together butter/flour mixture. Drop scant teaspoonfuls on greased cookie sheet and bake at 350\u00b0F for 10 - 15 minutes. Batter may be prepared several weeks ahead. Freezes well before and after baking.""]",www.food.com/recipe/christmas-fruitcake-cookies-135493,Gathered,"[""all-purpose flour"", ""sugar"", ""candied cherry"", ""vanilla"", ""eggs"", ""ground nutmeg"", ""baking soda"", ""pecans"", ""white raisins"", ""candied pineapple"", ""ground cinnamon"", ""butter"", ""salt""]",www.food.com
Chickpeas And Swiss Chard ,"["" 1 medium onion, diced"", "" 2 garlic cloves, diced"", "" 2-3 tablespoons olive oil"", "" 2 medium tomatoes, cut into 1/4-inch dice (or 1 can diced tomatoes)"", "" 2 cans chick-peas, rinsed and drained"", "" 225-450 g Swiss chard, stems discarded and leaves sliced thinly"", "" 1/2 teaspoon cumin"", "" 1/2 teaspoon ground coriander"", "" 1/2 teaspoon curry powder"", "" 1 tablespoon fresh lemon juice""]","[""1. Sautee onion and garlic in oil in a large nonstick skillet over moderately low heat, stirring, until softened."", ""2. Add tomatoes and chick-peas and cook, stirring, 5 more minutes."", ""3. Add Swiss chard and spices. Cook, covered, until wilted, about 2 minutes."", ""4. Add fresh lemon juice and season with salt and pepper.""]",www.epicurious.com/recipes/member/views/chickpeas-and-swiss-chard-52343401,Gathered,"[""cumin"", ""tomatoes"", ""curry powder"", ""lemon juice"", ""onion"", ""chick-peas"", ""ground coriander"", ""swiss chard"", ""garlic"", ""olive oil""]",www.epicurious.com
Strawberry Rhubarb Coffee Cake,"[""300 ml chilled unsalted butter, plus more"", ""unsalted butter, softened, for pan"", ""60 ml fresh lemon juice (about 2 lemons)"", ""80 ml cornstarch"", ""650 ml sugar"", ""450 g strawberry, hulled and sliced"", ""680 g rhubarb, trimmed and cut into 1 inch pieces"", ""890 ml all-purpose flour"", ""1 teaspoon baking powder"", ""1/2 teaspoon baking soda"", ""1 pinch salt"", ""2 large eggs"", ""350 ml buttermilk"", ""1 teaspoon pure vanilla extract""]","[""Preheat oven to 350 degrees. Brush a 9x12x3 inch baking pan with butter and set aside."", ""Make fruit sauce: Combine lemon juice, cornstarch, and 1 cup sugar in a medium saucepan. Add strawberries and rhubarb, cook stirring frequently, over medium heat, until liquid has thickened, 15 to 20 minutes. Transfer to a medium bowl and allow to cool."", ""Make the crumb topping: Combine 3/4 cup sugar and 3/4 cup flour in a medium bowl. Melt 1/4 cup butter in a small saucepan over low heat. Drizzle butter over flour mixture, using your hands, mix until crumbly. Set aside."", ""Make the cake batter: Whisk together remaining 3 cups flour and 1 cup sugar, baking powder, baking soda, and salt in a large bowl. Using a pastry knife or two forks, cut butter into flour mixture until it resembles coarse meal. In a separate bowl, mix eggs, buttermilk, and vanilla. Pour into flour mixture; stir to combine."", ""Spread half the cake batter evenly into the prepared pan. Top with half the fruit sauce. Carefully spread the remaining batter over the fruit, and top with the remaining fruit sauce. Sprinkle with the crumb topping."", ""Bake until cake is golden brown and springs back when touched in the center about 1 hour. Transfer pan to a wire rack to cool slightly. Serve warm or at room temperature, cut into squares.""]",www.food.com/recipe/strawberry-rhubarb-coffee-cake-317050,Gathered,"[""buttermilk"", ""sugar"", ""baking powder"", ""salt"", ""lemon juice"", ""strawberry"", ""vanilla"", ""baking soda"", ""eggs"", ""all-purpose"", ""cornstarch"", ""rhubarb"", ""butter"", ""unsalted butter""]",www.food.com
Crabmeat Spread,"[""1.35 kg Philadelphia cream cheese"", ""340 g chopped onion"", ""240 ml Miracle Whip"", ""450 g I Can't Believe It's Not Butter"", ""1.15 kg Sea Legs Select (imitation crabmeat)""]","[""Mix together real good."", ""Make into balls."", ""Great on crackers.""]",www.cookbooks.com/Recipe-Details.aspx?id=387286,Gathered,"[""miracle"", ""onion"", ""philadelphia cream cheese"", ""i"", ""select""]",www.cookbooks.com
Lemon Dessert,"[""1 box angel food cake mix (one step method)"", ""2 (600 g) cans lemon pie filling""]","[""Mix together cake mix and 1 can pie filling."", ""Pour into a greased 9 x 13-inch pan."", ""Bake at 350\u00b0 for 40 minutes."", ""Cool completely."", ""Top with 1 can lemon pie filling."", ""Top with Cool Whip a few hours before serving.""]",www.cookbooks.com/Recipe-Details.aspx?id=262132,Gathered,"[""angel food cake mix"", ""lemon pie filling""]",www.cookbooks.com
Buffalo Chicken Dip,"[""4 boneless skinless chicken breasts"", ""450 g cream cheese"", ""1 (340 g) bottle bleu cheese salad dressing"", ""8.05 l hot sauce"", ""450 g shredded sharp cheddar cheese""]","[""Boil chicken breasts, about 15 minutes."", ""Pat dry chicken and shred with fork."", ""Place shredded chicken in 9x13 pyrex dish."", ""Pour 1/2 cup hot sauce over chicken."", ""Slice cream cheese about 1/4 inch thick, layer slices over chicken sauce mixture."", ""Pour on bleu cheese dressing."", ""Pour on remainder of hot sauce."", ""Sprinkle Cheddar Cheese evenly on top."", ""Bake at 350 degrees for 30 minutes or until cheddar cheese is melted and has starting browning."", ""Serve hot with chips."", ""Enjoy!""]",www.food.com/recipe/buffalo-chicken-dip-199228,Recipes1M,"[""chicken breasts"", ""cheddar cheese"", ""cream cheese"", ""bleu cheese salad dressing"", ""hot sauce""]",www.food.com
Turkry Burgers ,"[""680 g Ground Turkey"", ""240 ml Red Onion(diced)"", ""120 ml Dried Bleu Cheese(crumbled)"", ""4 Tbls Greek Olives(chopped)"", ""2 tsp Olive Oil"", ""3/4 tsp Fresh Rosemary"", ""3/4 tsp Kosher Salt"", ""3/4 tsp Black Pepper""]","[""Combine all ingredients,patty,and barbeque or pan fry.""]",www.epicurious.com/recipes/member/views/turkry-burgers-51229011,Gathered,"[""black pepper"", ""rosemary"", ""ground turkey"", ""red"", ""olive oil"", ""salt""]",www.epicurious.com
Creamy Lemon Pie,"[""1 (8 or 9-inch) graham cracker crumb crust"", ""3 egg yolks"", ""1 (400 g) can Eagle Brand sweetened milk"", ""120 ml lemon juice from concentrate"", ""few drops yellow food coloring (optional)"", ""whipped topping or whipped cream""]","[""In medium bowl, beat egg yolks; stir in milk, lemon juice and food coloring."", ""Pour into crust."", ""Chill 3 hours."", ""Top with whipped topping."", ""Refrigerate leftovers.""]",www.cookbooks.com/Recipe-Details.aspx?id=923223,Gathered,"[""milk"", ""lemon juice from concentrate"", ""graham cracker crumb crust"", ""coloring"", ""cream"", ""egg yolks""]",www.cookbooks.com
Pork Larb Lettuce Wrap ,"[""veg oil 1 T"", ""4 thin slice garlic cloves"", ""1t sugar"", ""225 g gr pork"", ""1t fish sauce"", ""1T rice powder"", ""dipping sauce: 2 T fresh lime juice, 2T fish sauce, 1T sugar, 2 thinly sliced Thai chiles, 1 T water""]","[""cook garlic in veg oil, add sugar for 20 sec, then add pork and cook 3 min, add fish sauce and season with salt and pepper.""]",www.epicurious.com/recipes/member/views/pork-larb-lettuce-wrap-52352221,Gathered,"[""oil"", ""sugar"", ""rice powder"", ""dipping sauce"", ""pork"", ""fish sauce"", ""thin slice garlic""]",www.epicurious.com
Gingerbread Apple Cake,"[""2 whole Tart Apples, Peeled, Cored, Chopped"", ""1 Tablespoon Lemon Juice"", ""160 ml Butter"", ""180 ml Packed Brown Sugar"", ""2 Tablespoons Molasses"", ""470 ml All-purpose Flour"", ""1 teaspoon Baking Powder"", ""2 teaspoons Baking Soda"", ""2 teaspoons Ground Ginger"", ""2 teaspoons Ground Cinnamon"", ""1/2 teaspoons Salt"", ""160 ml Milk"", ""1 whole Egg, Lightly Beaten""]","[""1. Preheat oven to 325*F. Grease a nine inch square cake pan and line with parchment."", ""2. Coat the chopped apples with the lemon juice"", ""3. Melt the butter, sugar, and molasses in a saucepan over low heat, stir until mixed together then let cool."", ""4. Sift the flour, baking powder, baking soda, ginger, cinnamon, and salt into a bowl. Stir in the milk, beaten egg and cooled sugar/butter mixture, followed by the chopped apples."", ""5. Mix everything together gently then pour into pan and smooth the surface."", ""6. Bake for 30-35 minutes until a skewer inserted into the center of the cake comes out clean. Cool and cut into 12 bars""]",tastykitchen.com/recipes/desserts/gingerbread-apple-cake/,Gathered,"[""egg"", ""baking powder"", ""milk"", ""lemon juice"", ""brown sugar"", ""molasses"", ""baking soda"", ""all-purpose"", ""apples"", ""ground ginger"", ""ground cinnamon"", ""butter"", ""salt""]",tastykitchen.com
Pork Tenderloin With Sauce,"[""pork tenderloin"", ""3 cloves garlic"", ""1 Tbsp. rosemary"", ""pepper"", ""seasoned salt"", ""dry white wine"", ""1 carrot, cut in tiny pieces"", ""1/2 onion, finely chopped"", ""1 large garlic, minced"", ""4 whole cloves"", ""few chopped celery leaves"", ""few chopped parsley sprigs"", ""3 bay leaves"", ""1 (300 g) can chicken consomme (undiluted)""]","[""Trim excess fat from pork."", ""Cut 3 cloves garlic into slivers. Moisten with water and roll in the crushed rosemary."", ""Cut small slashes on both sides of pork; insert garlic into holes."", ""Sprinkle meat generously with pepper and seasoned salt."", ""Wrap tightly in foil and refrigerate.""]",www.cookbooks.com/Recipe-Details.aspx?id=1061887,Gathered,"[""pepper"", ""cloves"", ""onion"", ""rosemary"", ""celery"", ""parsley sprigs"", ""bay leaves"", ""white wine"", ""carrot"", ""garlic"", ""pork tenderloin"", ""chicken"", ""salt""]",www.cookbooks.com
Tangy Bean Salad ,"[""1 280 g can of each: Black beans, green peas, red kidney beans, corn."", ""2 tomatoes, 2 scallions, 2 tablespoons lemon juice, a pinch of salt, a quarter teaspoon of black pepper powder, 3 tablespoons chopped cilantro.""]","[""Wash the black beans, kidney beans, corn, and peas out of the can."", ""Put in a mixing bowl."", ""Chop tomatoes (medium size cubes) and add to the mixing bowl."", ""Fine chop the scallions and add that."", ""Add the lemon juice, salt and black pepper and mix gently."", ""Garnish with the fine chopped cilantro.""]",www.epicurious.com/recipes/member/views/tangy-bean-salad-1206637,Gathered,"[""black beans"", ""tomatoes""]",www.epicurious.com
Spinach Balls,"[""1 pkg. frozen, chopped spinach"", ""240 ml Pepperidge Farm \""dry\"" stuffing mix"", ""1/2 onion, chopped fine"", ""90 ml margarine or butter"", ""60 ml Parmesan cheese"", ""3 eggs, beaten"", ""1/2 tsp. garlic salt"", ""1/4 tsp. thyme"", ""1/2 tsp. black pepper""]","[""Thaw and drain spinach, pat dry with paper towel."", ""Mix in bowl with remaining ingredients."", ""Refrigerate for 1 hour."", ""Form into bite size balls and freeze or refrigerate until ready to use. Bake at 350\u00b0 on cookie sheet for 20 minutes.""]",www.cookbooks.com/Recipe-Details.aspx?id=948015,Gathered,"[""stuffing mix"", ""frozen"", ""black pepper"", ""garlic salt"", ""eggs"", ""parmesan cheese"", ""onion"", ""thyme"", ""margarine""]",www.cookbooks.com
Grilled Sausage And Peppers Hoagie,"[""8 Italian sausages"", ""2 red bell peppers, discard seeds and slice into 3/4 inch strips"", ""4 yellow onions, medium sized, sliced into circular strips"", ""2 -3 tablespoons extra virgin olive oil"", ""1 tablespoon oregano"", ""2 tablespoons parsley"", ""salt and black pepper"", ""Italian bread or sourdough roll, enough to make 4 sandwiches""]","[""Grill sausages on barbecue until well browned."", ""Place sliced peppers and onions into a saucepan over medium heat, top with oregano and parsley, sprinkle with salt and black pepper and then drizzle with your olive oil."", ""Be sure to stir this mixture every few minutes and continue to cook on medium until the peppers and onions and soft but not mushy. (Approximately 20 minutes)."", ""Slice your fresh Italian bread in half lengthwise and place 2 sausages into the fold. Top with enough sausage and peppers to fill. Go ahead and make them messy, they're more fun that way!""]",www.food.com/recipe/grilled-sausage-and-peppers-hoagie-141458,Gathered,"[""oregano"", ""italian sausages"", ""extra virgin olive oil"", ""red bell peppers"", ""parsley"", ""italian bread"", ""yellow onions"", ""salt""]",www.food.com
Layered Caviar Mold,"[""2 envelopes unflavored gelatin"", ""2 (300 g) cans chicken broth, undiluted and divided"", ""1 (55 g) jar red caviar, rinsed"", ""2 hard-cooked eggs, chopped"", ""1 (100 g) jar black caviar, rinsed"", ""Lettuce leaves (optional)""]","[""Soften gelatin in 1/4 cup broth; set aside. Place remaining broth in a medium saucepan; bring to a boil. Remove from heat, and add softened gelatin mixture. Cool. Chill until mixture reaches the consistency of unbeaten egg whites. Divide broth mixture into thirds."", ""Fold red caviar gently into one third, and spoon into a lightly oiled 4-cup mold. Gently fold chopped eggs into one third, and lightly spoon over red caviar mixture. Repeat procedure with black caviar and remaining broth mixture; spoon into mold. Chill until firm."", ""Unmold onto lettuce-lined platter, if desired, and serve with assorted crackers.""]",www.myrecipes.com/recipe/layered-caviar-mold,Gathered,"[""unflavored gelatin"", ""eggs"", ""red caviar"", ""chicken broth"", ""black caviar""]",www.myrecipes.com
Orange Pineapple Salad,"[""1 can crushed pineapple, drained"", ""1 large carton cottage cheese"", ""2 boxes orange jello"", ""2 cans mandarin oranges, drained and cut in small pieces"", ""1 large Cool Whip""]","[""Mix pineapple and oranges well."", ""Add cottage cheese and stir. Pour dry jello over mixture."", ""Stir well."", ""Add"", ""Cool Whip, mix well."", ""Use large mixing bowl and refrigerate."", ""This is a very good salad and so easy to make.""]",www.cookbooks.com/Recipe-Details.aspx?id=821139,Gathered,"[""orange jello"", ""mandarin oranges"", ""pineapple"", ""cottage cheese""]",www.cookbooks.com
Tabuli Salad,"[""1 cucumber"", ""350 ml tabuli"", ""3 ripe tomatoes"", ""120 ml lemon juice"", ""5 green onions"", ""1 green bell pepper"", ""120 ml oil"", ""1 tsp. salt""]","[""Soak tabuli (bulgur wheat) in oil and lemon juice while cutting up the vegetables."", ""Mix all remaining ingredients together with the wheat mixture."", ""Cover and let stand in refrigerator for 2 hours or overnight."", ""It gets better as time goes on.""]",www.cookbooks.com/Recipe-Details.aspx?id=645865,Gathered,"[""oil"", ""tabuli"", ""tomatoes"", ""green bell pepper"", ""lemon juice"", ""green onions"", ""cucumber"", ""salt""]",www.cookbooks.com
Blackberry Or Strawberry Cobbler,"[""240 ml self-rising flour"", ""240 ml sugar"", ""240 ml milk"", ""1 stick margarine"", ""950 ml blackberries or strawberries""]","[""Melt margarine in 2-quart baking dish."", ""Mix flour, sugar and milk."", ""Beat until well mixed, then pour over melted butter."", ""Do not stir."", ""Pour berries over mixture."", ""Do not stir."", ""Bake in a preheated 350\u00b0 oven until crust rises to the top and browns.""]",www.cookbooks.com/Recipe-Details.aspx?id=843656,Gathered,"[""sugar"", ""flour"", ""blackberries"", ""margarine"", ""milk""]",www.cookbooks.com
Party Punch,"[""1 large can pineapple juice"", ""1 large can water"", ""2 envelopes unsweetened Kool-Aid"", ""240 ml sugar"", ""2 bananas""]","[""Mix together juice, water, Kool-Aid and sugar."", ""Blend bananas and 1 cup of juice mixtures."", ""Mix all together."", ""Freeze 6 to 7 hours.""]",www.cookbooks.com/Recipe-Details.aspx?id=716054,Gathered,"[""pineapple juice"", ""bananas"", ""sugar"", ""water""]",www.cookbooks.com
Strawberry Cake,"[""1 box Duncan Hines cake mix"", ""3 Tbsp. plain flour"", ""1 (85 g) pkg. strawberry Jell-O"", ""120 ml hot water"", ""180 ml Mazola oil"", ""180 ml mashed strawberries"", ""4 eggs""]","[""In large bowl mix dry ingredients."", ""In a saucepan dissolve Jell-O in hot water."", ""When dissolved, pour into dry mixture; add remaining ingredients, stirring well."", ""Pour into 3 (9-inch) pans. Bake at 350\u00b0 for 30 minutes.""]",www.cookbooks.com/Recipe-Details.aspx?id=569387,Gathered,"[""oil"", ""hot water"", ""cake mix"", ""eggs"", ""strawberry jell-o"", ""mashed strawberries"", ""flour""]",www.cookbooks.com
Healthy Asian-Style Cabbage Salad,"[""590 ml cabbage, shredded"", ""1 medium carrot, chopped"", ""240 ml fresh spinach, torn into bite-size pieces"", ""2 tablespoons fresh parsley, chopped if desired"", ""2 tablespoons rice wine vinegar"", ""2 tablespoons white wine vinegar"", ""1 tablespoon light soy sauce"", ""1 tablespoon sesame oil"", ""1 teaspoon sugar"", ""1 teaspoon fresh gingerroot, peeled and finely chopped"", ""1 dash salt"", ""1 dash pepper"", ""1 tablespoon sesame seeds, toasted""]","[""Toss cabbage, carrot, spinach and parsley in large bowl. Mix or shake vinegars, soy sauce, sesame oil, sugar and gingerroot. Pour dressing over cabbage mixture; toss. Refrigerate 30 minutes."", ""To serve, stir in salt and pepper; sprinkle with sesame seed."", ""To toast sesame seed, bake uncovered in ungreased shallow pan in 350\u00b0 oven 8 to 10 minutes, stirring occasionally, until golden brown.""]",www.food.com/recipe/healthy-asian-style-cabbage-salad-227676,Gathered,"[""cabbage"", ""sugar"", ""pepper"", ""fresh parsley"", ""fresh spinach"", ""soy sauce"", ""sesame seeds"", ""sesame oil"", ""fresh gingerroot"", ""rice wine vinegar"", ""carrot"", ""white wine vinegar"", ""salt""]",www.food.com
Breakfast Lasagna,"[""450 g lasagna noodle"", ""8 eggs"", ""240 ml mozzarella cheese"", ""240 ml cheddar cheese"", ""240 ml ricotta cheese"", ""Sauce"", ""3 tablespoons butter"", ""3 tablespoons flour"", ""470 ml milk"", ""450 g breakfast sausage"", ""1 onion"", ""400 g tomatoes, diced""]","[""Make the sauce: Brown the sausage and remove from pan. In the same pan cook the onions to lightly brown. Add in the butter and flour and stir well, cooking for about 2 minutes. Whisk in the milk and bring to a simmer. Remove from heat and add the sausage back inches Strain the diced tomatoes and stir in the sauce."", ""Cook the noodles in a pot of boiling water until tender."", ""In a small bowl, crack and whisk two eggs. Prepare a frying pan to cook the eggs that is the same size as your round baking dishes."", ""In the baking dish, start with a thin layer of sauce, followed by the first layer of noodles, then some more sauce and all three cheeses. Cook the first egg round for only a few minutes without flipping until it has just barely set on top. Transfer the egg to the top of the noodles then repeat with another layer of everything."", ""Top with a final layer of pasta and a little more cheese and and sauce and bake at 400 for about 15 minutes."", ""If you want to save this in the fridge or freezer to make ahead for later, boil the pasta a little less and bake a little longer before serving.""]",www.food.com/recipe/breakfast-lasagna-495119,Gathered,"[""ricotta cheese"", ""tomatoes"", ""eggs"", ""mozzarella cheese"", ""cheddar cheese"", ""onion"", ""sauce"", ""flour"", ""milk"", ""lasagna noodle"", ""sausage"", ""butter""]",www.food.com
Peanut Butter Balls,"[""240 ml peanut butter"", ""4 Tbsp. honey or syrup"", ""240 ml powdered sugar"", ""2 Tbsp. brown sugar (optional)"", ""470 ml cornflakes or Rice Krispies"", ""240 ml crushed cornflakes or Rice Krispies"", ""chocolate chips"", ""coconut"", ""cinnamon"", ""nuts""]","[""Mix peanut butter, honey (or syrup) and brown sugar in a bowl. Stir in milk and cereal."", ""Roll mixture into small balls."", ""Roll balls in crushed cereal.""]",www.cookbooks.com/Recipe-Details.aspx?id=389078,Gathered,"[""krispies"", ""brown sugar"", ""powdered sugar"", ""peanut butter"", ""cinnamon"", ""nuts"", ""cornflakes"", ""coconut"", ""chocolate chips"", ""honey""]",www.cookbooks.com
Dairy-Free Spelt German Pancake,"[""2 tablespoons coconut oil"", ""7 eggs"", ""300 ml unsweetened coconut milk"", ""240 ml spelt flour"", ""1/2 teaspoon Himalayan pink salt""]","[""Preheat oven to 375 degrees F (190 degrees C). Put coconut oil into a 9x13-inch baking dish."", ""Place baking dish in the preheated oven to melt coconut oil, about 3 minutes."", ""Whisk eggs and coconut milk together in a large bowl. Whisk in spelt flour and salt to make a smooth batter. Pour batter into the hot baking dish."", ""Bake in the preheated oven until puffed and golden, rotating the baking dish once halfway through, about 18 minutes.""]",www.allrecipes.com/recipe/245508/dairy-free-spelt-german-pancake/,Gathered,"[""unsweetened coconut milk"", ""eggs"", ""flour"", ""coconut oil"", ""salt""]",www.allrecipes.com
Homemade Candied Orange Peel Bread,"[""225 g, 25 g, weight Plain Flour"", ""7 g, weight Yeast"", ""28 g, weight Sugar"", ""1/2 teaspoons Salt To Taste"", ""7 tablespoons, 1 teaspoon, 5-1/8 pinches Warm Water"", ""1 whole Egg, Beaten, Divided In Half"", ""28 g, weight Butter, Softened"", ""3 Tablespoons Butter, Melted, For Brush"", ""85-18 g, weight Candied Orange Peel""]","[""In a mixing bowl combine flour, yeast, sugar, and salt. Mix 1 minute. Next add water and half of the beaten egg. Mix. Add butter and mix until combined. Knead by hand until smooth and elastic, about 10 minutes."", ""Cover the dough and let rise in a warm place for about 30 minutes. After that, punch the dough down and make 6 round balls and allow them to rise for 10 minutes ."", ""Now take out each ball and roll the dough out into an oval shape using a rolling pin (dough thickness should be about 1/4 inch)."", ""Next use a sharp knife or dough scraper to make 5 slits in the dough rounds. Do not cut all the way through to the edges - cut from the center of the disk both ways out toward the edge of the disk but not all the way to the edge. Now brush the surface of the dough with melted butter."", ""After that cut the candied orange peels into small pieces. Sprinkle some candied orange peel on the top of the dough. I used homemade candied orange peel - there are several recipes here on TastyKitchen - or you can purchase it. Roll the dough up into a log. Thin out both ends of the log. After that coil the log up into a snail shape and tuck the end under to to seal it."", ""Place on a greased baking tray and allow to rise for 10 minutes. Next brush the remaining beaten egg over the top of the bread."", ""Bake at 200 C for 20 minutes or until golden brown."", ""Enjoy""]",tastykitchen.com/recipes/breads/homemade-candied-orange-peel-bread/,Gathered,"[""egg"", ""\u00bc"", ""weight butter"", ""water"", ""flour"", ""weight sugar"", ""butter"", ""salt""]",tastykitchen.com
Blue Cheese Potato Salad,"[""2.25 kg new potatoes"", ""120 ml dry white wine"", ""salt & freshly ground black pepper"", ""300 ml mayonnaise"", ""300 ml sour cream"", ""2 1/2 tablespoons Dijon mustard"", ""2 1/2 tablespoons cider vinegar"", ""225 g crumbled blue cheese"", ""6 green onions, chopped"", ""350 ml chopped celery""]","[""Boil or steam potatoes until tender, peel and cut into 1 inch cubes."", ""In a large bowl toss the still warm potatoes with wine, salt and pepper."", ""Combine remaining ingredients and mix with potatoes.""]",www.food.com/recipe/blue-cheese-potato-salad-33375,Gathered,"[""potatoes"", ""blue cheese"", ""sour cream"", ""green onions"", ""celery"", ""mayonnaise"", ""white wine"", ""cider vinegar"", ""mustard"", ""salt""]",www.food.com
Creme Brulee - by Stacey and Jo,"[""240 ml heavy cream"", ""240 ml milk"", ""14 vanilla bean, split"", ""1 whole egg"", ""3 egg yolks"", ""3.3 l sugar"", ""2 tablespoons sugar""]","[""In a heavy saucepan, combine the cream, milk and vanilla."", ""Heat to boil."", ""Remove from heat, steep 10 minutes."", ""After 10 minutes scrape vanilla bean seeds into milk mixture."", ""With electric mixer, combine eggs and sugar."", ""Add milk mixture in a steady stream."", ""Strain and skim foam."", ""Pour into ramekins set in a baking dish with hot water around ramekins."", ""Bake 325 degrees F fo 25-30 minutes."", ""Sprinkle tops with sugar and use a small torch to brown the sugar, this could be done in broiler.""]",www.food.com/recipe/creme-brulee-by-stacey-and-jo-393843,Recipes1M,"[""egg"", ""vanilla bean"", ""sugar"", ""heavy cream"", ""milk"", ""egg yolks""]",www.food.com
Gluten-Free Chocolate Cake ,"[""1 T instant coffee granules"", ""120 ml warm water"", ""180 ml buttermilk"", ""2 eggs"", ""2 T canola oil"", ""2 t vanilla"", ""180 ml sugar"", ""180 ml brown sugar"", ""180 ml almond flour"", ""180 ml sweet white sorghum flour"", ""180 ml unsweetened cocoa"", ""80 ml quinoa flour"", ""2 T cornstarch"", ""2 t baking soda"", ""1 t baking powder"", ""1/2 t salt""]","[""lightly grease two 8-inch round cake pans. Line bottoms with a round parchment paper , set aside."", """", ""In a bowl dissolve coffee granules in warm water stirring until completely dissolved. Whisk in buttermilk, eggs, oil and vanilla"", """", ""In a seperate bowl, whisk together both sugars, almond flour, sorghum flour, cocoa powder, quinoa flour, cornstarch, baking soda, baking powder and salt. Put wet ingredients over dry; whisk together gently until a smooth batter is formed."", """", ""Divide batter evenly between prepared pans. Bake in centre of preheated 350 F over for 35 to 40 minutes or until the cake begins to pull away from the sides of the pan and a cake tester inserted in the centre comes out clean. Remove pans to wire rack to coat completely (cake my slightly dip in the centre)""]",www.epicurious.com/recipes/member/views/gluten-free-chocolate-cake-52472491,Gathered,"[""buttermilk"", ""sugar"", ""vanilla"", ""unsweetened cocoa"", ""quinoa flour"", ""baking powder"", ""eggs"", ""brown sugar"", ""t"", ""canola oil"", ""baking soda"", ""water"", ""sweet white sorghum flour"", ""almond flour"", ""salt""]",www.epicurious.com
Oatmeal Lace Cookies,"[""1 egg, beaten"", ""240 ml sugar"", ""120 ml melted butter"", ""3 Tbsp. flour"", ""240 ml uncooked oatmeal"", ""1/4 tsp. baking powder"", ""1/2 tsp. salt"", ""1/2 tsp. vanilla extract""]","[""Mix all ingredients together."", ""Bake on cookie sheet covered with aluminum foil (bright side up)."", ""Drop by scant 1/2 teaspoonfuls on foil, spacing approximately 4 inches apart."", ""Bake at 350\u00b0 for 10 minutes (time may vary from oven to oven)."", ""Slide foil off sheet and let cool 5 minutes."", ""Lift cookies from foil by curling foil from bottom."", ""Makes 4 to 5 dozen.""]",www.cookbooks.com/Recipe-Details.aspx?id=452911,Gathered,"[""egg"", ""sugar"", ""baking powder"", ""vanilla extract"", ""flour"", ""oatmeal"", ""butter"", ""salt""]",www.cookbooks.com
Baked Hush Puppies,"[""240 ml yellow cornmeal"", ""240 ml all-purpose flour"", ""1 tablespoon baking powder"", ""1 teaspoon sugar"", ""1 teaspoon salt"", ""1/8 teaspoon ground red pepper"", ""2 large eggs, lightly beaten"", ""180 ml fat-free milk"", ""60 ml vegetable oil"", ""120 ml finely chopped onion"", ""Cooking spray""]","[""Preheat oven to 425\u00b0."", ""Combine first 6 ingredients in a large bowl; make a well in center of mixture. Set aside. Combine eggs and next 3 ingredients, stirring well; add to dry mixture, stirring just until dry ingredients are moistened."", ""Coat miniature (1 3/4-inch) muffin pans with cooking spray. Spoon about 1 tablespoon batter into each muffin cup (cups will be about three-fourths full). Bake at 425\u00b0 for 15 minutes or until done. Remove from pans immediately.""]",www.myrecipes.com/recipe/baked-hush-puppies-0,Gathered,"[""ground red pepper"", ""baking powder"", ""sugar"", ""eggs"", ""yellow cornmeal"", ""onion"", ""cooking spray"", ""flour"", ""milk"", ""vegetable oil"", ""salt""]",www.myrecipes.com
Blueberry Banana Oatmeal Pancakes,"[""120 ml pancake mix complete"", ""120 ml old fashioned oats"", ""120 ml greek yogurt 0% fat"", ""120 ml milk"", ""240 ml frozen blueberries thawed"", ""1 banana"", ""2 tablespoons maple syrup or honey, optional""]","[""Preheat skillet on medium heat"", ""Put pancake mix and oatmeal in a medium sized bowl, mix well"", ""Add milk and yogurt to the mixture, being sure to stir well"", ""Add thawed blueberries to the mixture, being sure to evenly distribute them"", ""Spray skillet with nonstick cooking spray, such as Pam"", ""Pour batter into skillet, making the size of the pancake roughly 5-6 inches in diameter"", ""Let pancake cook for roughly 2-3 minutes until the formation of bubbles appear on top, flip pancake over and let cool 2-3 more minutes until each side is golden-brown"", ""Use remaining batter to repeat steps 6 and 7"", ""Serve by topping pancakes with banana slices and optional maple syrup or honey"", ""Enjoy""]",www.yummly.com/recipe/Blueberry-Banana-Oatmeal-Pancakes-1465930,Gathered,"[""greek yogurt"", ""oats"", ""pancake mix complete"", ""maple syrup"", ""milk"", ""banana""]",www.yummly.com
Collard Greens,"[""bundle of collards"", ""ham hocks"", ""1 1/2 tsp. salt""]","[""Wash collards thoroughly."", ""Tear in small pieces."", ""Pour 3 or 4 cups of water over collards."", ""Put into large pot in which ham hocks have been cooking for about 30 minutes."", ""Cook about 1 to 1 1/2 hours.""]",www.cookbooks.com/Recipe-Details.aspx?id=855298,Gathered,"[""collards"", ""ham hocks"", ""salt""]",www.cookbooks.com
Peppermint Patty Frappes,"[""470 ml vanilla ice cream"", ""240 ml milk"", ""chocolate-covered peppermint pattie, chopped (9 each miniature or 3 each 40 g)"", ""garnish with crushed peppermint candy (optional)""]","[""Process ice cream, milk, and chopped peppermint patties in a blender until smooth.""]",www.food.com/recipe/peppermint-patty-frapp-s-449301,Recipes1M,"[""chocolate-covered peppermint pattie"", ""vanilla ice cream"", ""peppermint"", ""milk""]",www.food.com
Payday Bars,"[""1 yellow cake mix"", ""1 egg"", ""80 ml margarine"", ""710 ml miniature marshmallows"", ""160 ml corn syrup"", ""60 ml margarine"", ""340 g peanut butter chips"", ""2 tsp. vanilla"", ""470 ml Rice Krispies"", ""470 ml salted peanuts""]","[""Mix cake mix, 1/3 cup margarine and egg. Bake in ungreased 9 x 13-inch pan for 12 to 18 minutes at 350\u00b0.""]",www.cookbooks.com/Recipe-Details.aspx?id=716970,Gathered,"[""egg"", ""vanilla"", ""marshmallows"", ""corn syrup"", ""peanut butter"", ""margarine"", ""rice krispies"", ""peanuts"", ""yellow cake""]",www.cookbooks.com
Fruit Dip,"[""240 ml brown sugar"", ""1 (225 g) pkg. cream cheese"", ""1 tsp. vanilla""]","[""Mix together and enjoy!""]",www.cookbooks.com/Recipe-Details.aspx?id=567724,Gathered,"[""brown sugar"", ""vanilla"", ""cream cheese""]",www.cookbooks.com
No-Bake Minty Oreo Blossoms,"[""710 ml Oreo cookie crumbs (about 340 g)"", ""170 g cream cheese, softened"", ""340 g chocolate mint candy coating"", ""4 teaspoons shortening"", ""15 striped peppermint kisses"", ""Red and white nonpareils, optional""]","[""In a large bowl, beat cookie crumbs and cream cheese until blended. Shape dough into 1-1/2-in. balls; place 2 in. apart on a waxed paper-lined"", "". Flatten to 1/2-in. thickness with bottom of a glass. Freeze 30 minutes or until firm."", ""In a microwave, melt candy coating and shortening; stir until smooth. Working with one at a time, dip cookies in chocolate coating mixture; allow excess to drip off. Place on a waxed paper-lined"", "". Immediately press a kiss in center. If desired, immediately sprinkle with nonpareils. Store between layers of waxed paper in an airtight container in the refrigerator.""]",www.tasteofhome.com/recipes/no-bake-minty-oreo-blossoms/,Gathered,"[""shortening"", ""chocolate mint"", ""peppermint kisses"", ""cream cheese"", ""cookie crumbs"", ""red""]",www.tasteofhome.com
Summer Sorbet Trio,"[""240 ml sugar"", ""120 ml warm water"", ""1.35 kg cubed honeydew melon, cantaloupe, or sliced strawberries, chilled"", ""1 1/2 tablespoons fresh lime juice"", ""1/4 teaspoon salt""]","[""Combine sugar and water, stirring until sugar dissolves."", ""Puree sugar mixture and remaining ingredients, in 2 batches, in a blender until smooth."", ""Press fruit mixture through a fine sieve into a large bowl using a spatula or the back of a wooden spoon."", ""Pour mixture into freezer container of an ice cream maker; freeze according to manufacturer's instructions (about 30 minutes). Transfer to an airtight container, and freeze at least 3 hours or up to 1 week. Let stand in the refrigerator 30 minutes before serving.""]",www.myrecipes.com/recipe/summer-sorbet-trio,Gathered,"[""sugar"", ""honeydew melon"", ""water"", ""lime juice"", ""salt""]",www.myrecipes.com
Spicy Slow Cooker Black Bean Soup,"[""450 g dry black beans, soaked overnight"", ""4 teaspoons diced jalapeno peppers"", ""1.4 l chicken broth"", ""1/2 teaspoon garlic powder"", ""1 tablespoon chili powder"", ""1 teaspoon ground cumin"", ""1 teaspoon cayenne pepper"", ""3/4 teaspoon ground black pepper"", ""1/2 teaspoon hot pepper sauce""]","[""Drain black beans, and rinse."", ""Combine beans, jalapenos, and chicken broth in a slow cooker. Season with garlic powder, chili powder, cumin, cayenne, pepper, and hot pepper sauce."", ""Cook on High for 4 hours. Reduce heat to Low, and continue cooking for 2 hours, or until you are ready to eat.""]",www.allrecipes.com/recipe/13006/spicy-slow-cooker-black-bean-soup/,Gathered,"[""black beans"", ""ground cumin"", ""cayenne pepper"", ""chili powder"", ""chicken broth"", ""ground black pepper"", ""jalapeno peppers"", ""garlic"", ""hot pepper""]",www.allrecipes.com
Smothered Chili Verde Burritos,"[""450 g cubed pork tenderloin (or chicken)"", ""2 seeded and chopped jalapenos"", ""1 diced green bell pepper"", ""2 diced small tomatillos"", ""240 ml chopped onion"", ""470 ml chicken stock"", ""2 tablespoons cornstarch"", ""salt"", ""pepper"", ""1 (450 g) can refried beans (I like Rosarita)"", ""710 ml cheddar cheese"", ""8 flour tortillas (or wheat tortillas for all of you health cautious people)""]","[""Heat oil in large skillet."", ""Add diced onions and saute until onions are translucent."", ""Add cubed meat salt and pepper to taste and cook until done."", ""Add chopped jalapenos, diced green bell pepper, and tomatillos. Saute for 4 minutes."", ""Add chicken stock. Combine corn starch with one cup water and stir into mixture. Simmer up to 30 minutes or until it starts to thicken."", ""Separate half of mixture in a separate bowl and set a side. Combine beans to mixture still in skillet and heat through."", ""Warm tortillas."", ""Add mixture plus a large pinch of cheese to the inside of each tortilla. Roll tortillas and place in large Pyrex pan."", ""When all tortillas are filled cover with mixture that was set aside and then with the remaining cheese."", ""Heat in a 350 degree oven until cheese is melted.""]",www.food.com/recipe/smothered-chili-verde-burritos-386592,Gathered,"[""green bell pepper"", ""pepper"", ""flour tortillas"", ""cheddar cheese"", ""onion"", ""cornstarch"", ""beans"", ""chicken stock"", ""tomatillos"", ""pork tenderloin"", ""jalapenos"", ""salt""]",www.food.com
Pickled Perch,"[""10 medium or large perch"", ""1 tsp. salt"", ""120 ml water"", ""240 ml white vinegar"", ""1 1/2 Tbsp. pickling spice"", ""1 medium sliced onion""]","[""Fillet perch into 2 to 3 pieces."", ""Put fish in a colander and steam for 10 minutes over boiling water."", ""Bring remaining ingredients to a boil (pickling solution)."", ""Pour over fish."", ""Place in jars and set to cool overnight."", ""The longer the fish remain in the pickling solution, the better they taste.""]",www.cookbooks.com/Recipe-Details.aspx?id=727991,Gathered,"[""salt"", ""onion"", ""white vinegar"", ""water"", ""perch"", ""pickling spice""]",www.cookbooks.com
Dale'S Famous Liver And Bacon Dinner,"[""450 g bacon"", ""2 small cans mushrooms"", ""2 medium green peppers"", ""1 large onion"", ""liver"", ""salt and pepper to taste"", ""120 ml grated Mozzarella cheese""]","[""Cook bacon in skillet."", ""Remove bacon."", ""Dice peppers and onion. Fry mushrooms, diced onion and diced peppers in bacon grease. Remove all ingredients and save remaining grease."", ""Flour liver; season with salt and pepper and fry in bacon grease."", ""When done, turn to low heat."", ""Spread bacon, crumbled or whole, on top of liver."", ""Spread mushrooms, peppers and onion over liver and bacon. Sprinkle generously with grated Mozzarella cheese."", ""Cover with lid and let cheese melt, about 15 to 20 minutes.""]",www.cookbooks.com/Recipe-Details.aspx?id=620761,Gathered,"[""bacon"", ""green peppers"", ""mozzarella cheese"", ""onion"", ""mushrooms"", ""salt""]",www.cookbooks.com
Melon Ice Cream With Granita,"[""FOR THE ICE CREAM:"", ""470 ml Heavy Cream"", ""160 ml Sugar"", ""1 pinch Salt"", ""1 dash Vanilla Extract"", ""340 g, weight Cubed Melon, Honeydew And/or Cantaloupe"", ""2 drops Green Or Orange Food Coloring (optional)"", ""FOR THE GRANITA:"", ""340 g, weight Cubed Melon, Honeydew And/or Cantaloupe"", ""60 ml Water"", ""60 ml Light Corn Syrup, Or To Taste"", ""1 pinch Salt"", ""1 teaspoon Lemon Juice (or To Taste)"", ""2 drops Green Or Orange Food Coloring (optional)""]","[""For the ice cream, warm cream, sugar and salt in a sauce pot until sugar is dissolved. Stir in vanilla. Transfer to a bowl and cool to room temperature. Refrigerate."", ""When ice cream base is chilled, puree the melon in a blender with about 1/2 cup of the cream mixture until smooth. Strain through a sieve and stir into the remaining ice cream base. Add a couple drops of food coloring, if desired. Freeze using an ice cream machine according to the manufacturer's instructions."", ""For the granita, combine melon, water, light corn syrup, and salt in a blender and process until smooth. If your melon is very sweet, consider starting with less corn syrup and adjusting as needed."", ""Add lemon, to taste. Filter through a sieve. Add a couple drops of food coloring, if desired."", ""Pour granita into a flat, shallow tray, such as an 8x8 glass baking dish. Freeze for 45 minutes. Remove from freezer and scrape with a fork to break up ice chunks. Repeat again every 30 minutes until the mixture resembles fluffy shaved ice, 2-4 hours total."", ""For serving, scoop ice cream into serving bowls. Scrape granita and spoon over ice cream. You can serve honeydew ice cream and granita together or mix and match with the cantaloupe flavor. Enjoy.""]",tastykitchen.com/recipes/desserts/melon-ice-cream-with-granita/,Gathered,"[""drops"", ""sugar"", ""vanilla"", ""lemon juice"", ""heavy cream"", ""honeydew"", ""\u00bc"", ""cream"", ""salt""]",tastykitchen.com
Tomato And Avocado Fruit Salad,"[""2 large nectarines"", ""1 large pink grapefruit (remove peel and seeds)"", ""2 large heirloom tomatoes"", ""1 large avocado"", ""350 ml pitted, halved dark cherries"", ""1 large navel orange (remove peel and seeds)"", ""2 plums""]","[""Cut fruit into large chunks, and toss together with their juices. Enjoy salad on its own, topped with yogurt (honey flavored Greek, if you can find it), or, as I did the next day, on a whole wheat bagel with a schmear of cream cheese and a drizzle honey.""]",food52.com/recipes/927-tomato-and-avocado-fruit-salad,Gathered,"[""nectarines"", ""tomatoes"", ""pink grapefruit"", ""orange"", ""cherries"", ""plums"", ""avocado""]",food52.com
Debbie'S Aunt'S Cake,"[""4 large eggs, at room temperature"", ""240 ml sour cream"", ""120 ml vegetable oil"", ""1 (520 g) box yellow cake mix (without pudding added)"", ""1 (90 g) box instant vanilla pudding"", ""340 g (about 470 ml) semi-sweet chocolate chips"", ""1 (115 g) bar German's sweet chocolate, grated"", ""1 1/2 Tbsp. confectioners sugar (for garnish, optional)""]","[""Position a rack in the center of the oven and preheat to 350\u00b0. Lightly butter and flour a 12-cup fluted tube pan.""]",www.cookbooks.com/Recipe-Details.aspx?id=456611,Gathered,"[""sour cream"", ""'s sweet chocolate"", ""eggs"", ""vanilla pudding"", ""confectioners sugar"", ""semi-sweet chocolate chips"", ""vegetable oil"", ""yellow cake""]",www.cookbooks.com
Broccoli Casserole,"[""1 stick margarine"", ""1 bag frozen broccoli"", ""240 ml instant rice"", ""1 can cream of mushroom soup"", ""120 ml chopped onions"", ""120 ml chopped celery"", ""120 ml water"", ""1 small jar Cheez Whiz""]","[""Mix ingredients in casserole dish, 9 x 13-inch, except Cheez Whiz."", ""Bake at 350\u00b0 for 45 minutes, then remove and add Cheez Whiz."", ""Bake additional 15 to 20 minutes. Do not cover dish in oven.""]",www.cookbooks.com/Recipe-Details.aspx?id=861219,Gathered,"[""instant rice"", ""cream of mushroom soup"", ""water"", ""celery"", ""margarine"", ""onions"", ""frozen broccoli""]",www.cookbooks.com
Zucchini Pie,"[""350 ml zucchini, peeled and ground"", ""350 ml sugar"", ""2 eggs"", ""3 Tbsp. flour"", ""350 ml Milnot"", ""2 1/4 tsp. butter"", ""1 Tbsp. vanilla"", ""1/2 tsp. cinnamon"", ""1/4 tsp. nutmeg"", ""1 (9-inch) pie crust""]","[""Mix sugar, flour, cinnamon and nutmeg."", ""Beat eggs, Milnot, melted butter and vanilla."", ""Add to first mixture and then add the zucchini."", ""Pour into pie crust and bake 10 minutes at 425\u00b0. Reduce temperature to 300\u00b0 and continue baking for 45 minutes.""]",www.cookbooks.com/Recipe-Details.aspx?id=661608,Gathered,"[""sugar"", ""vanilla"", ""nutmeg"", ""eggs"", ""cinnamon"", ""crust"", ""flour"", ""butter"", ""zucchini""]",www.cookbooks.com
Chess Cake,"[""yellow butter recipe cake mix"", ""4 eggs"", ""1 stick softened butter"", ""1 box powdered sugar"", ""1 (225 g) cream cheese, softened"", ""nuts (optional)""]","[""Mix cake mix with 1 egg and butter."", ""Pat into bottom of greased pan (11 x 13-inch)."", ""Beat 3 eggs well."", ""Add 1 box powdered sugar and 8 ounces cream cheese."", ""Mix well."", ""Pour over top of cake mixture."", ""May sprinkle with nuts."", ""Cook slowly at 300\u00b0 for 1 hour.""]",www.cookbooks.com/Recipe-Details.aspx?id=1000854,Gathered,"[""eggs"", ""powdered sugar"", ""cream cheese"", ""nuts"", ""yellow butter"", ""butter""]",www.cookbooks.com
Tawny Baked Ham,"[""1 (8.6 kg) smoked, fully cooked whole ham"", ""80 ml Dijon mustard"", ""240 ml firmly packed brown sugar"", ""35 whole cloves (2 teaspoons)"", ""470 ml apple cider"", ""470 ml pitted whole dates"", ""470 ml dried figs, stems removed"", ""470 ml pitted prunes"", ""470 ml tawny port wine"", ""Garnishes: kumquats, blood orange halves, dried figs, pineapple sage leaves""]","[""Remove and discard skin from ham. Make 1/8\""-deep cuts in fat on ham in a diamond design. Brush mustard over top and sides of ham. Coat ham with brown sugar, pressing into mustard, if necessary."", ""Using an ice pick, make a hole in center of each diamond. Insert a clove into each hole. Place ham, fat side up, in a lightly greased large shallow roasting pan. Insert meat thermometer, making sure it does not touch fat or bone. Pour apple cider into pan. Bake, uncovered, at 350\u00b0 for 2 hours, basting often with apple cider."", ""Combine dates and next 3 ingredients; pour into pan with ham. Bake 30 minutes or until meat thermometer registers 140\u00b0, basting often with mixture in pan; cover ham with aluminum foil to prevent burning."", ""Transfer ham to a serving platter; let stand 10 minutes before slicing. Remove fruit from pan, using a slotted spoon, and set aside."", ""Pour pan drippings into a large saucepan, and cook over medium-high heat until reduced by half. Stir in reserved fruit. Serve sauce with ham. Garnish, if desired."", ""Note: To save time, buy a cooked trimmed ham. All you'll need to do is score the thin layer of fat around the ham.""]",www.myrecipes.com/recipe/tawny-baked-ham,Gathered,"[""apple cider"", ""kumquats"", ""brown sugar"", ""tawny port wine"", ""ham"", ""dates"", ""prunes"", ""dried figs"", ""mustard""]",www.myrecipes.com
Light Red Sauce,"[""1.8 kg fresh plum tomatoes, cored and peeled, or 950 ml canned Italian tomatoes"", ""1 medium-size red bell pepper, diced"", ""1 medium-size onion, diced"", ""2 cloves garlic, minced"", ""470 ml chicken broth"", ""2 teaspoons sugar"", ""2 tablespoons dried basil (or 60 ml fresh basil leaves)"", ""Salt and freshly ground black pepper to taste""]","[""In large saucepan over medium heat, combine all ingredients."", ""Simmer for 30 minutes."", ""Remove from heat."", ""Using a blender or food processor, puree mixture."", ""Return to pot, adjust salt and pepper and simmer until reduced to 2 1/2 cups, about 1 1/2 hours."", ""This sauce freezes very well.""]",cooking.nytimes.com/recipes/4149,Recipes1M,"[""fresh plum tomatoes"", ""sugar"", ""onion"", ""basil"", ""red bell pepper"", ""chicken broth"", ""garlic"", ""salt""]",cooking.nytimes.com
Macaroni Salad,"[""450 g macaroni, cooked"", ""1 small sandwich spread"", ""60 ml celery"", ""60 ml green onion"", ""1 bag salad shrimp"", ""3 eggs, chopped""]","[""Mix all ingredients together."", ""Chill in refrigerator for at least 1 hour."", ""Serve.""]",www.cookbooks.com/Recipe-Details.aspx?id=516289,Gathered,"[""macaroni"", ""eggs"", ""green onion"", ""sandwich"", ""celery"", ""salad shrimp""]",www.cookbooks.com
Braised Balsamic Chicken,"[""6 boneless skinless chicken breast halves"", ""ground black pepper"", ""1 teaspoon garlic salt"", ""2 tablespoons olive oil"", ""1 onion, thinly sliced"", ""120 ml balsamic vinegar"", ""1 (410 g) can diced tomatoes"", ""1 teaspoon dried basil"", ""1 teaspoon dried oregano"", ""1 teaspoon dried rosemary"", ""1/2 teaspoon dried thyme""]","[""Season chicken breasts with ground black pepper and garlic salt. Heat olive oil in a medium skillet, and brown the onion and seasoned chicken breasts."", ""Pour tomatoes and balsamic vinegar over chicken, and season with basil, oregano, rosemary and thyme."", ""Simmer until chicken is no longer pink and the juices run clear, about 15 minutes.""]",www.food.com/recipe/braised-balsamic-chicken-215566,Gathered,"[""oregano"", ""tomatoes"", ""garlic salt"", ""onion"", ""rosemary"", ""basil"", ""thyme"", ""balsamic vinegar"", ""ground black pepper"", ""chicken"", ""olive oil""]",www.food.com
Baked Grecian Chicken,"[""8 chicken breast halves, skin removed"", ""115 g Feta cheese, cut into 8 finger size pieces"", ""120 ml mayonnaise"", ""180 ml fine dry bread crumbs"", ""1 Tbsp. onion soup mix""]","[""Make an opening in side of each piece of chicken."", ""Place a piece of cheese inside opening."", ""Spread mayonnaise lightly on each piece of chicken."", ""Mix crumbs and onion soup mix."", ""Roll chicken in crumbs."", ""Place on rack in baking pan."", ""Bake 55 to 60 minutes at 350\u00b0.""]",www.cookbooks.com/Recipe-Details.aspx?id=163616,Gathered,"[""feta cheese"", ""mayonnaise"", ""bread crumbs"", ""onion soup mix"", ""chicken""]",www.cookbooks.com
Chocolate Delight,"[""240 ml flour (self-rising)"", ""1 stick melted margarine"", ""1 small pkg. pecans"", ""1 (225 g) cream cheese"", ""1 small Cool Whip"", ""240 ml confectioners sugar"", ""1 large box instant chocolate pudding""]","[""Mix together first three ingredients and press into glass pan. Bake at 350\u00b0 for 20 minutes."", ""Cool in refrigerator."", ""Mix next three ingredients and pour over nut mixture."", ""Mix instant pudding with milk according to recipe on box."", ""Pour over Cool Whip."", ""Chill and serve.""]",www.cookbooks.com/Recipe-Details.aspx?id=502537,Gathered,"[""pecans"", ""cream cheese"", ""flour"", ""margarine"", ""confectioners sugar"", ""chocolate pudding""]",www.cookbooks.com
Sweet Potato Pudding,"[""5 or 6 yams (may use large can of canned yams)"", ""2 Tbsp. flour"", ""1 to 1 1/2 sticks oleo"", ""2 eggs"", ""1 tsp. vanilla flavoring"", ""350 ml sugar or less"", ""350 ml milk""]","[""Boil until really soft."", ""Mash, then add flour, oleo, eggs, vanilla, sugar and milk."", ""Make sure they are soupy."", ""If not, add more milk."", ""Bake in 400\u00b0 oven 1/2 hour."", ""Add marshmallows on top. Put in oven to brown for a few minutes.""]",www.cookbooks.com/Recipe-Details.aspx?id=202990,Gathered,"[""vanilla flavoring"", ""oleo"", ""sugar"", ""eggs"", ""flour"", ""milk"", ""yams""]",www.cookbooks.com
Pork And Bean Salad,"[""2 (450 g) cans pork and beans, drained"", ""1 large tomato, diced"", ""1 medium bell pepper, diced"", ""2 Tbsp. red wine vinegar to taste"", ""1/8 tsp. celery seed"", ""salt and pepper to taste""]","[""Mix all ingredients together and chill before serving."", ""Makes 6 to 8 servings.""]",www.cookbooks.com/Recipe-Details.aspx?id=207014,Gathered,"[""tomato"", ""red wine vinegar"", ""bell pepper"", ""celery"", ""pork"", ""salt""]",www.cookbooks.com
Salmon With Pesto & Pasta,"[""1 (500 g) packet pasta, shapes (I used penne)"", ""2 tablespoons olive oil"", ""1 onion, thinly sliced"", ""1 (400 g) can red salmon or (400 g) can pink salmon"", ""150 g frozen peas"", ""2 tablespoons pesto sauce"", ""1 tablespoon lemon juice"", ""25 g parmesan cheese, grated"", ""salt and pepper"", ""parmesan cheese, shavings to garnish""]","[""Cook pasta until almost tender, about 10 minutes (Do not drain)."", ""Meanwhile, heat the oil in a frying pan, add the onion and fry for about 5 minutes until softened."", ""Drain the salmon discarding any skin and bones, flake salmon roughly with a fork."", ""Add the peas to the pasta and cook for a further 3 minutes."", ""Drain the pasta and peas, retaining 2 tablespoonfuls of the cooking water, return pasta and retained water to the pan."", ""Stir in pesto, lemon juice, Parmesan, onion and flaked salmon."", ""Season lightly with salt and pepper and toss gently."", ""Serve immediately, garnished with the Parmesan shavings.""]",www.food.com/recipe/salmon-with-pesto-pasta-104819,Gathered,"[""salt"", ""lemon juice"", ""parmesan cheese"", ""onion"", ""olive oil"", ""pesto sauce"", ""packet pasta"", ""red salmon"", ""frozen peas""]",www.food.com
Shrimp Harpin,"[""1.15 kg large shrimp, shelled"", ""1 Tbsp. lemon juice"", ""3 Tbsp. salad oil"", ""180 ml rice (uncooked)"", ""120 ml minced green pepper"", ""60 ml minced onion"", ""1 tsp. salt"", ""1/8 tsp. pepper"", ""1/8 tsp. mace"", ""dash of cayenne pepper"", ""1 can tomato soup"", ""240 ml heavy cream"", ""120 ml sherry"", ""180 ml slivered, blanched almonds""]","[""Cook shrimp in boiling, salted water for 5 minutes; drain. Place in a 2 quart casserole."", ""Sprinkle with lemon juice and salad oil.""]",www.cookbooks.com/Recipe-Details.aspx?id=748783,Gathered,"[""almonds"", ""pepper"", ""lemon juice"", ""salad oil"", ""cayenne pepper"", ""heavy cream"", ""onion"", ""tomato soup"", ""mace"", ""sherry"", ""rice"", ""shrimp"", ""green pepper"", ""salt""]",www.cookbooks.com
Manly Margarita,"[""120 ml ice cubes, or as desired"", ""2 (45 ml) jiggers tequila plata"", ""1 (45 ml) jigger triple sec"", ""1 (45 ml) jigger lime juice""]","[""Fill a rocks glass with ice; add tequila, triple sec, and lime juice. Stir. Let margarita rest for 2 minutes.""]",www.allrecipes.com/recipe/241037/manly-margarita/,Gathered,"[""triple sec"", ""plata"", ""lime juice""]",www.allrecipes.com
Chocolate Chip Cheese Cake,"[""300 ml graham cracker crumbs"", ""80 ml sugar"", ""60 ml powdered cocoa"", ""80 ml butter or margarine, melted"", ""3 (225 g) pkg. cream cheese, softened"", ""1 (400 g) can sweetened condensed milk"", ""4 eggs"", ""2 tsp. vanilla"", ""240 ml semi-sweet chocolate chips""]","[""Heat oven to 300\u00b0. Stir together crumbs, sugar, cocoa and butter."", ""Press into the bottom of a 9-inch spring-form pan.""]",www.cookbooks.com/Recipe-Details.aspx?id=875372,Gathered,"[""condensed milk"", ""sugar"", ""vanilla"", ""graham cracker crumbs"", ""powdered cocoa"", ""eggs"", ""cream cheese"", ""semi-sweet chocolate chips"", ""butter""]",www.cookbooks.com
Aloha Beef Kabobs,"[""910 g round steak (cut 2-inches thick)"", ""1 1/2 tsp. dry mustard"", ""1 tsp. ginger"", ""1/2 to 3/4 tsp. pepper"", ""1/4 tsp. garlic powder"", ""6 Tbsp. soy sauce"", ""3 Tbsp. lemon juice"", ""3 Tbsp. oil"", ""8 cherry tomatoes"", ""8 wedges green pepper"", ""8 whole fresh mushrooms""]","[""Slice steak into 1/4-inch thick strips and place in shallow nonaluminum pan or dish. Combine seasonings."", ""Mix soy sauce, lemon juice and oil."", ""Add this mixture to the seasonings and mix well. Pour marinade over steak strips and allow meat to marinate in refrigerator for 4 hours."", ""Thread marinated meat on skewers, accordian style, alternating tomatoes, pepper or mushrooms between steak."", ""Brush with marinade and grill or place in broiler 4-inches from heat."", ""Grill 3 minutes. Turn, marinade and grill other side.""]",www.cookbooks.com/Recipe-Details.aspx?id=194481,Gathered,"[""oil"", ""tomatoes"", ""ginger"", ""soy sauce"", ""pepper"", ""lemon juice"", ""mushrooms"", ""garlic powder"", ""dry mustard"", ""green pepper""]",www.cookbooks.com
Pineapple Casserole,"[""2 large cans pineapple chunks, drained"", ""240 ml grated Cheddar cheese"", ""80 ml flour"", ""120 ml sugar"", ""crumbled Ritz crackers"", ""1/2 stick melted butter""]","[""Combine pineapple, cheese, flour and sugar."", ""Top with Ritz cracker crumbs and drizzle melted butter over top."", ""Bake at 350\u00b0 for 30 minutes.""]",www.cookbooks.com/Recipe-Details.aspx?id=1023499,Gathered,"[""sugar"", ""crackers"", ""cheddar cheese"", ""flour"", ""butter"", ""pineapple""]",www.cookbooks.com
Citrus Punch,"[""1 (340 g) can frozen fruit punch"", ""1 small can frozen orange juice (optional)"", ""1 small can frozen lemonade (optional)"", ""1 (2 liter) bottle 7-Up"", ""ice cream (optional)""]","[""Mix frozen punch with 2 cans water; mix thoroughly."", ""If you want to add any optional juices, mix them in now with 2 cans water. Then add 7-Up slowly so not to ruin bubbles."", ""Add ice and serve. If you want to add ice cream, omit ice and float your favorite ice cream on top.""]",www.cookbooks.com/Recipe-Details.aspx?id=540,Gathered,"[""cream"", ""frozen fruit"", ""orange juice"", ""frozen lemonade""]",www.cookbooks.com
"Chicken, Wild Rice And Green Bean Soup","[""1 whole chicken, rinsed inside and out"", ""water"", ""180 ml dried vegetable flakes"", ""80 ml long grain brown rice"", ""80 ml wild rice"", ""2 teaspoons curry powder"", ""2 teaspoons salt"", ""470 ml frozen cut green beans (preferably the thin ones)""]","[""Rinse the chicken inside and out and put it in a 6 quart pot. Add water to cover the chicken up to 2 inches or so beneath the rim of the pot."", ""Bring to a simmer and simmer until foam appears on top of the water. Skim off all the foam (scum) and discard it."", ""Add the dried vegetable mix, the brown rice and the wild rice, the curry powder and the salt to the pot and simmer covered for 45 minutes to one hour or until the chicken is completely cooked."", ""If you have the thin green beans that are longer than one-bite-size, use a sharp knife to cut them into bite-size lengths."", ""Remove the chicken from the pot and add the still-frozen green beans."", ""Simmer covered 10 to15 minutes more until green beans are just tender while you remove skin, bones and other unwanted bits from the chicken."", ""Cut the chicken meat into chunky pieces and return it to the soup."", ""For the low-fat version, chill the soup and skim the chicken fat off the top, then reheat. For maximum flavor, leave the fat in!""]",www.food.com/recipe/chicken-wild-rice-and-green-bean-soup-315866,Gathered,"[""curry powder"", ""vegetable flakes"", ""wild rice"", ""water"", ""green beans"", ""chicken"", ""long grain brown rice"", ""salt""]",www.food.com
Banana Oat Muffins,"[""240 ml Rolled Oats"", ""470-120 ml All-purpose Flour"", ""120 ml White Sugar"", ""5 teaspoons Baking Powder"", ""1-1/2 teaspoon Cinnamon"", ""1/2 teaspoons Nutmeg"", ""4 whole Medium Bananas, Mashed (Ripe Or Thawed From Frozen)"", ""240 ml Buttermilk"", ""6 Tablespoons Vegetable Oil"", ""2 whole Eggs""]","[""Preheat oven to 400F and spray muffins tins with nonstick cooking spray."", ""Combine all dry ingredients in a large bowl until well blended. In a smaller bowl, mix bananas, buttermilk, oil and eggs. Beat well."", ""Add wet mixture to dry ingredients and stir until just combined. A bit of dry stuff still there is fine. You don't want to over mix muffins or they get a little tough and get those super pointed tops."", ""Fill muffin cups 3/4 full and bake for 15-18 minutes or until a toothpick inserted in a muffins comes out clean. Let sit in the pan for 1 minute and then remove to a rack to cool.""]",tastykitchen.com/recipes/breads/banana-oat-muffins/,Gathered,"[""buttermilk"", ""baking powder"", ""nutmeg"", ""eggs"", ""cinnamon"", ""all-purpose"", ""bananas"", ""white sugar"", ""rolled oats"", ""vegetable oil""]",tastykitchen.com
Angel Food Cake--Deluxe,"[""240 ml cake flour (I use Softsilk or SwansDown brands)"", ""350 ml confectioners' sugar (made from cane sugar)"", ""350 ml egg whites (10-12 egg whites, room temperature)"", ""1 1/2 teaspoons cream of tartar"", ""1/4 teaspoon salt"", ""240 ml granulated sugar"", ""1 1/2 teaspoons vanilla extract"", ""1/2 - 1 teaspoon almond extract""]","["".Heat oven to 375 degrees."", ""Stir together cake flour and confectioner's sugar; set aside."", ""In a large mixer bowl, beat egg whites, cream of tartar, and salt until foamy."", ""Add the granular sugar, 2 tablespoons at a time, beating at high speed until the meringue holds stiff peaks. (This takes up to 10 minutes.)."", ""Gently fold in the extracts by hand."", ""Sprinkle the flour-confectioner's sugar mixture, 1/4 cup at a time, over the meringue, folding it in gently just until flour-sugar mixture disappears. DO NOT OVER-MIX OR CAKE WILL BECOME TOUGH!"", ""Push batter into ungreased tube pan, turning it several times to fill pan evenly. Gently cut through the batter with a knife to remove air bubbles."", ""Bake 30-35 minutes or until the top springs back when touched lightly with finger."", ""Remove from oven and immediately invert the tube over weighted glass bottle; let hang upside down until cake is completely cool (about 2 hours.)."", ""To remove cooled cake from tube pan, loosen first by moving table knife up and down against side of pan. Next, turn the pan over and hit one side; the cake will slip out onto the platter.""]",www.food.com/recipe/angel-food-cake-deluxe-324988,Gathered,"[""cake flour"", ""almond"", ""sugar"", ""vanilla"", ""egg whites"", ""cream of tartar"", ""salt""]",www.food.com
Goat Cheese And Roasted Red Pepper Tart ,"[""Dough:"", ""470 ml unbleached all purpose flour"", ""240 ml whole wheat flour"", ""300 ml water"", ""1 1/2 teaspoons salt"", ""1 tablespoon olive oil"", ""2 teaspoons instant yeast"", ""Filling:"", ""450 g spinach, steamed and squeezed of excess water"", ""1 clove garlic, mashed"", ""340 g fresh goat cheese"", ""3 roasted red peppers, sliced into thin strips"", ""Salt and pepper to taste"", ""3 teaspoons white truffle oil"", ""1 egg, beaten""]","[""Place the dough ingredients into a mixing bowl and blend until the dough holds together. Turn the dough onto a floured surface and knead until smooth. Place in an oiled bowl and cover with plastic. Let rise about 40 minutes. Punch down down and divide into two equal pieces. it into two equal pieces. Cover the pieces well with oiled plastic."", ""Preheat the oven to 375\u00b0F."", ""Chop the spinach and place it in a small bowl. Blend in the garlic and set aside."", ""Lightly coat a square or round 9 x 2-inch removable bottom tart or spring form pan with olive oil and set aside."", ""Roll one piece of dough out on a floured surface into a 14-inch square or round (keeping the remaining dough covered with plastic wrap)."", ""Line the prepared pan with the rolled out dough, letting the excess dough drape over the sides of the pan."", ""Spread half of the spinach mixture over the bottom of the dough."", ""Spread half of the cheese mixture over the spinach, then half of the red peppers."", ""Repeat the layers with the balance of ingredients, ending by drizzling the truffle oil evenly over the top layer."", ""Salt and pepper to taste."", ""Roll the remaining piece of dough out into an 11-inch square or round. With a pastry or pizza wheel, cut 10 one-inch wide strips."", ""Place five of the strips an inch apart over the filling. Place the remaining strips across the first strips diagonally to create a lattice pattern."", ""Trim the excess dough leaving a slight overhang. Roll the overhanging dough in towards the tart and press it down near the rim of the pan."", ""Brush the top of the tart with the beaten egg and let it rise, covered with oiled plastic, for 30 minutes."", ""Bake the tart on the oven rack closest to the heat source for 35 to 40 minutes, until the crust is golden brown."", ""Cool the tart on a rack for five minutes before removing the pan.""]",www.epicurious.com/recipes/member/views/goat-cheese-and-roasted-red-pepper-tart-1202483,Gathered,"[""egg"", ""goat cheese"", ""red peppers"", ""truffle oil"", ""water"", ""flour"", ""clove garlic"", ""yeast"", ""whole wheat flour"", ""filling"", ""spinach"", ""olive oil"", ""salt""]",www.epicurious.com
Chicken And Rice Casserole,"[""4 chicken breasts"", ""240 ml rice, uncooked"", ""710 ml water"", ""1 large onion, peeled and chopped"", ""180 ml green peppers, chopped"", ""120 ml butter"", ""4 bouillon cubes"", ""1 can (300 g) mushroom soup""]","[""Preheat oven to 350\u00b0."", ""Mix bouillon and water."", ""Sprinkle rice over bottom of a casserole dish."", ""Chop onion, green pepper and place on top of rice."", ""Place butter pats on top of green peppers and onion."", ""Pour bouillon mixture over casserole."", ""Put chicken on top of rice mixture."", ""Pour the mushroom soup over the chicken. Bake at 350\u00b0 for 45 minutes."", ""Ovens can vary, so use your own judgement.""]",www.cookbooks.com/Recipe-Details.aspx?id=579515,Gathered,"[""chicken breasts"", ""green peppers"", ""bouillon cubes"", ""onion"", ""mushroom soup"", ""water"", ""rice"", ""butter""]",www.cookbooks.com
Tasty Frittata,"[""1 medium sized onion, Diced"", ""340 - 450 g ham steak, Diced"", ""470 ml favorite cheese, Shredded (I used medium cheddar)"", ""10 tablespoons olive oil"", ""seasoning salt"", ""fresh ground pepper"", ""1 tablespoon sugar"", ""2 -3 tablespoons Frank's red hot sauce"", ""240 ml mushroom, diced"", ""5 garlic cloves, minced"", ""1 tablespoon mrs. dash southwest chipotle seasoning"", ""8 large eggs, beaten"", ""1 large tomatoes, sliced"", ""225 g red potatoes, diced and boiled (7-9 min)""]","[""Mix 6 tablespoons of olive oil with hot sauce. Place in non-stick oven safe pan on medium heat. Saute mushrooms, onions, garlic, ham, and potatoes in pan. Add mushrooms 2 minutes prior to rest of ingredients. Season with seasoned salt and pepper and sugar. let ingredients brown for 7 minutes (add olive oil as needed) turn over with spatula and let brown for 5 more minutes."", ""Remove pan from heat."", ""Add eggs."", ""Involve eggs with mixture until evenly distibuted and worked throughout."", ""Top with shredded cheese and tomoatoe slices."", ""Sprinkle Chipotle seasoning evenly on top."", ""Place in 350 degree oven for 30 - 35 minutes."", ""cheese will be slightly browned when frittata is done.""]",www.food.com/recipe/tasty-frittata-368379,Gathered,"[""fresh ground pepper"", ""sugar"", ""'s red"", ""tomatoes"", ""eggs"", ""onion"", ""favorite cheese"", ""mushroom"", ""red potatoes"", ""garlic"", ""ham steak"", ""olive oil"", ""salt""]",www.food.com
Summer Garden Salad,"[""1 medium tomato, thinly sliced"", ""1/2 small cucumber, thinly sliced"", ""3 tablespoons chopped celery"", ""2 tablespoons sliced ripe olives"", ""2 tablespoons chopped sweet onion"", ""1 tablespoon minced fresh mint"", ""2 teaspoons minced fresh parsley"", ""2 teaspoons olive oil"", ""2 teaspoons balsamic vinegar"", ""1 small garlic clove, minced"", ""Dash salt"", ""Dash pepper"", ""1 tablespoon crumbled feta cheese"", ""Fresh mint leaves, optional""]","[""Place tomato and cucumber in a small bowl; add the celery, olives, onion, mint and parsley. Toss to combine."", ""In another small bowl, whisk the oil, vinegar, garlic, salt and pepper; pour over tomato mixture and toss to coat. Divide vegetables between two plates; sprinkle with cheese. Garnish with mint leaves if desired.""]",www.tasteofhome.com/recipes/summer-garden-salad/,Gathered,"[""tomato"", ""sweet onion"", ""pepper"", ""mint"", ""celery"", ""fresh mint"", ""feta cheese"", ""balsamic vinegar"", ""parsley"", ""cucumber"", ""olives"", ""garlic"", ""olive oil"", ""salt""]",www.tasteofhome.com
Sourdough Starter,"[""3 Tbsp. instant potatoes"", ""180 ml sugar"", ""240 ml very warm water""]","[""Put initial starter in refrigerator for 3 to 5 days; you can feed on the third, fourth or fifth day with listed ingredients. Mix well; add to starter and let stand out of refrigerator for 8 to 12 hours (all day)."", ""When bubbly, take out one cup for bread. Return starter to refrigerator."", ""Wait 3 to 5 days to feed again. If you don't make bread after feeding 3 times, discard one cup or give to a friend."", ""This is to avoid deflating starter. supper time and then bake.""]",www.cookbooks.com/Recipe-Details.aspx?id=660791,Gathered,"[""potatoes"", ""very warm water"", ""sugar""]",www.cookbooks.com
Pumpkin Pound Cake,"[""240 ml brown sugar"", ""300 ml white sugar"", ""300 ml shortening"", ""4 eggs"", ""1 450 g can pumpkin"", ""470 ml plain flour"", ""1 Tbsp. salt"", ""1 tsp. baking soda"", ""2 1/2 tsp. cinnamon"", ""1 tsp. nutmeg"", ""1/2 tsp. allspice"", ""1/2 tsp. ginger"", ""120 ml chopped pecans""]","[""Combine sugars, shortening and eggs in a large bowl."", ""Beat for 2 minutes."", ""Add pumpkin and mix well."", ""Sift flour, salt, soda and spices."", ""Gradually add to pumpkin mixture."", ""Beat for 2 minutes on high speed."", ""Stir in nuts."", ""Pour into a greased and floured 10 inch tube pan."", ""Bake at 350\u00b0 for 60 to 65 minutes."", ""Cool for 15 minutes. Remove from pan."", ""Top with Butter Rum Sauce.""]",www.cookbooks.com/Recipe-Details.aspx?id=15640,Gathered,"[""ginger"", ""shortening"", ""nutmeg"", ""brown sugar"", ""eggs"", ""baking soda"", ""cinnamon"", ""pecans"", ""flour"", ""pumpkin"", ""white sugar"", ""allspice"", ""salt""]",www.cookbooks.com
Poached Pear Tart With Warm Chocolate Sauce,"[""4 None pears"", ""550 ml sugar"", ""1 None cinnamon stick"", ""1 None refrigerated pie crust"", ""12 tbsp (1 1/2 sticks) unsalted butter, softened"", ""470 ml ground almonds"", ""3 None eggs"", ""None None FOR THE CHOCOLATE SAUCE"", ""200 g semi-sweet chocolate, finely chopped"", ""2 tbsp strong black coffee"", ""180 ml light cream"", ""1 tbsp butter""]","[""Preheat the oven to 350\u00b0F."", ""Peel pears, cut them in half and scoop out their cores. Bring 1/3 cup of the sugar and 3 cups water to a boil in a medium saucepan. Add cinnamon stick and pears. Reduce heat to low; simmer for 10-15 mins or until pears are just soft. Drain and discard syrup."", ""Roll the pastry out to fit an 11-inch tart pan with removable bottom. Line tart pan with the pastry. Refrigerate for 30 mins. Line the pastry with parchment paper and fill with pie weights (or rice). Bake for 15 mins. Remove pie weights and paper. Bake for a further 10 mins or until pastry is golden and dry, shielding edge with foil if over-browning."", ""Combine the butter, ground almonds and remaining 2 cups sugar in food processor; process until smooth. Add the eggs; process to combine. Spoon the almond mixture into the tart crust. Press the poached pears into the almond mixture."", ""Bake for 40 mins or until golden brown and cooked through. Cool on a wire rack."", ""For the chocolate sauce, combine the chocolate, coffee and cream in a small saucepan on low heat. Cook, stirring, until chocolate has melted. Stir until smooth, then stir in the butter."", ""Serve tart with warm chocolate sauce.""]",recipes-plus.com/api/v2.0/recipes/34103,Gathered,"[""cinnamon stick"", ""semi-sweet chocolate"", ""sugar"", ""pears"", ""ground almonds"", ""eggs"", ""crust"", ""black coffee"", ""light cream"", ""chocolate sauce"", ""butter"", ""unsalted butter""]",recipes-plus.com
Sweet Potato Bread,"[""350 g sweet potatoes"", ""500 g strong plain white flour"", ""2 teaspoons salt"", ""1 (7 g) sachet easy-blend dried yeast"", ""1 1/2 teaspoons caraway seeds"", ""fresh ground black pepper"", ""175 ml warm water""]","[""Peel and dice the potatoes, then boil them for about 15 minutes or until tender. Drain, and then mash thoroughly. Leave to cool."", ""Sift the flour and salt into a bowl, then add the yeast, caraway seeds and black pepper."", ""Add the sweet potato and rub it in well."", ""Add enough water to make a soft dough, and knead until smooth and elastic."", ""Leave the dough in a warm place until doubled in size (1-2 hours)."", ""Knock back the dough on a floured surface and knead again briefly. Place in a greased loaf tin and leave to rise again for another 30 minutes."", ""Preheat the oven to 200C/400F/ gas mark 6 and bake the loaf for 30-35 minutes until the bread is risen, golden brown and sounds hollow when tapped underneath.""]",www.food.com/recipe/sweet-potato-bread-288757,Gathered,"[""fresh ground black pepper"", ""caraway seeds"", ""water"", ""yeast"", ""sweet potatoes"", ""salt""]",www.food.com
Cold Peach Soup,"[""4 peaches, pitted (but including skins)"", ""1 can halved peaches"", ""1 Tbsp. lemon juice"", ""1 Tbsp. frozen orange juice or 180 ml regular juice"", ""2 Tbsp. Triple Sec, Curacao or something of your choice (optional)"", ""2 Tbsp. sour cream and fresh grated nutmeg (sprinkled on top for garnish)""]","[""Put all ingredients (except sour cream and nutmeg) into a blender or food processor and blend until smooth."", ""Then garnish with sour cream and nutmeg.""]",www.cookbooks.com/Recipe-Details.aspx?id=782847,Gathered,"[""sour cream"", ""lemon juice"", ""triple sec"", ""orange juice"", ""peaches""]",www.cookbooks.com
Pulled Pork ,"[""1 (3.2 to 4.1 kg) Boston Pork Butt"", ""Olive oil"", ""Your favorite seasoning or meat rub such as Red Robin Seasoning or \""Cowtown (KC) BBQ\"" seasoning"", ""Apple juice"", ""Cider vinegar"", ""BBQ sauce""]","[""Rub the entire pork butt with olive oil, then generously apply your favorite seasoning or meat rub."", """", ""Get your old fashioned \""Weber\"" charcoal bbq nice and hot, making sure the charcoal is ashed over. Move the coals to one side of the rack, and indirectly heat/smoke the butt for 2 hours. The butt will be opposite the coals. Every 10 minutes or so add some sweet and smoky apple wood chips to the top of the charcoal, this will give the pork a rich smoky flavor. (Make sure some air can get into the BBQ so that the coals don't burn out too fast). Ideally, you'd like to continue the smoking process for 90 to 120 minutes. At this point the butt should be nice and brown on the outside."", """", ""Pre-heat the oven to 250\u00b0F and cook the butt in a roaster pan with a rack. This will hold the butt above the fat that will then render outsadly nearly half the butt will cook away. You want to cook the butt uncovered for as long as you can. You want to get a nice crispy \""bark\"" on the outside, without burning. On average you will cook the butt about 2 hours a pound, or until the meat temperature reaches and/or exceeds 200\u00b0F. After a couple of hours in the oven you can baste the butt with a wonderful mop. Use 3 parts apple juice, 3 parts cider vinegar, and 1 part olive oil. This will keep the meat moist and add some flavor. Apply every couple hours or as often as you like."", """", ""Once the butt is finished you can now \""pull\"" the meat. Two forks will easily do the job. There might be some pockets of fat to remove. Be sure to mix the darkened bark of the outside meat with the inside meat to create the ideal texture and flavor."", """", ""We like to mix the pork with our favorite BBQ sauce, and serve on a hot bun. The nice part about adding the BBQ sauce at this point is you can individualize the batch to the crowd (Hot, Spicy, Fancy, Old School) based on the BBQ sauce of preference. And if the group doesn't devour it all, the pork also freezes well.""]",www.epicurious.com/recipes/member/views/pulled-pork-1253402,Gathered,"[""vinegar"", ""apple juice"", ""boston pork butt"", ""bbq sauce"", ""favorite seasoning"", ""olive oil""]",www.epicurious.com
Pie Cake,"[""410 ml sugar"", ""240 ml oil"", ""1 tsp. salt"", ""240 ml chopped nuts"", ""470 ml flour"", ""1 can apple pie filling"", ""3 eggs"", ""1 tsp. soda"", ""2 tsp. cinnamon""]","[""Mix pie filling with cinnamon; set aside."", ""Put all but nuts and pie filling in large bowl and mix well."", ""Add nuts and fold in pie filling."", ""Spoon into greased and floured pan, 13 x 9-inch. Bake at 350\u00b0 for 45 to 50 minutes.""]",www.cookbooks.com/Recipe-Details.aspx?id=375939,Gathered,"[""oil"", ""sugar"", ""eggs"", ""cinnamon"", ""soda"", ""apple pie filling"", ""flour"", ""nuts"", ""salt""]",www.cookbooks.com
Lots O' Cookies,"[""470 ml oleo"", ""470 ml sugar"", ""470 ml brown sugar"", ""950 ml flour, sifted"", ""1 tsp. baking soda"", ""2 tsp. baking powder"", ""2 tsp. salt"", ""4 eggs, beaten"", ""2 tsp. vanilla"", ""470 ml Wheaties, crushed"", ""470 ml Mother's oats (raw)"", ""470 ml Rice Krispies"", ""470 ml coconut"", ""240 ml chopped nuts"", ""240 ml raisins"", ""1 (340 g) pkg. chocolate bits""]","[""In a mixer, cream oleo, sugar and brown sugar."", ""Add eggs and vanilla and mix well."", ""In a large bowl, mix the flour, baking soda, baking powder and salt."", ""Add the dry mixture to the blender gradually, mixing well."", ""In a large pan, mix all the cereals, coconut, nuts, raisins and chocolate bits."", ""Pour the liquid mixture into the cereal mix and use 2 large spoons to stir it all together."", ""Drop by teaspoon and flatten."", ""Bake on greased cookie sheets for 10 minutes at 350\u00b0."", ""Very healthy and good.""]",www.cookbooks.com/Recipe-Details.aspx?id=489891,Gathered,"[""oleo"", ""sugar"", ""baking powder"", ""vanilla"", ""oats"", ""brown sugar"", ""baking soda"", ""eggs"", ""raisins"", ""flour"", ""nuts"", ""rice krispies"", ""wheaties"", ""coconut"", ""chocolate bits"", ""salt""]",www.cookbooks.com
Crackin Cornbread,"[""470 ml Clifty Farm self-rising cornmeal"", ""1 egg, beaten"", ""55 g Clifty Farm crackers"", ""300 ml buttermilk""]","[""Grease pans to be used and preheat oven to 450\u00b0."", ""Put cornmeal into bowl and gradually add buttermilk. Then the egg and cracklins."", ""Pour into hot pan and bake for 10 to 15 minutes.""]",www.cookbooks.com/Recipe-Details.aspx?id=654349,Gathered,"[""buttermilk"", ""egg"", ""clifty""]",www.cookbooks.com
Delectable Green Smoothie ,"[""310 ml coconut water (300 milliliters)"", ""1/2 pear"", ""1/2 avocado"", ""10 mint leaves"", ""1/4 seedless cucumber"", ""240 ml baby spinach leaves (45 g / 45 grams)"", ""60 ml vanilla protein powder (28 g /30 grams)"", ""1 teaspoon goji berries"", ""1 teaspoon activated pepitas (available from health or natural food stores)"", ""1 teaspoon bee pollen (available from health or natural food stores)""]","[""Put the coconut water, pear, avocado, mint, cucumber, spinach leaves, and protein powder in a blender and blend until smooth."", ""Serve in glasses, sprinkled with the goji berries, pepitas, and bee pollen.""]",www.epicurious.com/recipes/food/views/delectable-green-smoothie,Gathered,"[""health"", ""vanilla protein powder"", ""coconut water"", ""baby spinach"", ""pear"", ""avocado"", ""goji berries"", ""cucumber"", ""bee pollen"", ""mint""]",www.epicurious.com
Marinade By Tiffany,"[""60 ml bourbon whiskey (such as Jim Beam(R))"", ""60 ml olive oil"", ""60 ml garlic wine vinegar"", ""1 tablespoon dried parsley"", ""1 teaspoon dried sage"", ""1 teaspoon dried rosemary"", ""1 teaspoon dried thyme""]","[""Whisk bourbon, olive oil, vinegar, parsley, sage, rosemary, and thyme together in a bowl until smooth.""]",www.allrecipes.com/recipe/239000/marinade-by-tiffany/,Gathered,"[""bourbon whiskey"", ""rosemary"", ""thyme"", ""sage"", ""parsley"", ""garlic wine vinegar"", ""olive oil""]",www.allrecipes.com
Creamy Steel Cut Oats With Cherries,"[""1 Tablespoon Unsalted Butter"", ""240 ml Steel Cut Oats"", ""710-60 ml Water, Divided"", ""1/4 teaspoons Salt"", ""1 Tablespoon Coconut Sugar"", ""1/2 Tablespoons Cornstarch"", ""240 ml Pitted And Quartered Frozen Cherries"", ""180 ml Vanilla Yogurt""]","[""Make this the night before you want your oatmeal. Heat butter in a large saucepan over medium heat. Add oats and brown them for 2-3 minutes, until they start giving off a toasted, nutty aroma. Pour in 3 cups water and salt, stir. Bring to a rolling boil, then turn off heat and cover. Let sit overnight."", ""To reheat the next morning, simply warm up on the stove top or scoop out what you'd like and microwave, returning the remaining oats to the refrigerator."", ""Meanwhile, prepare the cherries. In a medium saucepan, combine remaining 1/4 cup water, sugar, and cornstarch. Bbring to a boil over medium heat, stirring constantly. Stir in cherries. Reduce heat; simmer, uncovered, until thickened and cherries are soft, about 3-4 minutes. Remove from heat."", ""Add cherries to oats or refrigerate until ready to use."", ""To assemble each serving, warm up oats, stir in yogurt, and top with warm cherry mixture. Enjoy!"", ""Note: Both the oats and cherries may be stored in the refrigerator for up to 5 days. The creamy factor is best when the yogurt is stirred in after warming.""]",tastykitchen.com/recipes/breakfastbrunch/creamy-steel-cut-oats-with-cherries/,Gathered,"[""oats"", ""\u00bc"", ""water"", ""cornstarch"", ""cherries"", ""vanilla yogurt"", ""coconut sugar"", ""butter""]",tastykitchen.com
Fried Wonton Crisps With Chocolate Sauce And Morello Cherries,"[""180 ml cocoa powder, sifted"", ""120 ml powdered sugar + extra, to dust"", ""160 ml heavy cream"", ""1 (680 g) jar morello cherries, drained, finely chopped"", ""60 ml fig jam, warmed"", ""None None vegetable oil, for deep-frying"", ""16 None wonton wrappers"", ""None None shredded coconut, toasted, to serve""]","[""Combine cocoa powder, powdered sugar and 1/4 cup water in a small saucepan. Stir until well combined. Add cream and cook, stirring, over low heat for 5 mins, or until heated and smooth."", ""Meanwhile, combine cherries and jam in a bowl."", ""Heat oil in a large heavy-bottomed pot over medium heat. Working in batches, deep-fry wonton wrappers for 20 seconds, or until golden. Using a slotted spoon, transfer to paper towels."", ""Dust fried wonton crisps with powdered sugar. Serve topped with cherries, chocolate sauce and toasted coconut.""]",recipes-plus.com/api/v2.0/recipes/20955,Gathered,"[""morello cherries"", ""heavy cream"", ""wonton wrappers"", ""powdered sugar +"", ""fig jam"", ""coconut"", ""vegetable oil"", ""cocoa powder""]",recipes-plus.com
Francisco'S Blender Salsa,"[""3 (280 g) cans diced tomatoes with green chile peppers, partially drained"", ""1 (170 g) can tomato paste"", ""1 bunch fresh cilantro leaves"", ""2 tablespoons lime juice"", ""1 small onion""]","[""In a blender or food processor, puree the diced tomatoes with green chile peppers, tomato paste, cilantro, lime juice and onion. Serve at once, or refrigerate in sealed containers.""]",www.allrecipes.com/recipe/21754/franciscos-blender-salsa/,Gathered,"[""tomatoes"", ""tomato paste"", ""cilantro"", ""onion"", ""lime juice""]",www.allrecipes.com
Artichoke Beef Stew,"[""80 ml all-purpose flour"", ""1 teaspoon salt"", ""1/2 teaspoon pepper"", ""910-225 g beef stew meat, cut into 1-inch cubes"", ""3 tablespoons canola oil"", ""1 can (280-14 g) condensed beef consomme, undiluted"", ""2 medium onions, halved and sliced"", ""225 g small fresh mushrooms, halved"", ""240 ml red wine or beef broth"", ""1 garlic clove, minced"", ""1/2 teaspoon dill weed"", ""2 jars (170-14 g each) marinated artichoke hearts, drained and chopped"", ""Hot cooked noodles""]","[""In a large resealable plastic bag, combine the flour, salt and pepper. Add beef, a few pieces at a time, and shake to coat. In a large skillet, brown beef in oil in batches."", ""Transfer to a 3- or 4-qt. slow cooker with a slotted spoon. Gradually add consomme to the pan, stirring to loosen browned bits. Stir in the onions, mushrooms, wine, garlic and dill. Pour over beef."", ""Cover and cook for low for 7-8 hours or until tender. Stir in the artichokes; cook 30 minutes longer or until heated through. Serve with noodles.""]",www.tasteofhome.com/recipes/artichoke-beef-stew/,Gathered,"[""dill weed"", ""pepper"", ""noodles"", ""canola oil"", ""hearts"", ""fresh mushrooms"", ""flour"", ""onions"", ""red wine"", ""garlic"", ""beef stew meat"", ""condensed beef"", ""salt""]",www.tasteofhome.com
"There'S No Way It'S Tofu - Chocolate Mousse (Vegan, Gluten Free)","[""1 packet silken aseptic tofu, drained and rinsed"", ""3 tablespoons date sugar or 60 ml agave nectar"", ""2 teaspoons vanilla extract"", ""60 ml non dairy milk"", ""225-280 g vegan chocolate (I use vegan chocolate chips from Whole Foods)""]","[""Place tofu, sweetener, vanilla and non dairy milk in a blender. Combine."", ""In a double boiler, melt chocolate until smooth."", ""Pour chocolate through blender feed tube in a slow steady stream while blender is on. Combine."", ""Chill at least an hour. Serve.""]",food52.com/recipes/10527-there-s-no-way-it-s-tofu-chocolate-mousse-vegan-gluten-free,Gathered,"[""non dairy milk"", ""sugar"", ""vanilla"", ""chocolate""]",food52.com
Sloppy Joes For A Crowd,"[""2.25 kg ground beef"", ""3 ribs celery"", ""3 carrots"", ""3 onions"", ""1 tube saltines, crushed"", ""1 1/2 Tbsp. Worcestershire sauce"", ""2 Tbsp. mustard"", ""470 ml catsup"", ""120 ml brown sugar"", ""2 1/2 Tbsp. vinegar"", ""1/2 tsp. pepper""]","[""Brown and drain ground beef."", ""Mix all other ingredients with ground beef."", ""Place mixture in casserole dish."", ""Bake at 325\u00b0 for 1 to 2 hours.""]",www.cookbooks.com/Recipe-Details.aspx?id=390360,Gathered,"[""saltines"", ""vinegar"", ""pepper"", ""brown sugar"", ""celery"", ""catsup"", ""onions"", ""carrots"", ""ground beef"", ""mustard"", ""worcestershire sauce""]",www.cookbooks.com
Vegetable Frittata,"[""240 ml water"", ""240 ml broccoli floret"", ""120 ml carrot, shredded"", ""120 ml green onion, chopped"", ""2 (225 g) cartons Egg Beaters egg substitute"", ""1 tablespoon fresh basil"", ""1 tablespoon fresh parsley, chopped"", ""1 tablespoon Dijon mustard"", ""1/4 teaspoon pepper"", ""nonstick cooking spray"", ""240 ml cheddar cheese or 240 ml swiss cheese, shredded"", ""tomatoes, slices (optional)""]","[""In medium saucepan combine broccoli, carrot and onion in water. .Bring to a boil. Cover an simmer 6-8 minutes until vegetables are tender-crisp. Drain well."", ""Meanwhile, in a small bowl, beat egg product,basil,parsley,mustard and pepper. thoroughly. Coat a large nonstick skillet with cooking spray. Preheat over medium heat. Spread cooked vegetables in the bottom of skillet. Sprinkle with 1/2 the cheese. Pour egg mixture over vegetables. As mixture sets run a spatula around edge of skillet lifting egg mixture so uncooked portion flows underneath"", ""Continue cooking until almost set but still glossy.Remove from heat sprinkle with rest of cheese. Cover and let stand 3 minutes or until top is set."", ""Cut into wedges to serve. If desired serve with tomato slices.""]",www.food.com/recipe/vegetable-frittata-329414,Gathered,"[""tomatoes"", ""pepper"", ""fresh parsley"", ""cheddar cheese"", ""green onion"", ""water"", ""egg beaters"", ""nonstick cooking spray"", ""carrot"", ""broccoli floret"", ""mustard"", ""fresh basil""]",www.food.com
Banana Cake,"[""1 banana cake mix"", ""1 (225 g) cream cheese"", ""1 stick margarine"", ""450 g powdered sugar"", ""bananas"", ""pecans""]","[""Mix cake as directed on box and pour into 2 layers."", ""Bake as directed."", ""Combine cream cheese, margarine and powdered sugar for frosting."", ""Slice bananas between cake and sprinkle pecans over them.""]",www.cookbooks.com/Recipe-Details.aspx?id=1033688,Gathered,"[""cake mix"", ""powdered sugar"", ""pecans"", ""bananas"", ""cream cheese"", ""margarine""]",www.cookbooks.com
Bean Tacos,"[""1 can pinto or red beans"", ""60 or 120 ml onion"", ""2 tsp. taco powder"", ""1/2 tsp. ground cumin"", ""1 squinched garlic"", ""preferred taco toppings""]","[""In bowl, mash beans."", ""Add onion, taco powder, cumin and garlic."", ""Fry in pan until tender."", ""Add beans and cook until thick. Makes enough for 6 tacos.""]",www.cookbooks.com/Recipe-Details.aspx?id=912260,Gathered,"[""ground cumin"", ""taco"", ""onion"", ""taco powder"", ""garlic"", ""pinto""]",www.cookbooks.com
Curry Mayonnaise (Veggie Dip),"[""350 ml mayonnaise"", ""1 tsp. grated onion"", ""2 tsp. curry powder"", ""1/2 tsp. dry mustard"", ""1/2 tsp. salt"", ""dash of black pepper"", ""dash of Tabasco""]","[""Combine all ingredients."", ""Chill."", ""Not good with chips or pretzels.""]",www.cookbooks.com/Recipe-Details.aspx?id=255076,Gathered,"[""black pepper"", ""curry powder"", ""onion"", ""mayonnaise"", ""dry mustard"", ""salt""]",www.cookbooks.com
Great-Grandma'S Macaroni And Cheese,"[""225 g box elbow macaroni"", ""1/2 stick margarine, cut up"", ""450 g Velveeta cheese, cut up"", ""115 g sharp Cheddar cheese"", ""1 large can evaporated milk"", ""bread crumbs"", ""pepper""]","[""Cook macaroni according to package directions, then drain well. Put in an ovenproof 2 quart dish the margarine, Velveeta cheese, and sharp Cheddar cheese."", ""Add the macaroni and a little pepper, mix well."", ""Pour in 1 large can evaporated milk, mix well again. There should be enough milk in the dish so you can see it just below the top of the macaroni."", ""If not, add a little regular milk. Cover the top with bread crumbs."", ""Put lots of dots of margarine over the crumbs."", ""Bake in oven at 375\u00b0 for about 45 minutes until the top starts to brown in places.""]",www.cookbooks.com/Recipe-Details.aspx?id=251944,Gathered,"[""velveeta cheese"", ""pepper"", ""cheddar cheese"", ""margarine"", ""milk"", ""elbow macaroni"", ""bread crumbs""]",www.cookbooks.com
Pralines,"[""24 graham crackers"", ""240 ml oleo"", ""240 ml brown sugar"", ""240 ml chopped nuts""]","[""Fill cookie sheet with graham crackers."", ""Boil 2 minutes 1 cup oleo and 1 cup brown sugar."", ""Pour over graham crackers and top with 1 cup chopped nuts."", ""Bake at 350\u00b0 for 10 minutes.""]",www.cookbooks.com/Recipe-Details.aspx?id=543575,Gathered,"[""oleo"", ""crackers"", ""brown sugar"", ""nuts""]",www.cookbooks.com
Quick & Easy Lemon Ice Cream,"[""470 ml whipping cream"", ""240 ml superfine sugar, Domino brand"", ""1 teaspoon lemon zest, finely grated"", ""80 ml lemon juice, freshly squeezed"", ""mint leaf (to garnish)""]","[""In large bowl, combine cream and sugar."", ""Stir until sugar dissolves."", ""Blend in lemon zest and lemon juice."", ""Pour into shallow pan."", ""Freeze until firm, about 4 hours."", ""Spoon into dessert glasses or ice cream cones."", ""Garnish with mint and berries or lemon, if desired."", ""Note: Use Mint leaves and any type of berries or very fine thin slices of lemon coated with granulated sugar for garnish.""]",www.food.com/recipe/quick-easy-lemon-ice-cream-235571,Gathered,"[""sugar"", ""mint leaf"", ""lemon juice"", ""lemon zest"", ""whipping cream""]",www.food.com
Chicken Rice Casserole,"[""60 ml onion"", ""1 Tbsp. butter"", ""1 can chicken broth"", ""120 ml raw rice"", ""240 ml shredded process cheese"", ""1 (140 g) can chunk chicken""]","[""Cook onion in butter until tender."", ""In a 1 1/2-quart casserole dish, mix onion, chunk chicken, chicken broth, shredded cheese and rice."", ""Cover; bake at 375\u00b0 for 1 hour.""]",www.cookbooks.com/Recipe-Details.aspx?id=986784,Gathered,"[""process cheese"", ""onion"", ""chicken"", ""chicken broth"", ""rice"", ""butter""]",www.cookbooks.com
Crab Cake Blt ,"[""1 egg yolk"", ""120 ml plus 2 tablespoons mayonnaise, divided"", ""1 tablespoon Dijon mustard"", ""1 tablespoon Worcestershire sauce"", ""3 scallions, finely sliced"", ""1 tablespoon chopped fresh parsley"", ""1 tablespoon chopped fresh tarragon"", ""Zest of 1 lemon"", ""Dash of Tabasco"", ""60 ml breadcrumbs"", ""Sea salt"", ""Freshly ground black pepper"", ""450 g jumbo lump crabmeat, picked over"", ""240 ml yellow ground cornmeal"", ""3 tablespoon vegetable oil"", ""4 rolls, halved"", ""1 tablespoon Sriracha"", ""8 slices crisp cooked bacon"", ""1 avocado, sliced"", ""2 tomatoes, sliced"", ""Lettuce""]","[""Combine egg yolk, 2 tablespoons mayonnaise, mustard, Worcestershire sauce, scallions, parsley, tarragon, lemon zest, Tabasco, breadcrumbs, salt, and pepper. Gently fold in crabmeat, trying not to break up the crab."", ""Pour cornmeal onto a plate. Shape crab mixture into 4 cakes; dredge in cornmeal to coat."", ""Cover and refrigerate for 1 hour."", ""Heat oil in a large skillet over medium-high heat. Fry cakes for about 5 minutes on each side until golden brown."", ""Stir Sriracha into remaining 1/2 cup mayonnaise. Spread on bun; layer bacon, avocado, tomato, lettuce, and crab cake.""]",www.epicurious.com/recipes/food/views/crab-cake-blt-51237620,Gathered,"[""tomatoes"", ""sriracha"", ""freshly ground black pepper"", ""tarragon"", ""egg yolk"", ""scallions"", ""breadcrumbs"", ""mustard"", ""yellow ground cornmeal"", ""avocado"", ""jumbo lump crabmeat"", ""lemon"", ""salt"", ""rolls"", ""bacon"", ""mayonnaise"", ""parsley"", ""vegetable oil"", ""worcestershire sauce""]",www.epicurious.com
German Yogurt Salad Dressing,"[""120 ml plain yogurt"", ""2 teaspoons sugar or 2 teaspoons artificial sweetener, to taste"", ""1 tablespoon canola oil or 1 tablespoon walnut oil"", ""2 teaspoons white balsamic vinegar or 2 teaspoons white wine vinegar"", ""1 tablespoon chopped chives"", ""1 tablespoon minced onion"", ""1 tablespoon chopped dill"", ""1 teaspoon minced garlic"", ""1 teaspoon medium-hot mustard (optional)""]","[""Mix the yogurt, sugar, vinegar and oil together."", ""Add mustard (the mustard taste comes through a lot, so only use if you are in the mood) if you like."", ""Stir in the onions, chives, dill and garlic."", ""Let it sit for a few minutes up to a few hours in the refrigerator for the flavors to marry."", ""Serve or use cold.""]",www.food.com/recipe/german-yogurt-salad-dressing-423392,Gathered,"[""medium-hot mustard"", ""sugar"", ""white balsamic vinegar"", ""garlic"", ""canola oil"", ""onion"", ""dill"", ""chives"", ""plain yogurt""]",www.food.com
Meat Ball,"[""910 g braunschweiger"", ""120 ml chili sauce"", ""1 Tbsp. mayonnaise"", ""1 tsp. garlic salt"", ""225 g cream cheese""]","[""Mix first 4 ingredients together and roll into ball."", ""Take the cream cheese and spread over ball sides."", ""Roll in chives or nuts (optional)."", ""Spread on crackers and enjoy.""]",www.cookbooks.com/Recipe-Details.aspx?id=565184,Gathered,"[""chili sauce"", ""braunschweiger"", ""garlic salt"", ""cream cheese"", ""mayonnaise""]",www.cookbooks.com
Chocolate Honeycomb Cheesecake,"[""FOR THE BASE:"", ""470-120 ml Crushed Graham Crackers, Measured After Crushing"", ""1 stick Unsalted Butter, Melted And Slightly Cooled"", ""FOR THE CHEESECAKE:"", ""400 g, weight Full Fat Cream Cheese"", ""180 ml Heavy Cream"", ""60 ml Homemade Or Store-bought Caramel Sauce, You Want A Relatively Thin Sauce"", ""240 ml Powdered Sugar, Sifted"", ""1 teaspoon Vanilla Extract"", ""180 ml Store Bought Chocolate Covered Honeycomb Pieces, Chopped Well"", ""85 g, weight Milk Chocolate, Melted"", ""FOR THE CRUNCHY HONEYCOMB:"", ""120 ml White Sugar"", ""3 Tablespoons Golden Syrup"", ""1 teaspoon Baking Soda""]","[""Grease and line a 9 inch round spring-form cake tin. Place biscuit crumbs into a medium sized bowl and pour the melted butter over the crumbs. Mix until all the crumbs are covered in butter, then tip into your greased pan and press into the pan until you have a level biscuit layer. Place in the fridge, whilst you make the cheesecake."", ""Place the cream cheese, heavy cream, caramel sauce, powdered sugar and vanilla extract into a large bowl, or the bowl of your stand mixer and beat until light and smooth, about 2 minutes on medium-high speed. Add the chocolate covered honeycomb pieces and fold in by hand."", ""Take your chilled base out of the fridge and then pour your cheesecake filling over the top. Smooth until level with a small, angled spatula. Place in the fridge for around 4 hours, until firm. (Cheesecake will not set hard. It will be slightly firm to the touch, but still soft if you press really hard into it!)"", ""Whilst the cheesecake is chilling, make the honeycomb: Line a large rimmed baking tray with grease-proof paper and leave to one side. Place the sugar and golden syrup into a medium sized saucepan, over a low heat. Stir occasionally until the sugar dissolves and the mixture starts to get runny. Then stop stirring. Once the mixture starts bubbling around the edges, turn the heat up to high and boil until golden. This will take about 5 minutes. Lift the pan and give it a swirl every so often to stop it from burning, but do not stir!"", ""Once the entire mixture is golden yellow (don't let it get dark and caramel coloured or it will burn), remove from heat and immediately add the baking soda. Mixture will froth up very quickly and then settle. Once the baking soda has dissolved, the mixture will stop expanding. Pour it onto your lined baking tray and leave to set completely."", ""Once set, break into shards and leave to one side whilst you finish off the cheesecake."", ""Remove cheesecake from the fridge and place melted chocolate into a squeeze bottle or small Ziploc bag, with the corner snipped off. Drizzle chocolate all over the top of your cheesecake, however you like. I did lines vertically and horizontally."", ""Take small shards of honeycomb and place around the edge of your cheesecake and in the centre. Use however many pieces you want. I used 5 around the edge and 3 smaller pieces in the centre, but it's completely up to you!"", ""Place it back into the fridge until ready to serve. Cheesecake will keep covered, in the fridge for 3 days.""]",tastykitchen.com/recipes/desserts/chocolate-honeycomb-cheesecake/,Gathered,"[""vanilla"", ""heavy cream"", ""golden syrup"", ""\u00bc"", ""powdered sugar"", ""baking soda"", ""chocolate"", ""cream cheese"", ""white sugar"", ""graham crackers"", ""butter""]",tastykitchen.com
Kentucky Pie,"[""1 unbaked pie shell"", ""240 ml chocolate chips"", ""1 stick butter"", ""240 ml sugar"", ""120 ml flour (all-purpose)"", ""2 eggs"", ""240 ml pecans""]","[""Spread chocolate chips in bottom of pie shell."", ""Stir together butter, sugar and flour."", ""Beat in eggs, one at a time, and pour over chips."", ""Add pecans, pushing them down in the filling."", ""Bake at 350\u00b0 for 25 to 30 minutes."", ""Can add a tablespoon of bourbon, if desired.""]",www.cookbooks.com/Recipe-Details.aspx?id=186964,Gathered,"[""sugar"", ""shell"", ""eggs"", ""pecans"", ""flour"", ""chocolate chips"", ""butter""]",www.cookbooks.com
Hot Cocoa Mix,"[""2.5 l instant nonfat dry milk powder"", ""1 (450 g) container instant cocoa mix for milk"", ""1 (450 g) pkg. powdered sugar, sifted"", ""1 (170 g) jar nondairy coffee creamer"", ""1/2 tsp. salt""]","[""Combine all ingredients and mix well."", ""Store in airtight container."", ""To serve, place 1/3 cup of mix in a cup."", ""Add boiling water and stir well."", ""Yields 16 cups of mix (48 servings).""]",www.cookbooks.com/Recipe-Details.aspx?id=193419,Gathered,"[""powdered sugar"", ""cocoa"", ""milk"", ""coffee creamer"", ""salt""]",www.cookbooks.com
Pasta And Vegetables,"[""450 g spaghetti"", ""1/2 bunch broccoli, cut up"", ""115 g mushrooms, sliced"", ""1 red pepper, diced"", ""1 green pepper, diced"", ""1 medium onion, diced"", ""1 zucchini, sliced"", ""120 ml olive oil"", ""1 Tbsp. great garlic"", ""1 tsp. onion powder"", ""1 tsp. garlic powder"", ""1 tsp. basil"", ""1 tsp. Italian seasonings"", ""salt and pepper to taste""]","[""Saute"", ""vegetables"", ""in 1/4 cup olive oil and seasonings. While veggies"", ""are"", ""cooking,"", ""boil"", ""spaghetti."", ""When both are done,"", ""mix vegetables into drained spaghetti and add other 1/4 cup olive oil. Toss and serve.""]",www.cookbooks.com/Recipe-Details.aspx?id=498007,Gathered,"[""spaghetti"", ""zucchini"", ""red pepper"", ""mushrooms"", ""onion"", ""onion powder"", ""basil"", ""garlic powder"", ""broccoli"", ""olive oil"", ""italian seasonings"", ""garlic"", ""green pepper"", ""salt""]",www.cookbooks.com
Sirloin Roast Beef With An Aztec Flair,"[""Roastbeef"", ""1 kg sirloin, cleaned of the top layer of fat"", ""coarse salt, to taste"", ""fresh coarse ground black pepper, to taste"", ""1 small chili pepper, finely minced (deseeded or not, you decide on the hotness level)"", ""4 tablespoons honey"", ""olive oil, to taste (just a bit)"", ""2 tablespoons Dijon mustard (the kind with the seeds in it)"", ""60 ml red wine"", ""Aztec Flair"", ""240 ml red wine"", ""120 ml beef broth"", ""2 tablespoons honey"", ""50 g bittersweet chocolate""]","[""Rub the salt and pepper all over the piece of meat. Give it a good massage, it's had a hard day."", ""Mix the rest of the ingredients into a marinade. Place the meat in the marinade and let it soak for 2 hours."", ""Preheat the oven to 250 degrees centigrade."", ""Place a heavy pan over high heat for at least 7 minutes, until it begins to smoke. Add the olive oil."", ""Sear the meat on each side."", ""Place the meat in the oven for 7-12 minutes depending on your preference of doneness."", ""Prepare the sauce:"", ""Using the same pan in which the meat was seared, add the leftover marinade, red wine, honey and broth. Scrape the bottom and then let the sauce boil until it has been reduced to 1/3 of its original volume. This should take about 12 minutes or so."", ""Turn off the heat and add the chocolate. Mix well."", ""Putting it all together:"", ""Take the meat out of the oven and let it rest for about 7 minutes to allow the juices to redistribute. Slice into serving pieces."", ""Drizzle with the sauce and serve.""]",www.food.com/recipe/sirloin-roast-beef-with-an-aztec-flair-340940,Gathered,"[""chili pepper"", ""bittersweet chocolate"", ""beef broth"", ""ground black pepper"", ""olive oil"", ""aztec flair"", ""red wine"", ""roastbeef"", ""honey"", ""sirloin"", ""salt""]",www.food.com
Chocolate Chip Cookies,"[""240 ml shortening"", ""120 ml white sugar"", ""240 ml packed brown sugar"", ""1 tsp. vanilla"", ""2 eggs"", ""470 ml flour"", ""1 tsp. baking soda"", ""1 tsp. salt"", ""1 (340 g) bag chips""]","[""Cream shortening, sugar and vanilla until light and fluffy. Add eggs and beat well."", ""In separate bowl, combine flour, baking soda and salt."", ""Add into shortening mixture."", ""Stir in chips."", ""Drop by teaspoon onto ungreased cookie sheet."", ""Bake at 350\u00b0 for 8 to 10 minutes.""]",www.cookbooks.com/Recipe-Details.aspx?id=540304,Gathered,"[""vanilla"", ""shortening"", ""brown sugar"", ""eggs"", ""baking soda"", ""flour"", ""white sugar"", ""chips"", ""salt""]",www.cookbooks.com
Eat For Eight Bucks: Cold Sesame Noodles Recipe,"[""450 g Chinese egg noodles (or spaghetti or linguine)"", ""1/2 teaspoon toasted sesame oil"", ""6 tablespoons tahini"", ""180 ml water, plus more if needed"", ""1 tablespoon rice vinegar or white vinegar"", ""3 tablespoons soy sauce"", ""1 1/2 teapoons sugar"", ""2 garlic cloves, minced"", ""1 scallion (both white and green parts), thinly sliced"", ""1 1/2 inches fresh ginger, peeled and chopped (1 tablespoon)"", ""Chinese chili oil (optional)"", ""Sesame seeds (optional)""]","[""Cook the noodles in lots of boiling salted water. Drain well. Toss with the sesame oil to coat. Cover and refrigerate."", ""While the noodles chill, put the tahini in your serving bowl. Thin it by stirring in enough water to give it the consistency of thick cream. Whisk together the vinegar, soy sauce, and sugar and add this mixture to the sesame paste. Stir in the garlic, three quarters of the scallion, and the ginger."", ""Just before serving, toss the chilled noodles with the sauce. Taste and add a dash of soy sauce or sesame oil if necessary. Garnish with the remaining scallion and, if you like, a drizzle of chili oil and a sprinkle of sesame seeds.""]",www.seriouseats.com/recipes/2009/12/eat-for-eight-bucks-cold-sesame-noodles-recipe.html,Gathered,"[""chinese chili oil"", ""sugar"", ""ginger"", ""soy sauce"", ""noodles"", ""sesame seeds"", ""scallion"", ""rice vinegar"", ""water"", ""sesame oil"", ""garlic"", ""tahini""]",www.seriouseats.com
Hummingbird Cupcakes,"[""710 ml all-purpose flour"", ""470 ml sugar"", ""1 tsp. baking soda"", ""1 tsp. ground cinnamon"", ""3 eggs, beaten"", ""240 ml Crisco oil"", ""1 1/2 tsp. vanilla"", ""1 (225 g) can crushed pineapple"", ""240 ml chopped pecans"", ""470 ml chopped bananas""]","[""Combine first 4 ingredients in large mixing bowl."", ""Add eggs and oil, stirring until dry ingredients are moistened."", ""Do not beat! Stir in vanilla, pineapple, pecans and bananas."", ""Spray cupcake pans or use cupcake papers."", ""Fill 1/2 full."", ""Bake at 350\u00b0 for 25 minutes."", ""Makes about 6 dozen cupcakes."", ""May be made into layers also and iced with cream cheese frosting.""]",www.cookbooks.com/Recipe-Details.aspx?id=190547,Gathered,"[""sugar"", ""vanilla"", ""baking soda"", ""eggs"", ""pecans"", ""all-purpose"", ""bananas"", ""crisco oil"", ""ground cinnamon"", ""pineapple""]",www.cookbooks.com
Stuffed Eggplant,"[""2 medium size eggplant"", ""120 ml onions, chopped fine"", ""120 ml celery, chopped fine"", ""2 to 4 cloves garlic, minced"", ""green onions to taste"", ""2 hamburger buns"", ""2 eggs"", ""225 g crab meat"", ""450 g boiled shrimp, peeled and deveined"", ""4 Tbsp. oleo""]","[""Cut each eggplant into 2 equal parts; remove middle and chop up."", ""Add onions, celery, oleo and garlic."", ""Smother until done. Put buns and eggs into a bowl to soak."", ""When buns are completely soaked, mix well with chopped, boiled shrimp, smothered eggplant, crab meat and green onions."", ""Season to taste."", ""Boil shells of the eggplant for 10 minutes or until tender, then stuff them with mixture."", ""Bake 15 to 20 minutes at 350\u00b0."", ""Serves 4.""]",www.cookbooks.com/Recipe-Details.aspx?id=516362,Gathered,"[""oleo"", ""green onions"", ""eggs"", ""crab meat"", ""celery"", ""onions"", ""eggplant"", ""buns"", ""shrimp"", ""garlic""]",www.cookbooks.com
Pound Cake,"[""240 ml or 2 sticks margarine"", ""470 ml sugar"", ""4 eggs"", ""710 ml flour"", ""1/2 tsp. baking powder"", ""1/4 tsp. salt"", ""240 ml buttermilk"", ""1 tsp. lemon or vanilla flavoring""]","[""Cream margarine, sugar, and eggs. In separate bowl, mix all dry ingredients; add to the first mixture a little at a time, alternating with milk. Mix well and add flavoring. Pour into a greased and floured tube pan and bake for 3 hours at 350\u00b0.""]",www.cookbooks.com/Recipe-Details.aspx?id=13797,Gathered,"[""buttermilk"", ""baking powder"", ""sugar"", ""eggs"", ""flour"", ""margarine"", ""lemon"", ""salt""]",www.cookbooks.com
Honey Glorified Rice,"[""240 ml cold cooked rice"", ""80 ml honey"", ""350 ml crushed pineapple, drained"", ""1/2 tsp. vanilla"", ""240 ml whipped cream"", ""8 marshmallows, cut up""]","[""Whip the cream; beat in honey gradually."", ""Stir in vanilla. Fold in remaining ingredients."", ""Chill."", ""Makes 6 to 8 servings.""]",www.cookbooks.com/Recipe-Details.aspx?id=737563,Gathered,"[""vanilla"", ""marshmallows"", ""cold cooked rice"", ""whipped cream"", ""honey"", ""pineapple""]",www.cookbooks.com
Easy Chicken Casserole,"[""2 chicken breasts, cooked and chopped"", ""1 can mixed vegetables"", ""1 can crescent rolls"", ""350 ml chicken broth"", ""1 can cream of chicken soup"", ""1 can pimento"", ""cheese""]","[""Mix chicken and drained vegetables."", ""Separate rolls and fill with vegetable/chicken mixture."", ""Pinch closed and place in pan pinched side down."", ""Combine chicken broth, cream of chicken soup and pimento."", ""Pour over rolls."", ""Sprinkle cheese over top."", ""Cook in moderate oven until bubbly.""]",www.cookbooks.com/Recipe-Details.aspx?id=244523,Gathered,"[""cream of chicken soup"", ""chicken breasts"", ""mixed vegetables"", ""chicken broth"", ""cheese"", ""crescent rolls"", ""pimento""]",www.cookbooks.com
Yiaourtopita - Yogurt Cake,"[""4 eggs, separated"", ""350 ml sugar"", ""120 ml olive oil"", ""1/4 teaspoon baking soda"", ""240 ml plain yogurt"", ""1 lemon, zest of"", ""590 ml flour"", ""1 tablespoon baking powder"", ""powdered sugar""]","[""Preheat over to 375 F (190 C)."", ""Grease and line a 9- inch round cake pan."", ""In a bowl, whisk egg yolks and sugar until creamy."", ""Gradually mix in oil."", ""Stir baking soda into yogurt."", ""Stir yogurt and half the lemon zest into egg yolk mixture."", ""Sift flour and baking powder into mixture and fold carefully."", ""Beat eggwhites until stiff but not dry, then fold into batter."", ""Pour mixture into the prpared pan."", ""Bake 40-50 minutes. Leave in pan for 5 minutes, then transfer to a wire rack to cool."", ""Dust with powdered sugar and sprinkle remaining lemon zest over the top.""]",www.food.com/recipe/yiaourtopita-yogurt-cake-233328,Gathered,"[""sugar"", ""baking powder"", ""eggs"", ""baking soda"", ""powdered sugar"", ""flour"", ""lemon"", ""olive oil"", ""plain yogurt""]",www.food.com
Couscous Patties With Yogurt Sauce And Spinach Salad,"[""180 ml couscous"", ""180 ml chicken stock boiling"", ""80 ml ricotta cheese"", ""1 egg lightly beaten"", ""60 ml basil chopped"", ""1 tablespoon light olive oil"", ""80 ml greek yogurt"", ""1 tablespoon dijon mustard"", ""55 g baby spinach leaves"", ""1 avocado ripe, chopped"", ""1 red onion small, thinly sliced"", ""1 tablespoon light olive oil"", ""2 tablespoons white wine vinegar""]","[""Place the couscous and stock in a medium heatproof bowl. Cover with plastic wrap and let stand for 5 mins or until the liquid is absorbed. Using a fork, separate the grains."", ""Add the ricotta, egg and basil to the couscous; mix well. Roll tablespoons of the mixture into balls, then flatten to 1 1/2-inch patties."", ""Heat the oil in a large skillet on medium heat. Cook the patties, in batches, for 1-2 mins each side or until golden. Drain on paper towels. Reheat the pan between the batches when necessary."", ""Combine the yogurt and mustard in a bowl. For the spinach salad, combine the spinach, avocado and onion in a medium bowl. Whisk the oil and vinegar and drizzle over the salad. Gently toss to combine."", ""Serve the patties with yogurt sauce and salad.""]",www.yummly.com/recipe/Couscous-Patties-with-Yogurt-Sauce-and-Spinach-Salad-1399010,Gathered,"[""egg"", ""greek yogurt"", ""baby spinach"", ""red onion"", ""basil"", ""white wine vinegar"", ""couscous"", ""light olive oil"", ""ricotta cheese"", ""chicken stock boiling"", ""mustard"", ""avocado""]",www.yummly.com
Summer Sausage,"[""910 g ground beef"", ""1/4 tsp. garlic salt"", ""1/4 tsp. onion powder or salt"", ""1/2 tsp. mustard seed"", ""1 Tbsp. whole black pepper"", ""2 tsp. liquid smoke"", ""240 ml water"", ""3 Tbsp. Morton Tender Care Quick cure salt""]","[""Mix all ingredients in large bowl, then make loaves and wrap in aluminum foil."", ""Put shiny side of foil to the meat. Refrigerate for 24 hours."", ""Next day, poke hole in bottom of foil with toothpick."", ""Place in rack or broiler pan over 1/2 inch of water."", ""Bake at 325\u00b0 for 90 minutes."", ""Let cool before refrigerating.""]",www.cookbooks.com/Recipe-Details.aspx?id=340518,Gathered,"[""black pepper"", ""liquid smoke"", ""garlic salt"", ""onion powder"", ""water"", ""ground beef"", ""morton tender care""]",www.cookbooks.com
Homemade Clay Dough,"[""240 ml salt"", ""350 ml flour"", ""120 ml water"", ""2 Tbsp. oil"", ""few drops of food coloring""]","[""Mix in large bowl by hand until pliable.""]",www.cookbooks.com/Recipe-Details.aspx?id=454855,Gathered,"[""oil"", ""water"", ""flour"", ""coloring"", ""salt""]",www.cookbooks.com
Perfect Prime Rib,"[""3.2 kg first-cut beef rib roast, 3 ribs"", ""1 tablespoon vegetable oil""]","[""Let roast set at room temperature 3 hours."", ""Using kitchen twine parallel to the bone, tie roast at both ends to keep outer layer from pulling away and overcooking."", ""Adjust oven rack to lowest position and preheat to 200. (yes, 200)."", ""Pat roast dry with paper towels."", ""Heat oil in large pan over 2 burners set at medium-high. Place roast in pan and cook on all sides until nicely browned and about 1/2 cup of fat has been rendered, 6-8 minutes."", ""Remove roast from pan. Spoon off fat from pan. Set wire rack in pan, then set roast on rack. Season with salt and pepper."", ""Place roast in oven and roast until meat registers 125 (medium-rare) about 3 1/2 hours (30 minutes per pound),"", ""Let rest about 20 minutes."", ""Transfer to carving board and carve; serve.""]",www.food.com/recipe/perfect-prime-rib-511712,Gathered,"[""beef"", ""vegetable oil""]",www.food.com
$100.00 Cake,"[""240 ml sugar"", ""470 ml flour"", ""240 ml warm water"", ""240 ml miracle whip"", ""2 Tbsp. cocoa"", ""2 tsp. baking soda"", ""1 tsp. vanilla""]","[""Mix all ingredients together. Bake in layer or loaf pans. Grease pan and bake at 350\u00b0 for 45 minutes.""]",www.cookbooks.com/Recipe-Details.aspx?id=28856,Gathered,"[""sugar"", ""miracle whip"", ""vanilla"", ""baking soda"", ""water"", ""flour"", ""cocoa""]",www.cookbooks.com
Candied Yams,"[""1 (790 g) can yams"", ""160 ml white or brown sugar (I prefer brown sugar)"", ""160 ml syrup (from can)"", ""80 ml margarine""]","[""Place drained yams in baking dish."", ""Combine syrup from yams, sugar and margarine in saucepan, stirring constantly until it begins to boil and thicken."", ""Pour sauce over yams."", ""Bake at 350\u00b0 for 20 to 30 minutes.""]",www.cookbooks.com/Recipe-Details.aspx?id=487077,Gathered,"[""syrup"", ""white"", ""margarine"", ""yams""]",www.cookbooks.com
"Muesli Cookies (No Flour, Just Seeds)","[""1 egg"", ""2 tablespoons sugar"", ""2 tablespoons honey (I used a creamy one)"", ""200 g mixed seeds, and kernels (I used sesame, sunflower and pumpkin seeds)"", ""50 g raisins (optional, but I would include them)""]","[""Preheat oven to 180\u00b0C/350\u00b0F."", ""Mix all ingredients together in a bowl and drop by teaspoons on a paper-lined baking sheet leaving some space between the cookies."", ""Bake for 12-15 minutes until nicely browned."", ""Let cool completely on baking sheet. If you want to store them keep them in an airtight container in a dry place."", ""Enjoy!""]",www.food.com/recipe/muesli-cookies-no-flour-just-seeds-361502,Gathered,"[""egg"", ""sugar"", ""mixed seeds"", ""raisins"", ""honey""]",www.food.com
Corn Fritters,"[""60 ml shortening"", ""120 ml sifted flour"", ""1 tsp. baking powder"", ""1 tsp. salt"", ""1/2 tsp. paprika"", ""2 eggs"", ""470 ml whole kernel corn, drained""]","[""Sift together flour, baking powder, salt and paprika. Separate eggs."", ""Beat yolks."", ""Blend with corn."", ""Stir in flour mixture."", ""Beat egg whites."", ""Fold into corn mixture."", ""Heat shortening in a heavy skillet."", ""Drop spoonfuls into hot fat."", ""Turn to brown."", ""Serve hot.""]",www.cookbooks.com/Recipe-Details.aspx?id=703266,Gathered,"[""baking powder"", ""shortening"", ""eggs"", ""flour"", ""paprika"", ""whole kernel corn"", ""salt""]",www.cookbooks.com
Unbelievable Chicken,"[""1.35 kg chicken or chicken pieces"", ""240 ml ketchup"", ""470 ml Pepsi-Cola""]","[""Put chicken in Dutch oven, heavy pot or electric skillet. Pour on ketchup. (Do not salt and pepper.) Pour Pepsi-Cola over chicken. Let simmer on low heat on top of stove about 30 minutes covered. Take lid off; turn chicken over and simmer on low heat another 30 minutes uncovered. Then serve it. More Pepsi or water can be added, if needed.""]",www.cookbooks.com/Recipe-Details.aspx?id=84967,Gathered,"[""ketchup"", ""chicken""]",www.cookbooks.com
English Muffin Loaves,"[""2 pkg. yeast"", ""1 Tbsp. sugar"", ""470 ml milk"", ""120 ml water"", ""1.4 l flour"", ""1/4 tsp. soda"", ""2 tsp. salt"", ""cornmeal""]","[""Combine 3 cups flour, yeast, sugar, salt and baking soda. Heat liquids until very warm and add to dry mixture."", ""Beat well; add remaining flour to make it stiff."", ""Place in 2 greased and cornmeal sprinkled loaf pans."", ""Cover and let rise in a warm place 45 minutes."", ""Bake at 400\u00b0 for 25 minutes.""]",www.cookbooks.com/Recipe-Details.aspx?id=609149,Gathered,"[""sugar"", ""cornmeal"", ""soda"", ""water"", ""flour"", ""yeast"", ""milk"", ""salt""]",www.cookbooks.com
Easy Dip,"[""470 ml sour cream"", ""1 small jar Hellmann's mayonnaise"", ""1 Tbsp. Accent"", ""1 Tbsp. garlic salt"", ""1 Tbsp. dill weed""]","[""Mix all together and refrigerate for a couple of hours.""]",www.cookbooks.com/Recipe-Details.aspx?id=695287,Gathered,"[""sour cream"", ""accent"", ""garlic salt"", ""mayonnaise"", ""dill weed""]",www.cookbooks.com
Salmon And Asparagus Lasagne,"[""500 g fresh asparagus"", ""500 g fresh salmon fillets"", ""250 g lasagna sheets (lasagne verde if possible)"", ""30 g freshly grated parmesan cheese"", ""For the Bechamel sauce"", ""6 cloves"", ""1 onion, halved"", ""2 bay leaves"", ""2 3/4 pins milk"", ""1 pinch saffron (can use 2tbsp fresh dill instead)"", ""85 g butter"", ""85 g flour"", ""1/4 teaspoon nutmeg (freshly grated)"", ""1/8 teaspoon salt"", ""1/8 teaspoon fresh ground black pepper""]","[""First make the bechemel. Stud the onion halves with the cloves and put them in a pan with the bay leaves and the milk. Heat until hot but not boiling, turn the heat down to an absolute minimum and leave to infuse for 20 minutes."", ""Discard the onion, cloves and bay leaves, put the saffron into a small dish and infuse in 1 tbsp boiling water."", ""Melt the butter in a large saucepan then add the flour, stir for 1 minute and take off the heat and gradually add the hot infused milk."", ""Return to the heat, add the dill if using and gently simmer for 10 minutes stirring constantly until as thick as quite thick pouring cream."", ""Season with salt, pepper and nutmeg and stir in the saffron, taste and adjust seasoning if necessary."", ""While the sauce is simmering, simmer the asparagus over a medium heat for 4 minutes only and run under a cold tap to halt the cooking process. It should be slightly underdone."", ""Slice the salmon thinly at a 45 degree angle across the grain"", ""Preheat the oven to 200C/400\u00b0F."", ""To assemble the lasagne you need a large oven proof dish. Start with a thin layer of bechemel, then a layer of lasagne DO NOT OVERLAP THE LASAGNE SHEETS."", ""More bechemel then all of the asparagus in a single layer, cover with bechemel then another layer of lasagne."", ""Another thin layer of bechemel, then the slices of salmon and more bechemel to cover."", ""1 more layer of lasagne sheets, the rest of the bechemel and finish with the parmesan cheese on top."", ""Bake for 45 minutes until the top is nicely browned."", ""Delicious!""]",www.food.com/recipe/salmon-and-asparagus-lasagne-400417,Gathered,"[""fresh ground black pepper"", ""nutmeg"", ""parmesan cheese"", ""cloves"", ""onion"", ""saffron"", ""flour"", ""bay leaves"", ""lasagna sheets"", ""milk"", ""butter"", ""bechamel sauce"", ""salt""]",www.food.com
Spinach Balls,"[""4 eggs"", ""470 ml herb seasoned stuffing mix"", ""1 medium onion"", ""120 ml Parmesan cheese"", ""1/2 tsp. thyme"", ""1 tsp. salt"", ""1/2 tsp. pepper"", ""1/2 tsp. garlic powder"", ""2 (280 g) pkg. chopped spinach"", ""3/4 stick margarine, melted""]","[""Cook and drain spinach."", ""Melt margarine."", ""Beat eggs."", ""Combine all ingredients."", ""Chill well."", ""Roll into 1-inch balls and bake on cookie sheet at 350\u00b0 for 10 to 15 minutes.""]",www.cookbooks.com/Recipe-Details.aspx?id=756381,Gathered,"[""pepper"", ""eggs"", ""parmesan cheese"", ""onion"", ""thyme"", ""garlic powder"", ""chopped spinach"", ""margarine"", ""herb seasoned stuffing mix"", ""salt""]",www.cookbooks.com
Quickie Beef Stroganoff,"[""450 to 910 g round steak"", ""1 onion, sliced"", ""1 clove garlic, crushed"", ""1 can cream of mushroom soup"", ""240 ml sour cream"", ""2 Tbsp. ketchup"", ""2 tsp. Worcestershire sauce"", ""1 Tbsp. oil""]","[""Cut steak into strips; brown in 1 tablespoon oil."", ""Add onion and garlic; cook 5 minutes."", ""Combine cream of mushroom soup, sour cream, ketchup and Worcestershire."", ""Add to meat."", ""Simmer 10 minutes."", ""Serves 4 to 6."", ""Serve over egg noodles or rice.""]",www.cookbooks.com/Recipe-Details.aspx?id=651098,Gathered,"[""oil"", ""sour cream"", ""cream of mushroom soup"", ""onion"", ""clove garlic"", ""ketchup"", ""worcestershire sauce""]",www.cookbooks.com
Salmon Puffs,"[""430 g pink salmon"", ""1 egg"", ""1 teaspoon baking powder heaping"", ""240 ml flour""]","[""Pour juice out of can into a measuring cup and set aside. Mix drained salmon and egg. Add sifted flour. Stir thoroughly. It will be very thick."", ""Add pepper to taste. Take 1/4 cup of salmon juice, add heaping teaspoon of baking powder to the juice, beat with a fork. It will foam. Pour into salmon mixture and mix thoroughly. Put into hot oil (deep fryer) by the teaspoon full, it will puff up and be light and crispy. It is done when the puff is light brown (golden). We make a cocktail sauce of catsup, ground fresh horseradish, and worchestershire sauce, about 1 cup catsup, 1 tablespoon horseradish, 1 teaspoon worchestershire sauce. Probably would be much better with freshly caught salmon""]",www.yummly.com/recipe/Salmon-Puffs-1671218,Gathered,"[""flour"", ""baking powder heaping"", ""salmon"", ""egg""]",www.yummly.com
Chocolate-Dipped Mexican Wedding Cookies,"[""180 ml PLANTERS Sliced Almonds, divided"", ""240 ml butter, softened"", ""120 ml powdered sugar"", ""1 tsp. vanilla"", ""470 ml flour"", ""1 pkg. (115 g) BAKER'S Semi-Sweet Chocolate""]","[""Heat oven to 350F."", ""Reserve 48 nuts (about 2 Tbsp."", ""); process remaining nuts in food processor or blender just until evenly ground."", ""Beat butter and sugar in large bowl with mixer until light and fluffy."", ""Blend in ground nuts and vanilla."", ""Gradually beat in flour until blended."", ""Shape dough into 48 (1-inch) balls."", ""Place, 1-1/2 inches apart, on parchment-covered baking sheets."", ""Bake 14 to 15 min."", ""or until bottoms of cookies are lightly browned."", ""Cool 5 min."", ""on baking sheets."", ""Remove to wire racks; cool completely."", ""Melt chocolate as directed on package."", ""Dip cookies, 1 at a time, halfway into melted chocolate; place on parchment-covered rimmed baking sheet."", ""Top with reserved nuts."", ""Refrigerate 30 min."", ""or until chocolate is firm.""]",www.kraftrecipes.com/recipes/chocolate-dipped-mexican-wedding-cookies-169120.aspx,Recipes1M,"[""vanilla"", ""powdered sugar"", ""chocolate"", ""flour"", ""butter""]",www.kraftrecipes.com
Saucy Italian Orzo,"[""450 g ground beef"", ""1 large onion, chopped"", ""3 garlic cloves, minced"", ""2 cans (400-14 g each) diced tomatoes with basil, oregano and garlic"", ""1 can (400-14 g) beef broth"", ""1 can (170 g) tomato paste"", ""180 ml uncooked orzo pasta"", ""1 teaspoon Italian seasoning"", ""470 ml fresh baby spinach""]","[""In a Dutch oven, cook the beef, onion and garlic over medium heat until meat is no longer pink; drain."", ""Stir in the tomatoes, broth, tomato paste, orzo and Italian seasoning. Bring to a boil. Reduce heat; cover and simmer for 15-20 minutes or until orzo is tender. Add spinach; cook and stir until spinach is wilted.""]",www.tasteofhome.com/recipes/saucy-italian-orzo/,Gathered,"[""tomatoes"", ""tomato paste"", ""italian seasoning"", ""baby spinach"", ""onion"", ""beef broth"", ""orzo pasta"", ""ground beef"", ""garlic""]",www.tasteofhome.com
Fillet Of Beef (Beef Tenderloin Whole),"[""1.8 kg filet of beef, trimmed and tied"", ""2 tablespoons unsalted butter, at room temperature"", ""1 tablespoon kosher salt"", ""1 tablespoon fresh coarse ground black pepper""]","[""Preheat the oven to 500 degrees F."", ""Place the beef on a sheet pan and pat the outside dry with a paper towel."", ""Spread the butter on with your hands."", ""Sprinkle evenly with the salt and pepper."", ""Roast in the oven for exactly 22 minutes for rare and 25 minutes for medium-rare."", ""Remove the beef from the oven, cover it tightly with aluminum foil, and allow it to rest at room temperature for 20 minutes."", ""Remove the strings and slice the fillet thickly."", ""Note: Be sure your oven is very clean or the high temperature will cause it to smoke.""]",www.food.com/recipe/fillet-of-beef-beef-tenderloin-whole-57685,Gathered,"[""kosher salt"", ""filet of beef"", ""fresh coarse ground black pepper"", ""unsalted butter""]",www.food.com
Burrito Rolls,"[""Filling"", ""340 grams dried kidney beans - soaked overnight"", ""1 tablespoon olive oil"", ""120 grams onions - finely chopped"", ""1 teaspoon red chili - minced"", ""3 cloves garlic - minced"", ""1 teaspoon dried cumin"", ""1 teaspoon dried oregano"", ""1/4 teaspoon ground cloves"", ""240 milliliters tomato puree"", ""Guacamole and Savoury crepes"", ""2 avocados"", ""2 tablespoons fresh lemon juice"", ""2 cloves of garlic"", ""1/2 teaspoon pepper"", ""6 large eggs"", ""1 teaspoon coconut oil"", ""1/4 teaspoon cayenne"", ""1 teaspoon dried oregano"", ""1 pinch salt"", ""1 tablespoon coconut cream"", ""3 tablespoons coconut flour""]","[""Place kidney beans into medium sized saucepan, cover with water and bring to boil."", ""Turn down the heat and simmer for up to 2 hours until the beans are soft."", ""Drain the water from the beans."", ""Heat the olive oil in a large skillet and add the onion. Saute until onions are soft and golden."", ""Add the chili, garlic, cumin, oregano, and cloves and cook for 1 minute."", ""Add the beans and tomato puree and simmer until the sauce starts to thicken."", ""Add salt and pepper to taste."", ""For the guacamole, coop out avocado flesh into a food processor, add lemon juice, garlic, salt and pepper and process until desired smoothness. Refrigerate in an airtight jar."", ""For the crepes, combine the eggs with the coconut oil, cayenne, oregano, salt and whisk until light and frothy."", ""Add the sifted coconut flour and combine. The consistency of the batter should be the same as normal crepe batter. It should coat the back of the spoon but be quite thin."", ""Heat a little oil in a frying pan on medium heat and pour about 1/4 cup of batter into the pan."", ""Lift the pan by the handle and roll the batter over the surface of the pan until a nice round crepe is achieved."", ""It only takes around one minute for the crepe to brown on one side. Turn it over and brown on the other side.""]",food52.com/recipes/30428-burrito-rolls,Gathered,"[""coconut flour"", ""eggs"", ""ground cloves"", ""coconut oil"", ""red chili"", ""tomato puree"", ""crepes"", ""coconut cream"", ""avocados"", ""filling"", ""kidney beans"", ""cumin"", ""lemon juice"", ""onions"", ""olive oil"", ""salt"", ""cayenne"", ""oregano"", ""pepper"", ""garlic""]",food52.com
Strawberry Bread,"[""240 ml butter"", ""1 1/2 tsp. sugar"", ""1 tsp. vanilla"", ""1 tsp. salt"", ""1 tsp. lemon juice"", ""4 eggs"", ""120 ml sour cream"", ""1/2 tsp. baking soda"", ""710 ml flour"", ""120 ml nuts (optional)"", ""240 ml strawberry preserves"", ""1 1/2 tsp. red food coloring""]","[""Blend butter, sugar, vanilla, salt and lemon juice in a large bowl."", ""Beat in eggs, one at a time."", ""Dissolve soda in sour cream. Add to egg mixture. Fold in remaining ingredients; mix well."", ""Pour batter into 2 greased loaf pans or into cupcake pans. Bake at 350\u00b0 for 35 to 40 minutes. Cupcakes take 20 to 25 minutes. Serve with Strawberry Butter for a special treat.""]",www.cookbooks.com/Recipe-Details.aspx?id=815791,Gathered,"[""sour cream"", ""sugar"", ""vanilla"", ""lemon juice"", ""eggs"", ""baking soda"", ""strawberry preserves"", ""red food coloring"", ""flour"", ""nuts"", ""butter"", ""salt""]",www.cookbooks.com
Hot Cocoa Mix,"[""2.35 l powdered milk"", ""1 (910 g) can hot chocolate mix"", ""180 ml Cremora"", ""350 ml powdered sugar""]","[""Mix all 4 ingredients in large container that you can store it in, also."", ""To make a serving of hot cocoa, use 1/4 cup to 1/2 cup of mix in cup and add boiling water."", ""Stir and add marshmallows, if desired.""]",www.cookbooks.com/Recipe-Details.aspx?id=764612,Gathered,"[""powdered sugar"", ""cremora"", ""powdered milk"", ""hot chocolate""]",www.cookbooks.com
Molasses Oatmeal Cookies Recipe,"[""470 ml rolled oats"", ""240 ml sugar"", ""710 ml flour"", ""2 teaspoon cinnamon"", ""2 teaspoon ginger"", ""1 teaspoon cloves"", ""1 teaspoon allspice or possibly nutmeg"", ""1 teaspoon salt"", ""2 teaspoon soda"", ""240 ml molasses"", ""240 ml shortening"", ""2 Large eggs""]","[""Mix all dry ingredients."", ""Add in molasses, shortening and Large eggs, well beaten."", ""Roll as thin as possible, with as little extra flour as possible.""]",cookeatshare.com/recipes/molasses-oatmeal-cookies-6492,Recipes1M,"[""sugar"", ""ginger"", ""shortening"", ""eggs"", ""cinnamon"", ""cloves"", ""soda"", ""molasses"", ""flour"", ""allspice"", ""rolled oats"", ""salt""]",cookeatshare.com
Fresh Pear Chutney,"[""2 medium shallot lobes, peeled and sliced"", ""1 tablespoon neutral oil"", ""Salt"", ""1 garlic clove, minced"", ""Juice of 1/2 lime"", ""2 tablespoons white wine vinegar"", ""Pinch turbinado sugar"", ""Tiny pinch of ground cumin"", ""2 pears, cored and coarsely chopped (peeling is optional)"", ""180 ml peeled and coarsely chopped cucumber"", ""1 tablespoon chopped cilantro"", ""Freshly ground pepper (preferably white)""]","[""Gently saute the sliced shallots in the vegetable oil with a tiny pinch of salt until the thin edges become light brown. Add the garlic and cook for another thirty seconds or so, stirring all the while."", ""Remove the shallots and garlic from the pan, pressing to release into the pan the oil in which they cooked, and put them in the bowl in which you plan to make the chutney. Add the lime juice and vinegar to the pan with the infused oil, along with the sugar, and whisk to combine."", ""Put the pears and cucumber in the bowl with the shallots and gently toss. Sprinkle the cumin over them, then pour the dressing on."", ""Add the chopped cilantro and gently toss again. Test for salt and correct. Add a few grinds of white pepper."", ""Let it sit for at least 30 minutes before serving. This is best at room temperature, and if you're serving company, it's best served no more than 4 or 5 hours after you make it. (The fruit breaks down a bit if held much longer.)"", ""Enjoy!! ;o)""]",food52.com/recipes/14399-fresh-pear-chutney,Gathered,"[""shallot lobes"", ""ground cumin"", ""turbinado sugar"", ""cilantro"", ""freshly ground pepper"", ""neutral oil"", ""white wine vinegar"", ""lime"", ""garlic"", ""\u00be"", ""salt""]",food52.com
Burnt Broccoli,"[""head of broccoli"", ""olive oil"", ""kosher salt"", ""pepper""]","[""Break up broccoli and place in a roasting pan."", ""Drizzle with olive oil and season with salt and pepper to taste."", ""Bake in a 350- 400 degree oven until edges of broccoli start to turn black (about an hour).""]",www.food.com/recipe/burnt-broccoli-93638,Gathered,"[""pepper"", ""head of broccoli"", ""olive oil"", ""kosher salt""]",www.food.com
Sweet Chili-Cream Cheese Dip,"[""1 pkg. (250 g) Philadelphia Brick Cream Cheese"", ""240 ml sweet chili sauce""]","[""Place cream cheese in serving dish."", ""Top with chili sauce.""]",www.kraftrecipes.com/recipes/sweet-chili-cream-cheese-dip-181110.aspx,Recipes1M,"[""sweet chili sauce"", ""cream cheese""]",www.kraftrecipes.com
Savory Kraut Quiche,"[""1 (9-inch) unbaked pastry shell"", ""225 g bacon, cooked, drained and crumbled"", ""120 ml diced onion"", ""3 eggs"", ""240 ml milk"", ""1/4 tsp. black pepper"", ""470 ml sauerkraut, rinsed and drained"", ""240 ml grated Cheddar cheese""]","[""Place crumbled bacon in pastry shell. Cover with onion. Slightly beat eggs with milk and pepper. Stir in kraut and cheese, saving enough to sprinkle over top."", ""Pour over bacon and onion. Top with cheese. Bake 45 minutes at 375\u00b0.""]",www.cookbooks.com/Recipe-Details.aspx?id=529495,Gathered,"[""bacon"", ""black pepper"", ""eggs"", ""cheddar cheese"", ""onion"", ""pastry shell"", ""milk"", ""sauerkraut""]",www.cookbooks.com
Coconut Caramel Sauce With Vanilla Ice Cream And Mango,"[""80 ml sugar"", ""240 ml coconut milk"", ""2 None mangoes, peeled, seeded and cut into 3/4-inch cubes"", ""None None Vanilla ice cream, to serve""]","[""Place sugar and 2 tbsp water in a heavy-bottomed saucepan on medium heat. Cook, stirring, 2 mins until sugar dissolves. Increase heat to high. Cook, without stirring, for 1-2 mins until golden."", ""Remove from heat. Gradually pour in coconut milk, taking care as it will spit. Return pan to high heat and stir until smooth. Reduce heat to low and simmer 5 mins, until sauce thickens."", ""Divide mango among serving bowls. Top with a scoop of ice cream. Drizzle with warm sauce to serve.""]",recipes-plus.com/api/v2.0/recipes/23479,Gathered,"[""coconut milk"", ""mangoes"", ""sugar"", ""vanilla ice cream""]",recipes-plus.com
Come Back Salad Dressing,"[""1 tsp. garlic powder"", ""60 ml chili sauce"", ""60 ml catsup"", ""1 tsp. prepared mustard"", ""120 ml Wesson oil"", ""2 tsp. water"", ""1 tsp. Worcestershire sauce"", ""1 tsp. black pepper"", ""1 dash Tabasco sauce"", ""1 tsp. paprika"", ""1 Tbsp. onion juice""]","[""Mix and shake together in jar."", ""Store in refrigerator."", ""Shake before serving.""]",www.cookbooks.com/Recipe-Details.aspx?id=562400,Gathered,"[""onion juice"", ""chili sauce"", ""black pepper"", ""tabasco sauce"", ""wesson oil"", ""water"", ""catsup"", ""garlic powder"", ""paprika"", ""mustard"", ""worcestershire sauce""]",www.cookbooks.com
Cheese-Zucchini Bake,"[""470 ml (450 g) small-curd creamed cottage cheese"", ""1/2 tsp. each dried basil and oregano leaves, crumbled"", ""1 (65 g) can sliced ripe olives, drained"", ""1 egg, slightly beaten"", ""4 Tbsp. all-purpose flour"", ""1.2 l thinly sliced zucchini or other summer squash (about 680 g)"", ""1 medium onion, chopped"", ""1 clove garlic, minced or pressed"", ""2 Tbsp. butter or margarine"", ""1/2 tsp. salt"", ""1/8 tsp. black pepper"", ""grated Parmesan cheese""]","[""Mix cottage cheese, herbs, olives, egg and 1 tablespoon of the flour; set aside.""]",www.cookbooks.com/Recipe-Details.aspx?id=26165,Gathered,"[""egg"", ""black pepper"", ""parmesan cheese"", ""onion"", ""basil"", ""flour"", ""clove garlic"", ""cottage cheese"", ""olives"", ""butter"", ""zucchini"", ""salt""]",www.cookbooks.com
Adrianna'S Asparagus Salad,"[""1 bunch asparagus"", ""240 ml Manchego cheese or Parmisan (freshly grated)"", ""1 lemon"", ""7 dried thyme flowers"", ""6 tablespoons olive oil"", ""1 teaspoon thyme honey"", ""pepper""]","[""Cut off the heads of the asparagus and keep them apart for a different recipe (pasta maybe?). Eliminate the white bottoms of the asparagus and then use a potato peeler to cut them in thin slices. Place them in a salad bowl."", ""Prepare the dressing using a small spoon of honey, 7/8 rubbed thyme flowers, the juice of a squeezed lemon and some olive oil. Dress the asparagus abundantly."", ""Before serving, add some grated Manchego cheese (or Parmesan) and some freshly grinded pepper.""]",food52.com/recipes/22885-adrianna-s-asparagus-salad,Gathered,"[""pepper"", ""manchego cheese"", ""thyme flowers"", ""thyme"", ""asparagus"", ""lemon"", ""olive oil""]",food52.com
Roasted Green Beans And Baby Red Potatoes,"[""450 g green beans, fresh and whole"", ""450 g baby red potato, fresh and whole"", ""coarse salt"", ""cooking spray, olive oil flavored""]","[""Preheat oven to 350\u00b0."", ""Thoroughly wash the whole green beans and cut off the stems. Lay whole green beans on paper towels to dry."", ""Thoroughly wash, do not peel, the baby red potatoes using a brush to scrub the eyes. If the potatoes are golf ball size or larger, cut them in half. Lay whole baby red potatoes on paper towels to dry."", ""Gently spray 2 large flat baking pans with olive oil flavored cooking spray. (I use 9\""X13\"" metal or glass pans)."", ""Lay the green beans in one pan. It's best if they all lay flat on the bottom of the pan."", ""Lay the potatoes in the other pan, laying flat, not piled up on top of each other."", ""Generously spray both pans of veggies with olive oil flavored (or butter flavored) cooking spray."", ""Place the pans in the oven on the rack above center, but not on the top rack."", ""Bake for 25 minutes or until roasted, slightly brown, and fork tender."", ""If baked for 25 minutes and the vegetables are not as brown as desired, broil for two or three minutes, watching closely."", ""Remove from oven, pour potatoes over the green beans, sprinkle with coarse ground salt, toss gently, and serve immediately.""]",www.food.com/recipe/roasted-green-beans-and-baby-red-potatoes-397924,Gathered,"[""cooking spray"", ""green beans"", ""baby red potato"", ""salt""]",www.food.com
Easter Carrot Cheese Log,"[""2 packages cream cheese 225 g each, room temperature"", ""115 g shredded sharp cheddar cheese finely, yellow"", ""65 g ripe olives sliced, rinsed, drained"", ""55 g pimento stuffed manzanilla olives, rinsed, drained"", ""2 teaspoons taco seasoning mix mild"", ""parsley sprigs fresh, rinsed, stems cut to 2-3\"" lengths"", ""crackers"", ""pita chips"", ""toast""]","[""Using a food chopper, mince the ripe olives and manzanilla olives. In a medium bowl, add the cream cheese, cheddar cheese, minced olives and taco seasoning."", ""Using a hand mixer set to low, combine ingredients. Increase speed to medium and mix well to incorporate all ingredients."", ""On a flat serving plate, using a silicone bowl scraper, shape the cheese mixture to form a carrot shape, approximately 2 inches deep."", ""Press shredded cheddar cheese on the top and all sides to cover the carrot-shaped cheese."", ""With a napkin or paper towel, pat dry the parsley then insert the stems into the top of the carrot."", ""Using a damp napkin, remove excess cheese from the plate before serving."", ""Cover with plastic wrap and refrigerate for at least 2 hours."", ""Serve with crackers, pita chips or toast.""]",www.yummly.com/recipe/Easter-Carrot-Cheese-Log-1654682,Gathered,"[""pita chips"", ""taco"", ""cheddar cheese"", ""crackers"", ""cream cheese"", ""manzanilla olives"", ""parsley"", ""olives""]",www.yummly.com
Chocolate Pb & J Cups,"[""380 g semisweet chocolate chips I used Enjoy Life mini chips"", ""3 tablespoons coconut oil"", ""5 tablespoons peanut butter creamy salted, well stirred"", ""80 ml grape jelly or your favorite flavor""]","[""Prepare 24 mini cupcake liners on a baking sheet sized to fit your freezer. Note: You will need a total of 2 hrs of chill time for this recipe."", ""For melting chocolate: set a sauce pan over medium heat containing about an inch of water, then place a glass, or heat proof bowl over the sauce pan. Careful not to let the simmering water touch the bowl."", ""Add chocolate chips and coconut oil, stir to combine."", ""When completely melted, carefully remove from saucepan and set aside to cool for a minute."", ""Note: I find that lining a mini cupcake pan - rather than have each mini free standing - cumbersome since finger marks usually will end up on the chocolate."", ""Using a 1/2 tablespoon measuring spoon, pour measured melted chocolate into each mini cupcake liner."", ""When done transfer to the freezer."", ""Freeze for about an hour, until hardened."", ""Set remaining melted chocolate aside for later."", ""Meanwhile, scoop peanut butter into a sandwich sized ziploc bag and cut a 1/4 inch hole off one corner (make sure it's not dripping in oil, if so add 2 tablespoons of powdered sugar as Love and Lemons does."", ""My peanut butter is a no-stir type and relatively \""oil free\"" with only peanuts and salt as the ingredients)."", ""Scoop jelly into another sandwich bag and do the same. When bottom layer has hardened, pipe about 1/2 of a teaspoons worth of peanut butter in the center of each cup. Then freeze all the cups for 15 minutes and repeat with jelly. I did more like a heaping 1/2 teaspoon of jelly."", ""Note: No need to measure this out; just eyeball it and keep the peanut butter and jelly in the center as much as you can."", ""Pour another 1/2-1 tablespoon of the remaining melted chocolate (we are not using tempered chocolate here since we all plan to eat these in a matter of minutes! hehe) to cover fully. Make sure to fill any open areas along the cupcake liners."", ""Freeze another 30 minutes to an hour until hardened."", ""Thaw at room temperature or refrigerate for 20-30 minutes before eating to allow the peanut butter to soften up.""]",www.yummly.com/recipe/Chocolate-PB-_-J-Cups-1651368,Gathered,"[""coconut oil"", ""chocolate chips"", ""peanut butter"", ""grape jelly""]",www.yummly.com
Marinated Bean Salad,"[""1 (No. 303) can each green beans, yellow wax beans, chick beans, kidney beans and baby lima beans"", ""2 onions, sliced"", ""1 green pepper, sliced"", ""1 tsp. salt"", ""1 tsp. pepper"", ""1 tsp. garlic powder"", ""350 ml sugar"", ""300 ml salad oil"", ""470 ml vinegar"", ""240 ml celery, cut up""]","[""Drain all beans."", ""Combine all ingredients."", ""Marinate overnight in refrigerator."", ""Makes 20 servings.""]",www.cookbooks.com/Recipe-Details.aspx?id=666844,Gathered,"[""vinegar"", ""sugar"", ""pepper"", ""salad oil"", ""celery"", ""garlic powder"", ""green beans"", ""onions"", ""green pepper"", ""salt""]",www.cookbooks.com
Avocado Goat Cheese Truffles,"[""1 package (225 g) cream cheese, softened"", ""120 ml shredded pepper jack cheese"", ""60 ml fresh goat cheese"", ""1 garlic clove, minced"", ""1 teaspoon grated lime zest"", ""1 teaspoon olive oil"", ""1/2 teaspoon chili powder"", ""1/4 teaspoon crushed red pepper flakes"", ""1 green onion, minced"", ""1 tablespoon minced fresh cilantro"", ""3 medium ripe avocados, peeled"", ""1 tablespoon lime juice"", ""470 ml salted pumpkin seeds or pepitas, finely chopped"", ""Pretzel sticks, optional""]","[""In a small bowl, beat cheeses, garlic, lime zest, oil, chili powder and pepper flakes until blended. Stir in onion and cilantro. Refrigerate 1 hour or until firm."", ""With a small melon baller, scoop out avocado balls onto a"", ""; sprinkle with lime juice. Shape 1-1/2 teaspoons cheese mixture around each ball, then roll in pumpkin seeds. Place on a waxed paper-lined"", "". Refrigerate until serving. If desired, serve with pretzel sticks.""]",www.tasteofhome.com/recipes/avocado-goat-cheese-truffles/,Gathered,"[""lime zest"", ""pepper"", ""pumpkin seeds"", ""fresh goat cheese"", ""chili powder"", ""red pepper"", ""green onion"", ""cream cheese"", ""lime juice"", ""avocados"", ""garlic"", ""olive oil"", ""fresh cilantro""]",www.tasteofhome.com
Fajitas Pronto,"[""240 ml picante sauce"", ""2 green onions with tops, sliced"", ""60 ml chopped fresh cilantro"", ""60 ml corn oil"", ""1 tsp. lemon juice"", ""1 clove garlic, minced"", ""1/2 tsp. salt"", ""1 (430 g) can pinto beans, drained"", ""2 tomatoes, seeded and chopped"", ""1 avocado, chopped"", ""450 g lean sirloin steak"", ""salt and pepper to taste"", ""950 ml shredded lettuce""]","[""Combine picante sauce, green onions, cilantro, oil, lemon juice, garlic and salt in bowl; mix well."", ""Combine 1/4 cup sauce with beans in bowl."", ""Combine 1/4 cup sauce with tomatoes and avocado in bowl."", ""Chill bean mixture and tomato mixture in refrigerator for 1 hour.""]",www.cookbooks.com/Recipe-Details.aspx?id=545990,Gathered,"[""lean sirloin steak"", ""tomatoes"", ""salt"", ""lemon juice"", ""green onions"", ""picante sauce"", ""shredded lettuce"", ""avocado"", ""corn oil"", ""clove garlic"", ""pinto beans"", ""fresh cilantro""]",www.cookbooks.com
Hot Virginia Dip,"[""240 ml chopped pecans"", ""2 tsp. margarine"", ""450 g cream cheese"", ""4 Tbsp. milk"", ""85 g dried beef, chopped"", ""1/8 tsp. garlic powder"", ""240 ml sour cream"", ""4 tsp. minced onion""]","[""Saute pecans in the margarine; set aside."", ""Combine and mix remaining ingredients."", ""Place in 1 1/2-quart casserole."", ""Top with sauteed pecans."", ""Cover and chill."", ""Bake at 350\u00b0 for 20 to 25 minutes, covered."", ""Serve with crackers.""]",www.cookbooks.com/Recipe-Details.aspx?id=175752,Gathered,"[""sour cream"", ""pecans"", ""onion"", ""cream cheese"", ""garlic powder"", ""margarine"", ""milk"", ""beef""]",www.cookbooks.com
Peanut Butter Fudge,"[""1 (200 g) jar Marshmallow Creme"", ""240 ml peanut butter"", ""350 ml sugar"", ""60 ml Milnot evaporated milk"", ""1 tsp. vanilla""]","[""Place Marshmallow Creme and peanut butter in a large bowl. Mix together."", ""Cook sugar and milk until it reaches soft ball stage (about 12 minutes)."", ""Remove from heat."", ""Add vanilla and pour into the peanut butter and Marshmallow Creme mixture."", ""Mix until creamy."", ""Pour into a greased pan."", ""Let cool.""]",www.cookbooks.com/Recipe-Details.aspx?id=840858,Gathered,"[""sugar"", ""vanilla"", ""peanut butter"", ""marshmallow creme"", ""milk""]",www.cookbooks.com
Spicy Lime Marinated Grilled Chicken Breasts,"[""60 ml lime juice"", ""60 ml dry white wine"", ""120 ml olive oil"", ""2 tablespoons chopped garlic"", ""1 tablespoon Worcestershire sauce"", ""1 1/2 teaspoons Tabasco sauce"", ""1 1/2 teaspoons garlic granules"", ""1 1/2 teaspoons dry mustard"", ""1 1/2 teaspoons peppercorns, crushed"", ""1 1/2 teaspoons italian seasoning"", ""1 teaspoon kosher salt"", ""4 boneless skinless chicken breasts""]","[""Combine all marinade ingredients in a large, resealable plastic bag and add chicken; tightly seal the bag and refrigerate for 1 to 8 hours, turning occasionally."", ""Grill over high heat, 4-6 minutes per side (depending on size/thickness of breasts)."", ""To freeze:"", ""Place chicken and marinade in a freezer bag; seal, label and freeze."", ""Thaw in fridge overnight and proceed with cooking directions.""]",www.food.com/recipe/spicy-lime-marinated-grilled-chicken-breasts-118026,Gathered,"[""peppercorns"", ""chicken breasts"", ""italian seasoning"", ""tabasco sauce"", ""worcestershire sauce"", ""lime juice"", ""white wine"", ""kosher salt"", ""garlic"", ""mustard"", ""olive oil""]",www.food.com
Black Sesame Brown Sugar Shortbread,"[""240 ml (2 sticks) unsalted butter, at room temperature"", ""120 ml packed light brown sugar"", ""590 ml all-purpose flour"", ""2 tablespoons cornstarch"", ""1/2 teaspoon salt"", ""2 tablespoons plus 2 teaspoons black sesame seeds""]","[""Put racks in the center and upper third of the oven and preheat the oven to 325\u00b0 F. Line 2 baking sheets with parchment paper."", ""In the bowl of an electric mixer fitted with the paddle attachment, beat together the butter and sugar until light and fluffy, 3 to 4 minutes."", ""In a small bowl, whisk together the flour, cornstarch, salt, and sesame seeds. Add the flour mixture to the butter mixture, 1 cup at a time, beating after each addition, until it is all incorporated. The mixture will be thick and crumbly. Transfer it to a counter and knead it into a smooth dough. Wrap the dough in plastic wrap and refrigerate for 20 minutes."", ""Transfer the chilled dough to a lightly floured counter and roll it into an 1/2 inch-thick triangle. Cut it into 2-inch squares, and cut each square into triangles. Transfer to the prepared baking sheets."", ""Bake until just lightly golden brown around the edges, 20 to 22 minutes. Remove from the oven and let cool. The cookies will keep in an airtight container at room temperature for up to 7 days.""]",food52.com/recipes/31496-black-sesame-brown-sugar-shortbread,Gathered,"[""unsalted butter"", ""brown sugar"", ""flour"", ""cornstarch"", ""black sesame seeds"", ""salt""]",food52.com
Coconut Pie,"[""3 eggs"", ""240 ml sugar"", ""2/3 stick butter, melted"", ""80 ml buttermilk"", ""1 tsp. lemon flavoring"", ""1/2 can coconut"", ""pie crust""]","[""Mix all ingredients. Pour into pie crust. Bake at 375\u00b0"", ""for 10 minutes. Reduce heat to 325\u00b0 and cook for 25 to 30 minutes, until firm.""]",www.cookbooks.com/Recipe-Details.aspx?id=43207,Gathered,"[""buttermilk"", ""lemon flavoring"", ""sugar"", ""eggs"", ""pie crust"", ""coconut"", ""butter""]",www.cookbooks.com
Easy Crumb Cake,"[""470 ml flour"", ""2 tsp. baking powder"", ""350 ml sugar"", ""180 ml butter"", ""2 eggs"", ""180 ml milk"", ""1 tsp. vanilla""]","[""Sift dry ingredients together."", ""Add butter."", ""Mix and rub together to form crumbs."", ""Remove 3/4 cup of crumbs for topping. Add eggs, milk and vanilla to rest of crumbs."", ""Beat until smooth. Add crumbs."", ""Bake 30 minutes at 350\u00b0.""]",www.cookbooks.com/Recipe-Details.aspx?id=551210,Gathered,"[""baking powder"", ""sugar"", ""vanilla"", ""eggs"", ""flour"", ""milk"", ""butter""]",www.cookbooks.com
Slow Cooker Chicken Stock,"[""1 leftover rotisserie chicken carcass"", ""1 medium onion, quartered"", ""1 celery rib, coarsely chopped"", ""1 medium carrot, coarsely chopped"", ""2 fresh parsley sprigs"", ""2 fresh thyme sprigs"", ""1 bay leaf"", ""2 garlic cloves, halved"", ""1 teaspoon whole peppercorns"", ""1.4 l water""]","[""Place the first nine ingredients in a 5-qt. slow cooker; add water. Cook, covered, on low 6-8 hours to allow flavors to blend."", ""Strain stock through a cheesecloth-lined colander; discard vegetables, bones, herbs and peppercorns. If using immediately, skim fat. Or, cool stock, then refrigerate 8 hours or overnight; remove fat from surface before using. (Stock may be refrigerated up to 3 days or frozen 4-6 months.)""]",www.tasteofhome.com/recipes/slow-cooker-chicken-stock/,Gathered,"[""carcass"", ""peppercorns"", ""onion"", ""water"", ""celery"", ""parsley sprigs"", ""thyme"", ""carrot"", ""garlic"", ""bay leaf""]",www.tasteofhome.com
Phyllo Cheese Puffs,"[""450 g finely shredded monterey jack cheese"", ""2 eggs, slightly beaten"", ""60 ml finely chopped chives"", ""1/4 teaspoon white pepper"", ""450 g phyllo dough, leaves thawed"", ""60 ml butter""]","[""Grate cheese into a bowl, stir in eggs, chives and white pepper until well mixed."", ""Lay one sheet of phyllo on your work space and brush with butter. Lay another sheet on top and brush with butter. Cut the sheets into 3 long strips. (Keep remaining dough covered with wax paper and damp towel to prevent it from drying out.)."", ""Place a heaping teaspoon filling at the end of each strip, fold end over end into a triangular shape (flag fold)."", ""Place on grease cookie sheet. Puffs can be covered and refrigerated no longer than 24 hours at this point."", ""Heat over to 350 degrees. Brush puffs with melted butter and bake until golden, about 15 minutes.""]",www.food.com/recipe/phyllo-cheese-puffs-188897,Gathered,"[""eggs"", ""white pepper"", ""phyllo dough"", ""cheese"", ""chives"", ""butter""]",www.food.com
Black Bottom Cupcakes,"[""225 g cream cheese"", ""1 egg"", ""80 ml sugar"", ""1/8 tsp. salt"", ""170 g chocolate chips"", ""710 ml flour"", ""120 ml cocoa"", ""1/2 tsp. salt"", ""2 tsp. vanilla"", ""470 ml water"", ""470 ml sugar"", ""2 tsp. soda"", ""160 ml oil"", ""2 Tbsp. vinegar""]","[""Mix the first 5 ingredients in a small bowl, adding chocolate chips last."", ""Set aside.""]",www.cookbooks.com/Recipe-Details.aspx?id=1061237,Gathered,"[""oil"", ""egg"", ""sugar"", ""vanilla"", ""vinegar"", ""soda"", ""cream cheese"", ""water"", ""flour"", ""cocoa"", ""chocolate chips"", ""salt""]",www.cookbooks.com
Caramel Pecan Pie,"[""240 ml packed brown sugar"", ""120 ml sugar"", ""1 Tbsp. all-purpose flour"", ""120 ml butter or margarine, melted"", ""2 eggs, beaten"", ""2 Tbsp. milk"", ""1 tsp. vanilla extract"", ""1 unbaked pastry shell (9-inch)"", ""240 ml coarsely chopped pecans""]","[""In a large mixing bowl combine the sugars and flour."", ""Add the butter, eggs, milk and vanilla."", ""Beat until smooth."", ""Pour into pie shell; sprinkle with pecans."", ""Bake at 350\u00b0 for 50 to 55 minutes or until set."", ""Cool completely."", ""Yield:"", ""6 to 8 servings.""]",www.cookbooks.com/Recipe-Details.aspx?id=147709,Gathered,"[""sugar"", ""vanilla extract"", ""brown sugar"", ""eggs"", ""pecans"", ""pastry shell"", ""flour"", ""milk"", ""butter""]",www.cookbooks.com
Ice Cream Icing,"[""470 ml 10x sugar"", ""1 egg white"", ""120 ml Crisco"", ""1 Tbsp. butter"", ""1 tsp. vanilla"", ""2 Tbsp. flour"", ""2 Tbsp. milk"", ""120 ml cocoa (chocolate cake)""]","[""Mix ingredients all together and beat until light and fluffy.""]",www.cookbooks.com/Recipe-Details.aspx?id=167276,Gathered,"[""egg"", ""sugar"", ""vanilla"", ""crisco"", ""flour"", ""cocoa"", ""milk"", ""butter""]",www.cookbooks.com
Lemon Meringue Pie,"[""1 can Eagle Brand sweetened condensed milk"", ""120 ml fresh squeezed lemon juice"", ""1 tsp. grated lemon peel"", ""2 egg yolks"", ""1 graham pie crust""]","[""Blend milk, lemon juice, lemon peel and egg yolks until thoroughly blended."", ""Pour into pie crust.""]",www.cookbooks.com/Recipe-Details.aspx?id=769197,Gathered,"[""condensed milk"", ""egg yolks"", ""graham pie crust"", ""fresh squeezed lemon juice""]",www.cookbooks.com
Liquid Hot Apple Pie,"[""3.8 l apple juice"", ""1 (2 liter) bottle cold ginger ale"", ""240 ml brown sugar"", ""470 ml whiskey"", ""470 ml spiced rum"", ""3 (3 inch) cinnamon sticks""]","[""In a large pot, combine the apple juice, ginger ale and brown sugar. Bring to a simmer and cook for 20 minutes. Cool to room temperature. Stir in the whiskey and spiced rum and let stand for 1 hour. Pour into 1 gallon jugs or containers and place a cinnamon stick in each one. Cover and store until serving. This can be served warm, but don't heat too much or the alcohol will burn off.""]",www.allrecipes.com/recipe/69574/liquid-hot-apple-pie/,Gathered,"[""whiskey"", ""brown sugar"", ""rum"", ""apple juice"", ""cold ginger"", ""cinnamon sticks""]",www.allrecipes.com
Chocolate Covered Cookies,"[""Ritz crackers"", ""Eagle Brand candy coating""]","[""Put peanut butter in middle of Ritz crackers to make a sandwich."", ""You can also use Ritz Bits crackers or mini or regular size Oreo cookies.""]",www.cookbooks.com/Recipe-Details.aspx?id=643344,Gathered,"[""coating"", ""crackers""]",www.cookbooks.com
Alton Brown'S Refrigerated Banana Pudding,"[""180 ml granulated sugar, plus 2 tablespoons"", ""3 tablespoons cornstarch"", ""1/4 teaspoon kosher salt"", ""2 large eggs"", ""1 large egg yolk"", ""470 ml whole milk"", ""3 tablespoons unsalted butter, cut into 6 pieces and chilled"", ""1/2 teaspoon vanilla extract"", ""45 vanilla wafers"", ""115 g banana liqueur"", ""3 ripe bananas, peeled and sliced into 1/4-inch rounds"", ""1 tablespoon fresh lemon juice"", ""240 ml heavy whipping cream, very cold""]","[""Combine 3/4 cup of the sugar, the cornstarch and salt in a 3-quart saucier. Add the eggs and egg yolk and whisk to combine. Add the milk and whisk until well combined, about 30 seconds. Cook over medium-low heat, stirring constantly until the mixture reaches 172 to 180 degrees F, approximately 5 to 10 minutes. The mixture will begin to thicken and bubble around the edges. Remove from the heat and whisk in the butter, 1 piece at a time, being sure each piece is fully incorporated before adding the next. Whisk in the vanilla extract. Cover the surface of the pudding with a round piece of parchment and refrigerate until the pudding reaches 45 degrees F, approximately 2 hours."", ""Lay the vanilla wafers on a half sheet pan. Slowly and evenly pour the banana liqueur over the cookies. Set aside for 10 minutes."", ""Toss the banana slices with the lemon juice in a small bowl and set aside."", ""Spread a small amount of pudding in the bottom of a 1 1/2-quart glass mixing bowl. Cover with a layer of vanilla wafers, followed by a layer of banana slices. Spoon 1/3 of the remaining pudding on top of the bananas and repeat, ending with a layer of pudding."", ""Put the whipping cream in the bowl of a stand mixer, add the remaining 2 tablespoons of sugar and whisk just until stiff peaks form. Spoon the whipped cream over the cooled pudding and spread to cover completely. Top with any remaining soaked cookies. Refrigerate for 30 minutes before serving. Store, covered, in the refrigerator for up to 3 days.""]",www.food.com/recipe/alton-browns-refrigerated-banana-pudding-479956,Gathered,"[""vanilla extract"", ""egg yolk"", ""milk"", ""granulated sugar"", ""lemon juice"", ""eggs"", ""vanilla wafers"", ""bananas"", ""heavy whipping cream"", ""cornstarch"", ""kosher salt"", ""banana liqueur"", ""unsalted butter""]",www.food.com
Green Bean Supreme Casserole,"[""1/2 tsp. onion powder or grated onion (optional)"", ""2 Tbsp. butter"", ""1/2 tsp. salt"", ""120 ml milk"", ""1/2 tsp. sugar"", ""115 g Swiss cheese, shredded"", ""2 Tbsp. melted butter"", ""2 Tbsp. flour (all-purpose)"", ""1/4 tsp. pepper"", ""120 ml sour cream"", ""2 (450 g) cans green beans, drained"", ""120 ml cracker crumbs""]","[""In large skillet, cook onion in butter for about 1 minute, if desired to have onion."", ""Blend in flour, sugar, salt and pepper. Add milk; cook until thick and bubbly."", ""Remove from heat."", ""Stir in sour cream."", ""Add beans."", ""Spread 1/3 of mixture in 1-quart casserole."", ""Sprinkle with 1/2 of Swiss cheese over beans."", ""Repeat layers, ending with beans."", ""Combine crumbs and butter; toss."", ""Top beans with crumb mixture."", ""Bake at 400\u00b0 for 20 minutes."", ""Enjoy.""]",www.cookbooks.com/Recipe-Details.aspx?id=455627,Gathered,"[""sour cream"", ""sugar"", ""pepper"", ""onion powder"", ""swiss cheese"", ""flour"", ""cracker crumbs"", ""green beans"", ""milk"", ""butter"", ""salt""]",www.cookbooks.com
Shrimp Etouffe,"[""4 tablespoons butter"", ""60 ml flour"", ""1 yellow pepper, chopped"", ""2 medium onions, chopped"", ""2 stalks celery, chopped"", ""2 garlic cloves, chopped"", ""710 ml water"", ""3 tablespoons tomato paste"", ""2 bay leaves"", ""1 1/2 teaspoons salt"", ""1/4 teaspoon thyme"", ""1/4 teaspoon pepper"", ""240 ml green onion"", ""60 ml parsley"", ""680 g shrimp, peeled and deveined"", ""hot cooked rice""]","[""Make the roux by melting the butter over medium-low heat in a Dutch Oven or other heavy pot and then gradually add the flour.STIR CONSTANTLY until smooth and a light brown color. Remove from heat but keep stirring until it has cooled down and there is no risk of burning it."", ""Return pot to burner and add yellow pepper, garlic, onions, celery and cook over medium heat until ingredients are soft."", ""Stir in water, tomatoe paste and spices."", ""Simmer for 30 minutes."", ""Add shrimp, parsley and green onions and cook for about 10 more minutes or until shrimp are pink and curled."", ""Serve over white rice.""]",www.food.com/recipe/shrimp-etouffe-210196,Gathered,"[""tomato paste"", ""pepper"", ""yellow pepper"", ""stalks celery"", ""green onion"", ""water"", ""flour"", ""thyme"", ""bay leaves"", ""onions"", ""parsley"", ""rice"", ""shrimp"", ""garlic"", ""butter"", ""salt""]",www.food.com
Hot Rolls,"[""2 pkg. yeast"", ""240 ml warm water"", ""3 Tbsp. sugar"", ""80 ml Crisco"", ""2 eggs"", ""120 ml warm tap water"", ""60 ml sugar"", ""1 tsp. salt"", ""1.2 l flour""]","[""Mix together first 3 ingredients and let dissolve."", ""Mix together remaining ingredients."", ""Mix all ingredients and let rise for 45 minutes or until double in size."", ""Punch down and roll out or pinch off and put in pans and let rise again."", ""Bake at 350\u00b0. Keeps well in refrigerator.""]",www.cookbooks.com/Recipe-Details.aspx?id=289312,Gathered,"[""sugar"", ""crisco"", ""eggs"", ""water"", ""flour"", ""yeast"", ""salt""]",www.cookbooks.com
Creamy Potato Bake,"[""instant mashed potatoes (enough for 6 servings)"", ""115 g carton whipped cream cheese"", ""1 beaten egg"", ""2 Tbsp. finely chopped onion"", ""1 Tbsp. finely snipped parsley or parsley flakes"", ""butter"", ""paprika""]","[""Prepare instant mashed potatoes according to package directions, omitting the butter."", ""After adding the potatoes, mix in whipped cream cheese and beat well."", ""Stir in egg, onion and snipped parsley or parsley flakes."", ""Blend."", ""Transfer to a well greased 1-quart baking dish."", ""Dot with butter."", ""Sprinkle lightly with paprika."", ""Bake at 400\u00b0 for 30 minutes.""]",www.cookbooks.com/Recipe-Details.aspx?id=818427,Gathered,"[""potatoes"", ""egg"", ""onion"", ""cream cheese"", ""parsley"", ""paprika"", ""butter""]",www.cookbooks.com
Cranberry Oatmeal Cookies,"[""2 sticks butter or margarine"", ""300 ml firmly packed brown sugar"", ""120 ml granulated sugar"", ""2 eggs"", ""2 Tbsp. milk"", ""2 tsp. vanilla"", ""410 ml all-purpose flour"", ""590 ml Quaker oats"", ""240 or 470 ml dried cranberries"", ""240 ml chopped nuts"", ""1/4 tsp. nutmeg"", ""1 tsp. cinnamon"", ""1 tsp. baking soda"", ""1/2 tsp. salt (optional)""]","[""Preheat oven to 350\u00b0."", ""Beat together margarine and sugars until creamy."", ""Add eggs, milk and vanilla."", ""Beat together well. Add flour, baking soda, salt, cinnamon and nutmeg."", ""Mix well. Stir in oats, cranberries and nuts."", ""Mix well."", ""Drop by rounded teaspoonfuls onto ungreased cookie sheets."", ""Bake 9 to 10 minutes if chewy cookies or 12 to 13 minutes for crispy cookies."", ""Cool. Yield:"", ""approximately 5 dozen.""]",www.cookbooks.com/Recipe-Details.aspx?id=1064940,Gathered,"[""sugar"", ""vanilla"", ""oats"", ""nutmeg"", ""brown sugar"", ""eggs"", ""cranberries"", ""cinnamon"", ""baking soda"", ""flour"", ""nuts"", ""milk"", ""butter"", ""salt""]",www.cookbooks.com
Composed Cobb Salad,"[""1.4 l chopped romaine lettuce leaves"", ""2 medium tomatoes, chopped"", ""240 ml diced cooked turkey"", ""1 small avocado, peeled and diced"", ""2 large hard-cooked eggs, peeled and chopped"", ""80 ml crumbled blue cheese"", ""2 slices bacon, crisp-cooked and crumbled"", ""40 sprays Wish-Bone(R) Salad Spritzers(R) Italian Vinaigrette Dressing""]","[""Arrange lettuce on serving platter. Top with diagonal rows of remaining ingredients, except Wish-Bone(R) Salad Spritzers(R) Italian Vinaigrette Dressing. Just before serving, spritz with Dressing."", ""Also terrific with Wish-Bone Italian Dressing."", ""Calories 280, Calories From Fat 160, Saturated Fat 5g, Trans Fat 0g, Total Fat 17g, Cholesterol 140mg, Sodium 450mg, Total Carbohydrate 12g, Sugars 5g, Dietary Fiber 6g, Protein 20g, Vitamin A 120%, Vitamin C 60%, Calcium 10%, Iron 10%""]",www.myrecipes.com/recipe/composed-cobb-salad,Gathered,"[""blue cheese"", ""bacon"", ""tomatoes"", ""wish"", ""romaine lettuce"", ""eggs"", ""turkey"", ""avocado""]",www.myrecipes.com
Frozen Berries With White Hot Chocolate,"[""570 g white chocolate, coarsely chopped"", ""590 ml heavy cream"", ""2 tablespoons vanilla extract"", ""1 kg frozen mixed berries or 1 kg frozen raspberries""]","[""Combine the chocolate, heavy cream, and the vanilla in a heat-proof bowl and set it over a pan of simmering water until the chocolate melts."", ""About 5 minutes before serving, remove the berries from the freezer and place them on individual serving plates. Ladle the warm chocolate sauce over the berries and serve.""]",www.food.com/recipe/frozen-berries-with-white-hot-chocolate-146828,Gathered,"[""heavy cream"", ""white chocolate"", ""frozen raspberries"", ""vanilla""]",www.food.com
Cabbage Rolls,"[""450 g hamburger"", ""120 ml raw rice"", ""1 egg"", ""1 tsp. salt"", ""1/8 tsp. pepper"", ""1/2 to 1 tsp. garlic (powder or minced)"", ""1 tall can tomato juice""]","[""Cook the rice and allow to cool."", ""Mix with the ingredients except for the tomato juice."", ""Core the cabbage, pour boiling water over cabbage to loosen the leaves."", ""Put about one handful of meat mixture in each leaf and fold over and place, fold side down, in large pan."", ""Pour tomato juice over the cabbage rolls and cook for 1 hour on top of stove with a lid on."", ""May require a little longer cooking time.""]",www.cookbooks.com/Recipe-Details.aspx?id=302016,Gathered,"[""egg"", ""pepper"", ""rice"", ""tomato juice"", ""garlic"", ""hamburger"", ""salt""]",www.cookbooks.com
Turkey Stuffing,"[""450 g cornbread stuffing mix"", ""240 ml water"", ""240 ml margarine, divided"", ""2 chicken bouillon cubes"", ""120 ml each: celery and onion"", ""450 g sausage"", ""120 ml chopped pecans"", ""2 eggs, beaten""]","[""Prepare stuffing using 1 cup water, 1/2 cup margarine and bouillon."", ""Saute onions and celery in 1/2 cup butter."", ""Brown sausage and add with drippings, pecans and eggs."", ""Mix well."", ""Brown lightly before serving.""]",www.cookbooks.com/Recipe-Details.aspx?id=504919,Gathered,"[""eggs"", ""pecans"", ""water"", ""celery"", ""margarine"", ""chicken bouillon cubes"", ""sausage"", ""cornbread stuffing mix""]",www.cookbooks.com
Peanut Butter No Bakes,"[""470 ml white sugar"", ""160 ml milk"", ""1 (280 g) package saltine crackers, crushed"", ""240 ml flaked coconut"", ""5 tablespoons peanut butter""]","[""Combine sugar and milk in a saucepan; bring to a boil, stirring constantly, for 3 minutes. Remove from heat; stir in crackers, coconut, and peanut butter until evenly combined. Drop spoonfuls of mixture onto waxed paper. Cool completely.""]",www.allrecipes.com/recipe/232877/peanut-butter-no-bakes/,Gathered,"[""white sugar"", ""saltine crackers"", ""peanut butter"", ""milk"", ""flaked coconut""]",www.allrecipes.com
Balsamic Chicken With Broccoli Couscous,"[""4 boneless skinless chicken breast halves (115 g each)"", ""1/2 teaspoon salt"", ""1/4 teaspoon pepper"", ""1 tablespoon olive oil"", ""2 tablespoons balsamic vinegar"", ""1 tablespoon honey"", ""1/4 teaspoon Italian seasoning"", ""1 can (400-14 g) chicken broth"", ""1/4 teaspoon garlic powder"", ""1/4 teaspoon pepper"", ""710 ml frozen chopped broccoli, thawed and drained"", ""240 ml uncooked couscous"", ""60 ml grated Parmesan cheese""]","[""Sprinkle chicken with salt and pepper. In a large skillet, heat oil over medium heat. Add chicken; cook 4-6 minutes on each side or until a thermometer reads 165\u00b0. Stir in vinegar, honey and Italian seasoning; heat through."", ""Meanwhile, in a small saucepan, bring broth, garlic powder and pepper to a boil. Stir in broccoli and couscous. Remove from heat; let stand, covered, 5-10 minutes or until broth is absorbed. Stir in cheese. Serve chicken with couscous.""]",www.tasteofhome.com/recipes/balsamic-chicken-with-broccoli-couscous/,Gathered,"[""pepper"", ""italian seasoning"", ""parmesan cheese"", ""chicken breast halves"", ""balsamic vinegar"", ""chicken broth"", ""broccoli"", ""couscous"", ""garlic"", ""honey"", ""olive oil"", ""salt""]",www.tasteofhome.com
Lasagna,"[""680 g ground beef"", ""2 cans crushed tomatoes"", ""450 g macaroni"", ""2 eggs"", ""2 Tbsp. oregano"", ""2 Tbsp. basil"", ""60 to 120 ml brown sugar"", ""tomato juice""]","[""Brown beef; drain."", ""Add 2 cups juice plus tomatoes, salt, pepper, eggs and spices; cook."", ""Mix with cooked macaroni; bake at 350\u00b0 for 30 minutes."", ""Cover with cheese."", ""Ten minutes before taking out of oven, I use Mozzarella cheese plus sharp Cheddar.""]",www.cookbooks.com/Recipe-Details.aspx?id=100759,Gathered,"[""oregano"", ""tomato juice"", ""tomatoes"", ""macaroni"", ""eggs"", ""brown sugar"", ""basil"", ""ground beef""]",www.cookbooks.com
Beef Stew,"[""450 to 910 g stew meat"", ""flour"", ""butter"", ""Crisco"", ""1 (225 g) can pieces and stems mushrooms"", ""potatoes"", ""carrots"", ""turnips"", ""celery"", ""1 large onion"", ""1 can beef broth"", ""salt, pepper, garlic salt and celery salt to taste""]","[""Roll stew meat pieces in flour."", ""Brown in heavy skillet or Dutch oven in butter and Crisco."", ""Add seasonings, onion, broth, mushrooms, potatoes, carrots, turnips and celery which has been cut into chunks."", ""Stir, then add water if necessary."", ""Cover and simmer for at least one hour or until done.""]",www.cookbooks.com/Recipe-Details.aspx?id=114491,Gathered,"[""potatoes"", ""mushrooms"", ""stew meat"", ""onion"", ""celery"", ""flour"", ""beef broth"", ""carrots"", ""butter"", ""salt""]",www.cookbooks.com
Sticky Buns,"[""2 loaves frozen bread"", ""120 ml margarine"", ""240 ml brown sugar"", ""1 large box vanilla pudding (not instant)"", ""2 Tbsp. milk"", ""1 tsp. cinnamon""]","[""Butter a 9 x 13-inch pan."", ""Break 1 loaf of bread into small balls and lay in pan."", ""Mix oleo, sugar, milk, pudding and cinnamon well."", ""Pour over bread balls."", ""Break the other loaf into balls and spread over the mixture."", ""Let rise until they are above the pan. Bake for 30 minutes in 350\u00b0 oven.""]",www.cookbooks.com/Recipe-Details.aspx?id=832818,Gathered,"[""bread"", ""brown sugar"", ""cinnamon"", ""margarine"", ""vanilla pudding"", ""milk""]",www.cookbooks.com
Rolls,"[""80 ml dry milk"", ""1 envelope yeast"", ""240 ml lukewarm water"", ""1 egg"", ""120 ml sugar"", ""60 ml oil""]","[""Mix first 3 ingredients in a blender; let stand for 15 minutes. Then, add next 3 ingredients."", ""In a large bowl measure 3 cups pre-sifted flour and add blended ingredients; mix well."", ""Let rise for 2 hours."", ""Flour a flat surface generously; knead dough until no sticky surface shows."", ""Roll; cut with a floured cutter."", ""Place close together in a greased pan."", ""Let rise for 45 minutes or longer if room isn't warm."", ""Bake at 350\u00b0 for 20 minutes.""]",www.cookbooks.com/Recipe-Details.aspx?id=853834,Gathered,"[""oil"", ""egg"", ""sugar"", ""water"", ""yeast"", ""milk""]",www.cookbooks.com
Buckeye Chocolate Cookies,"[""FOR THE COOKIES:"", ""240-120 ml All-purpose Flour"", ""120 ml Unsweetened Cocoa Powder"", ""1 teaspoon Baking Soda"", ""1/4 teaspoons Salt"", ""120 ml Unsalted Butter, Softened"", ""120 ml Granulated Sugar (plus About 80 ml Extra For Rolling)"", ""120 ml Light Brown Sugar"", ""60 ml Creamy Peanut Butter"", ""1 whole Egg"", ""1-1/2 teaspoon Vanilla Extract"", ""FOR THE FILLING:"", ""180 ml Creamy Peanut Butter"", ""180 ml Powdered Sugar"", ""1 pinch Salt""]","[""Preheat your oven to 375 F with about 20 minutes before baking to allow it to reach proper temperature. Line 2 baking sheets with parchment paper and spray the paper with cooking spray."", ""In a medium sized bowl, combine the flour, cocoa powder, baking soda and salt. Set aside."", ""In the bowl of a stand mixer, cream the butter, 1/2 cup granulated sugar, brown sugar and 1/4 cup peanut butter on medium high speed until pale and fluffy. This will take about 3-5 minutes. Add in egg and vanilla and mix until just combined. On low speed, gradually mix in the dry ingredients."", ""In a small separate bowl, mix the filling ingredients (peanut butter, powdered sugar and salt) with a fork until smooth. You can even get your hands a little dirty here."", ""Place the remaining 1/3 cup of remaining granulated sugar in a small wide bowl to roll the cookies in."", ""Grab a heaping tablespoon of the cookie dough, roll it into a ball between your palms then flatten it well between your hands. Get about 1 teaspoon of the peanut butter mixture, roll it and place it in the middle of the flattened cookie dough. Wrap the dough tightly around the peanut butter filling and smooth out any cracks. Roll dough back into a nice ball and cover completely in the sugar. Place on prepared cookie sheet and slightly flatten with the palm of your hand. Make sure cookies are 1-2 inches apart."", ""Bake for 9 minutes then remove from oven and allow the cookies to cool on the cookie sheet for a couple minutes. Move to a wire cooling rack and allow them to finish cooling. Then enjoy! Cookies should be stored in an airtight container to retain moisture."", ""Recipe adapted from Brown Eyed Baker.""]",tastykitchen.com/recipes/desserts/buckeye-chocolate-cookies/,Gathered,"[""egg"", ""sugar"", ""vanilla"", ""salt"", ""baking soda"", ""\u00bc"", ""light brown sugar"", ""peanut butter"", ""all-purpose"", ""powdered sugar"", ""cocoa"", ""filling"", ""unsalted butter""]",tastykitchen.com
Helen'S Stuffed Mushrooms,"[""12 large mushrooms"", ""60 ml salad oil"", ""1 (215 g) can crabmeat"", ""1 egg, lightly beaten"", ""2 Tbsp. mayonnaise"", ""2 Tbsp. chopped onion"", ""1 tsp. lemon juice"", ""120 ml soft bread crumbs""]","[""Mix, stuff and broil until bubbly.""]",www.cookbooks.com/Recipe-Details.aspx?id=1061754,Gathered,"[""egg"", ""lemon juice"", ""salad oil"", ""mushrooms"", ""onion"", ""crabmeat"", ""mayonnaise"", ""bread crumbs""]",www.cookbooks.com
Green And Gold Squash,"[""3 small zucchini"", ""3 small summer or yellow squash"", ""salt"", ""1 Tbsp. chopped shallots"", ""60 ml softened butter"", ""black pepper (fresh ground if possible)""]","[""Wash and thinly slice squash."", ""Bring 1/2 inch of water to a boil in a wide saute pan with salt and shallots."", ""Add squash; cover pan and steam for 2 to 3 minutes or until tender."", ""Pour off water and toss squash with butter and pepper."", ""Serve immediately.""]",www.cookbooks.com/Recipe-Details.aspx?id=530255,Gathered,"[""black pepper"", ""shallots"", ""summer"", ""butter"", ""zucchini"", ""salt""]",www.cookbooks.com
Kartoffel Kloesse,"[""6 medium sized potatoes"", ""2 eggs"", ""180 ml flour"", ""120 ml bread crumbs"", ""1/4 tsp. nutmeg"", ""salt"", ""115 g butter"", ""120 ml bread crumbs or cracker meal""]","[""Boil potatoes in jackets, skin and mash."", ""Spread to dry out moisture."", ""Put them in large bowl and add 2 level teaspoonfuls salt."", ""Make hollow and break into this two eggs."", ""Sift in flour, add cracker meal and nutmeg."", ""Mix and form into dry balls (if too wet, add more cracker meal)."", ""Drop small balls into boiling, salted water."", ""When these potato balls come to surface of water, allow to boil 3 minutes."", ""Center on platter and add dressing made as follows:"", ""Melt butter in frying pan; add bread crumbs."", ""Brown and spread on potato balls."", ""Makes 18.""]",www.cookbooks.com/Recipe-Details.aspx?id=1050706,Gathered,"[""potatoes"", ""nutmeg"", ""eggs"", ""flour"", ""butter"", ""bread crumbs"", ""salt""]",www.cookbooks.com
Cranberry Chutney,"[""450 g fresh cranberries"", ""590 ml sugar"", ""240 ml water"", ""1/2 teaspoon salt"", ""1/2 teaspoon ground cinnamon"", ""1/2 teaspoon ground cloves"", ""1 medium onion, chopped"", ""1 medium tart apple, peeled and cubed"", ""1 medium pear, peeled and cubed"", ""240 ml raisins"", ""60 ml lemon juice"", ""120 ml chopped walnuts""]","[""In a saucepan, combine the cranberries, sugar, water, salt, cinnamon and cloves."", ""Bring to a boil; reduce heat."", ""Simmer, uncovered, for 10 minutes."", ""Add the onion, apple and pear; cook for 5 minutes."", ""Remove from the heat; stir in raisins and lemon juice."", ""Cover and refrigerate for 8 hours or overnight before serving."", ""Just before serving, stir in the walnuts."", ""Serve with meat or dressing.""]",www.food.com/recipe/cranberry-chutney-47769,Gathered,"[""apple"", ""sugar"", ""lemon juice"", ""ground cloves"", ""onion"", ""pear"", ""water"", ""fresh cranberries"", ""raisins"", ""walnuts"", ""ground cinnamon"", ""salt""]",www.food.com
Lite Veggie Stir Fry,"[""1 teaspoon olive oil (flavour infused is great)"", ""1 medium carrot, very thinly sliced"", ""5 -6 snap peas, stringed and cut in half"", ""5 -6 large mushrooms, sliced"", ""3 green onions, sliced, white and green part"", ""1 (100 g) can water chestnuts, sliced"", ""2 baby bok choy, separated"", ""2 baby shanghi bok choy, separated"", ""120 ml spinach, packed"", ""salt and pepper""]","[""Heat the oil in a wok, add the carrots, snap peas and mushrooms; sprinkle with salt and pepper; stir fry for 2 to 3 minutes."", ""Add the green onion and water chestnuts; stir fry for 2 minutes."", ""Add both bok choys and spinach; stir fry 1 minute; cover and cook for about 2 minutes or just until wilted."", ""Season again if you wish; serve immediately.""]",www.food.com/recipe/lite-veggie-stir-fry-144309,Gathered,"[""peas"", ""green onions"", ""water chestnuts"", ""baby shanghi bok choy"", ""mushrooms"", ""choy"", ""carrot"", ""spinach"", ""olive oil"", ""salt""]",www.food.com
Brown Bread,"[""350 ml raisins"", ""470 ml boiling water"", ""2 tsp. baking soda""]","[""Combine and cover with plate 45 minutes.""]",www.cookbooks.com/Recipe-Details.aspx?id=999549,Gathered,"[""baking soda"", ""boiling water"", ""raisins""]",www.cookbooks.com
Icebox Cookies,"[""240 ml oleo"", ""240 ml 10x sugar, sifted"", ""1/4 tsp. cream of tartar"", ""120 ml candied fruit"", ""590 ml flour"", ""1 egg"", ""120 ml nuts"", ""240 ml candied cherries""]","[""Cream butter and sugar."", ""Beat eggs and add."", ""Stir in dry ingredients."", ""Blend in nuts, fruit and cherries."", ""Form in rolls, 1 1/2-inches in diameter."", ""Wrap in plastic wrap and freeze overnight. Place on greased baking sheet and bake for 8 minutes at 375\u00b0.""]",www.cookbooks.com/Recipe-Details.aspx?id=623760,Gathered,"[""oleo"", ""egg"", ""sugar"", ""candied fruit"", ""flour"", ""nuts"", ""candied cherries"", ""cream of tartar""]",www.cookbooks.com
Mini Taco Cups,"[""225 g can tomato sauce"", ""1 packet taco seasoning mix"", ""450 g ground beef"", ""1 pkg. Pillsbury dinner rolls (Hungry Jack), cut in quarters"", ""shredded Cheddar cheese""]","[""Mix together the tomato sauce and seasoning mix. Cook and drain ground beef, then add taco mix."", ""Cut into quarters 1 package dinner rolls."", ""Press pieces into mini muffin pans (greased). Form a cup and fill with meat mixture. Top with shredded cheese."", ""Bake at 375\u00b0 for 5 minutes or until cheese melts."", ""Use a teaspoon to get out of pan.""]",www.cookbooks.com/Recipe-Details.aspx?id=726523,Gathered,"[""taco"", ""cheddar cheese"", ""ground beef"", ""dinner rolls"", ""tomato sauce""]",www.cookbooks.com
Oven Roasted Potatoes,"[""6 medium baking potatoes, scrubbed and cut into 1 1/2-inch pieces"", ""60 ml butter, melted"", ""1/2 teaspoon salt"", ""1 garlic clove, minced""]","[""Heat oven to 375 degrees."", ""Place potatoes in a 13 x 9-inch baking dish."", ""In small bowl, combine remaining ingredients."", ""Pour mixture over potatoes and toss well."", ""Bake for 55 to 60 minutes or until crisp, lightly browned and tender."", ""Stir twice during baking.""]",www.food.com/recipe/oven-roasted-potatoes-244738,Gathered,"[""butter"", ""garlic"", ""baking potatoes"", ""salt""]",www.food.com
Domino'S Pizza Dough Recipe,"[""1.2 l all-purpose flour or 1.2 l bread flour"", ""1 tablespoon sugar"", ""2 teaspoons salt"", ""1 teaspoon instant yeast"", ""2 tablespoons extra virgin olive oil"", ""410 ml warm water""]","[""In a large mixing bowl, combine all ingredients, stirring vigorously. Set aside to rest five minutes, and then stir again for three to five minutes."", ""Add additional water or flour to achieve a smooth, sticky dough."", ""Divide into four pieces and place each one into an oiled freezer bag."", ""At this point, dough can be refrigerated or frozen."", ""Allow to rise at room temperature and then punch down."", ""Stretch each piece onto a ten inch pizza pan and allow to rest a few minutes."", ""Top as usual, and then bake at 450\u00b0F until crust is crisp and cheese has melted."", ""(Makes 4 ten inch pizzas.).""]",www.food.com/recipe/dominos-pizza-dough-recipe-508582,Gathered,"[""sugar"", ""warm water"", ""extra virgin olive oil"", ""flour"", ""yeast"", ""salt""]",www.food.com
Orange-Tangerine Smoothie Recipe,"[""120 ml freshly squeezed orange juice from about 1 1/2 navel oranges"", ""2 tangerines, peeled and quartered, seeds removed"", ""115 g (120 ml) full-fat, plain Greek yogurt"", ""1 teaspoon honey"", ""4 to 6 ice cubes, plus more for garnish (optional)""]","[""Place orange juice, tangerines, yogurt, honey, and ice cubes in a blender. Pulse a few times on \""ice crush\"" or similar high setting to begin to break down ice cubes."", ""Blend for 30 seconds on high until the mixture is smooth and frothy. Divide between two glasses, adding extra ice cubes for garnish if desired. Serve immediately.""]",www.seriouseats.com/recipes/2014/01/creamy-orange-tangerine-yogurt-smoothie-recipe.html,Gathered,"[""honey"", ""full-fat"", ""freshly squeezed orange juice from about"", ""tangerines""]",www.seriouseats.com
Sausage Cheese Balls,"[""910 g regular sausage"", ""350 ml biscuit mix"", ""950 ml sharp cheddar cheese""]","[""Preheat oven to 375 degrees. Mix all ingredients together. Form into 1 inch balls. Bake 15 minutes on ungreased cookie sheet. Makes about 6 dozen.""]",www.cookbooks.com/Recipe-Details.aspx?id=138526,Gathered,"[""regular sausage"", ""cheddar cheese"", ""biscuit mix""]",www.cookbooks.com
Irish Cream,"[""350 ml whiskey"", ""1 can Eagle Brand condensed milk"", ""350 ml whipping cream"", ""3 eggs, beat before adding"", ""1/4 tsp. coconut extract"", ""1 1/2 tsp. Hershey's topping""]","[""Blend all ingredients together for 1 minute.""]",www.cookbooks.com/Recipe-Details.aspx?id=378824,Gathered,"[""coconut extract"", ""whiskey"", ""eggs"", ""milk"", ""whipping cream""]",www.cookbooks.com
Healthy Breakfast Zucchini Oat Muffin,"[""2 whole Medium Zucchinis"", ""1 whole Large Carrot"", ""60 ml Walnuts"", ""120 ml All-purpose Flour"", ""240 ml Whole Wheat Flour"", ""1/2 teaspoons Baking Soda"", ""1/4 teaspoons Baking Powder"", ""1/4 teaspoons Salt"", ""1/2 teaspoons Cinnamon"", ""1 pinch Nutmeg"", ""2 whole Eggs"", ""60 ml White Sugar"", ""60 ml Light Brown Sugar"", ""60 ml Sunflower Oil"", ""2 teaspoons Vanilla Extract"", ""60 ml Creme Fraiche"", ""120 ml Jumbo Rolled Oats"", ""1 Tablespoon Turbinado Sugar""]","[""Preheat oven to 350 F/175 C. Line a 12-count standard size muffin tin with paper liners, or grease muffin tin with oil."", ""Finely grate the zucchini and carrot and set aside. In a small pan, lightly toast the walnuts over medium heat for about five minutes. Remove from heat."", ""In a small bowl, whisk together the all-purpose flour, whole wheat flour, baking soda, baking powder, salt, cinnamon, and nutmeg."", ""In a large bowl, using a hand mixer on medium speed, cream together the eggs, white sugar, brown sugar, oil and vanilla. Slowly stir in the flour mixture and mix until just incorporated. Stir in the creme fraiche, zucchini, carrot and toasted walnuts."", ""For the topping, in a small bowl, mix together the oats and demerara (turbinado) sugar."", ""Fill muffin cups to about 3/4 full of batter. Evenly divide and sprinkle the oat and sugar mixture on top of the muffins. It will look like a lot of oats on top, but the muffin will expand and spread it out."", ""Bake for about 40 minutes. Muffins are done when the top is lightly golden, and a toothpick inserted in the middle of a muffin comes out mostly clean. Remove from oven."", ""Cool for about 5 minutes before removing the muffins from the tin. Serve with cream cheese.""]",tastykitchen.com/recipes/breakfastbrunch/healthy-breakfast-zucchini-oat-muffin/,Gathered,"[""white sugar"", ""fraiche"", ""baking powder"", ""sunflower oil"", ""vanilla"", ""turbinado sugar"", ""oats"", ""nutmeg"", ""baking soda"", ""cinnamon"", ""eggs"", ""light brown sugar"", ""all-purpose"", ""walnuts"", ""carrot"", ""whole wheat flour"", ""salt""]",tastykitchen.com
Crock Pot Candy,"[""1 (450 g) package dry roasted salted peanuts"", ""1 (450 g) package unsalted dry roasted peanuts"", ""1 (340 g) package semi-sweet chocolate bits"", ""1 (115 g) German chocolate bars"", ""910 g white almond bark""]","[""Put peanuts in bottom of crock pot; add other ingredients."", ""Cook on low setting for 1 1/2 to 2 hours."", ""Place rounded spoonfuls onto wax paper and allow to cool.""]",www.food.com/recipe/crock-pot-candy-18955,Gathered,"[""semi-sweet chocolate bits"", ""chocolate bars"", ""white almond bark"", ""peanuts""]",www.food.com
Red Beet Pickles,"[""240 ml vinegar"", ""80 ml sugar"", ""pinch of salt"", ""1 Tbsp. mixed spices""]","[""Mix. Let mixture come to a boil."", ""Fill can with beets, pour in the mixture and seal.""]",www.cookbooks.com/Recipe-Details.aspx?id=259081,Gathered,"[""mixed spices"", ""vinegar"", ""sugar"", ""salt""]",www.cookbooks.com
Lemon Mystery Pudding,"[""240 ml sugar"", ""2 egg yolks"", ""2 rounded Tbsp. flour"", ""180 ml milk"", ""butter size walnuts"", ""juice and rind of 1 lemon"", ""2 beaten egg whites""]","[""Place in casserole dish which is set in a pan of water and bake 30 minutes in 350\u00b0 oven.""]",www.cookbooks.com/Recipe-Details.aspx?id=370826,Gathered,"[""egg yolks"", ""sugar"", ""egg whites"", ""flour"", ""milk"", ""lemon"", ""butter""]",www.cookbooks.com
Citrus Sea Bream Crudo,"[""Lemon Confit"", ""3 pieces Lemon"", ""Sugar"", ""Water"", ""Sea Bream Crudo"", ""1.35 kg Sea bream"", ""3 pieces Orange"", ""1 piece Grapefruit"", ""1 bunch Shiso"", ""1 bunch Borage"", ""1 bunch Arugala"", ""Espelette Chili Powder"", ""Maldon Sea Salt"", ""Black Pepper"", ""Extra Virgin Olive Oil""]","[""For the lemon confit, remove the zest of the lemons using a peeler and make a fine julienne of the lemon zest strips. Then, cut the lemon in half and juice them. Weigh the lemon juice and add half of the juice's weight in water--so if you have 150g Lemon Juice, add 75g water. And finally, 1.5 tablespoons of sugar for each lemon used, so in this case, 4.5tablespoons of sugar. Combine all of these ingredients in a small pot, cover with a bit of parchment paper in direct contact with the lemon confit, bring to a boil and immediately reduce to a low-simmer for approximately 1.5hrs. When the julienne strips of zest are translucent and tender, then the confit is finished and can be kept in the fridge. Note: if the liquid evaporates too quickly, add a tablespoon of water at a time to keep the confit from burning/caramelizing."", ""Now for fun part. First prepare the fish if it is not already trimmed, skinned and filleted. The weight that I noted above is for a full, head-on sea bream, so if you are buying a pre-filleted fish, assume 60% loss when trimming, so you will need about 1lb of fish for ten people. Leave the fish fillets to rest in the fridge."", ""Peel the oranges and the grapefruit, juicing half of the grapefruit and two of the oranges. Set aside half of the Segment the remaining half of grapefruit and the final orange. Remove the seeds from the segments and carefully brunoise the segments to make small, roughly 2mm by 2mm cubes of citrus. Note: if you would like to go an extra step, you can dehydrate the brunoise in a low-oven over night, but this is not necessary."", ""Take the sea bream fillets from the fridge and using your sharpest carving knife, cut thin (approx 1-2mm thick) slices of sea bream and lay them on a flat bottom, non-stick tray. Take the juice of the grapefruit and the juice of one orange and combine them with a pinch of maldon sea salt, then pour it over the fish in the tray and let rest in the fridge for 30-45minutes--until the edges of the sea bream have the acid-cooked ceviche look, but the center is still raw. Remove the slices to a new tray, saving the juice. Put the fish back in the fridge."", ""With the marinating juice, put it into a small pan and bring to a boil and reduce by half. Add the juice from the remaining orange to taste and finish the sauce with salt and a drop of nice olive oil. Chill in the fridge."", ""Time for plating. Lay a small bed of sea bream slices on each plate. Top with the citrus brunoise around the slices. A small touch of lemon confit piled in the center of the crudo. Sprinkle with maldon sea salt, freshly cracked pepper and espelette chili powder. Finish by drizzling the cold sauce around the fish and adorn the plate with shiso leaves, baby arugula and borage flowers for color. Note: for our final menu, we used a unique plate that changed the plating of the dish from what I described above; however, the spirit of the dish is the same.""]",food52.com/recipes/36005-citrus-sea-bream-crudo,Gathered,"[""lemon confit"", ""sugar"", ""black pepper"", ""espelette chili powder"", ""shiso"", ""water"", ""orange"", ""borage"", ""bream crudo"", ""arugala"", ""bream"", ""lemon"", ""extra virgin"", ""salt""]",food52.com
Pork Chops With Marinara Sauce,"[""4 ribeye (rib) pork chops 3/4-inch thick"", ""2 cloves garlic minced"", ""1 tablespoon vegetable oil"", ""1 teaspoon dried oregano crushed"", ""1/2 teaspoon dried basil crushed"", ""240 ml fresh mushrooms sliced"", ""450 g stewed tomatoes"", ""2 tablespoons dry red wine"", ""2 teaspoons corn starch"", ""60 ml black olives sliced"", ""170 g fettucine cooked""]","[""In large skillet cook onion and garlic in hot oil until partially cooked; add oregano, basil and mushrooms. Cook until onions are tender. Remove from skillet; set aside. Brown chops in skillet over medium-high heat for 8 minutes, turning once until internal temperature on a thermometer reads 145 degrees F. Remove chops from skillet; allow to rest 3-5 minutes and keep warm. Return vegetables to skillet. Stir together tomatoes, wine and cornstarch and add to skillet. Cook and stir until thickened and bubbly; stir in sliced olives. Serve chops and sauce with hot fettuccine.""]",www.yummly.com/recipe/Pork-Chops-with-Marinara-Sauce-2249230,Gathered,"[""oregano"", ""tomatoes"", ""fettucine cooked"", ""mushrooms"", ""black olives"", ""ribeye"", ""red wine"", ""garlic"", ""vegetable oil"", ""corn starch""]",www.yummly.com
Ham And Hummus Seeded Bagel,"[""14 g Flora Light 14 g"", ""1 tablespoon Hellmann's Light Mayonnaise"", ""1 bagel seeded, or 2 Granary deli rolls"", ""240 ml wafer 155 g, thin lean ham"", ""1 tablespoon hummus"", ""1/4 red onion sliced"", ""1 inch cucumber sliced"", ""1 handful frisee lettuce""]","[""Spread the Flora over the seeded bagel."", ""Top with the ham, hummus and remaining ingredients. Sandwich together and serve.""]",www.yummly.com/recipe/Ham-And-Hummus-Seeded-Bagel-378996,Gathered,"[""hummus"", ""\u00bdoz"", ""bagel"", ""thin lean ham"", ""mayonnaise"", ""cucumber"", ""frisee lettuce"", ""red onion""]",www.yummly.com
Persimmon Cookies,"[""240 ml persimmon pulp"", ""1 tsp. soda"", ""240 ml sugar"", ""120 ml margarine"", ""1 egg"", ""470 ml flour"", ""1/2 tsp. each: cinnamon, cloves and cloves"", ""240 ml chopped walnuts""]","[""Mix sugar, margarine and egg. Mix soda with persimmon pulp. Stir into sugar and margarine mixture. Add flour (with spices mixed in), then stir in walnuts. Drop on greased cookie sheets. Bake in 375\u00b0 oven for 12 to 15 minutes. Makes about 3 dozen cookies.""]",www.cookbooks.com/Recipe-Details.aspx?id=1060551,Gathered,"[""egg"", ""sugar"", ""cinnamon"", ""soda"", ""flour"", ""margarine"", ""walnuts"", ""persimmon pulp""]",www.cookbooks.com
Crispy Black Bean Tacos With Feta & Cabbage Slaw,"[""1 (430 g) can black beans, drained"", ""1/2 - 1 teaspoon ground cumin"", ""5 teaspoons olive oil, divided"", ""1 - 1 1/2 tablespoon fresh lime juice"", ""470 ml coleslaw mix"", ""2 green onions, chopped"", ""80 ml chopped fresh cilantro or 80 ml parsley"", ""4 corn tortillas (white or yellow ) or 4 wheat flour tortillas"", ""80 ml crumbled feta cheese"", ""bottled chipotle hot sauce or hot sauce""]","[""Place beans and cumin in small bowl; partially mash. Mix 2 teaspoons olive oil and lime juice in medium bowl; add coleslaw, green onions, and cilantro and toss to coat. Season slaw to taste with salt and pepper."", ""Heat 3 teaspoons olive oil in large nonstick skillet over medium-high heat. Add tortillas in single layer. Spoon 1/4 of bean mixture onto half of each tortilla; cook 1 minute. Fold tacos in half. Cook until golden brown, about 1 minute per side. Fill tacos with feta and slaw. Pass hot sauce alongside.""]",www.food.com/recipe/crispy-black-bean-tacos-with-feta-cabbage-slaw-350971,Gathered,"[""black beans"", ""ground cumin"", ""hot sauce"", ""green onions"", ""coleslaw mix"", ""feta cheese"", ""lime juice"", ""corn tortillas"", ""olive oil"", ""fresh cilantro""]",www.food.com
Spicy Grilled Watermelon,"[""60 ml honey"", ""3 tablespoons fresh lime juice (from 2 medium limes)"", ""1/4 teaspoon kosher salt"", ""2 teaspoons Tajin seasoning, divided"", ""1 mini (about 2.7 kg) seedless watermelon, cut into 1-in.-thick wedges"", ""60 ml crumbled Cotija cheese"", ""60 ml loosely packed fresh cilantro leaves"", ""Lime wedges""]","[""Preheat grill to medium-high (400\u00b0F to 450\u00b0F)."", ""Whisk together honey, lime juice, salt, and 1 teaspoon of the Tajin in a small bowl. Brush watermelon wedges evenly on both sides with mixture."", ""Place watermelon on oiled grates; grill, uncovered, until grill marks appear, about 2 minutes per side. Remove from grill; let cool slightly, about 5 minutes."", ""Arrange watermelon wedges on a serving platter; sprinkle with remaining 1 teaspoon Tajin. Sprinkle with Cotija and cilantro. Serve with lime wedges.""]",www.myrecipes.com/recipe/spicy-grilled-watermelon,Gathered,"[""taj\u00edn\u00a0seasoning"", ""fresh\u00a0lime juice"", ""fresh\u00a0cilantro leaves"", ""crumbled"", ""kosher salt"", ""watermelon"", ""honey"", ""wedges""]",www.myrecipes.com
White Horseradish Sauce,"[""240 ml sour cream"", ""3 tablespoons finely grated peeled fresh horseradish (28 g; use small teardrop-shaped holes of a box grater)"", ""1/8 teaspoon black pepper""]","[""Makes about 1 1/4 cups."", ""Stir together sour cream, 1 1/2 tablespoons horseradish, and pepper."", ""Taste sauce, then add more horseradish as desired."", ""Let stand, covered, at room temperature at least 1 hour (for flavors to develop).""]",www.epicurious.com/recipes/food/views/white-horseradish-sauce-109340,Recipes1M,"[""horseradish"", ""sour cream"", ""black pepper""]",www.epicurious.com
Fresh And Easy Pico De Gallo,"[""710 ml Diced Tomatoes (See Note)"", ""120 ml Finely Diced Red Onions"", ""1 Tablespoon Finely Minced Jalapeno Pepper (depending On Preferred Heat)"", ""2 cloves Garlic, Finely Minced"", ""120 ml Chopped Fresh Cilantro Leaves"", ""1 Tablespoon Fresh Lime Juice"", ""1/8 teaspoons Ground Cumin"", ""2 pinches Cayenne Pepper (Optional)"", ""Kosher Salt"", ""Black Pepper""]","[""In a bowl, combine tomatoes, onions, jalapeno, garlic, cilantro, lime juice, cumin, cayenne, 1/2 teaspoon kosher salt and 1/8 teaspoon black pepper. Cover with plastic wrap and refrigerate for at least 1 hour. Before serving, check for seasonings and add extra salt kosher salt or black pepper as needed."", ""Note: Scoop out the seeds of the tomato and discard before dicing.""]",tastykitchen.com/recipes/condiments/fresh-and-easy-pico-de-gallo/,Gathered,"[""ground cumin"", ""tomatoes"", ""black pepper"", ""cayenne pepper"", ""lime juice"", ""kosher salt"", ""red onions"", ""garlic"", ""jalapeno pepper"", ""fresh cilantro""]",tastykitchen.com
Pineapple Pecan Pie,"[""120 ml butter, melted"", ""240 ml sugar"", ""2 eggs, well beaten"", ""4 Tbsp. flour"", ""1 small (225 g) can pineapple"", ""180 ml pecans""]","[""Mix together and pour in unbaked pie shell."", ""Bake at 300\u00b0 until done. Makes 1 (9-inch) pie.""]",www.cookbooks.com/Recipe-Details.aspx?id=809020,Gathered,"[""sugar"", ""eggs"", ""pecans"", ""flour"", ""butter"", ""pineapple""]",www.cookbooks.com
Oyster Crackers Tidbits,"[""1 (280 to 340 g) pkg. oyster crackers"", ""120 ml oil"", ""1/2 pkg. dry Good Seasons Italian dressing"", ""1/2 tsp. garlic salt"", ""1/2 tsp. dill weed"", ""1/2 tsp. lemon pepper (optional)""]","[""Mix oil and seasonings, then add crackers.""]",www.cookbooks.com/Recipe-Details.aspx?id=665233,Gathered,"[""oil"", ""italian dressing"", ""oyster crackers"", ""garlic salt"", ""lemon pepper"", ""dill weed""]",www.cookbooks.com
Chocolate Pound Cake,"[""240 ml butter"", ""120 ml shortening"", ""710 ml sugar"", ""5 large eggs or 6 small"", ""240 ml milk"", ""710 ml plain flour"", ""120 ml cocoa"", ""1 tsp. vanilla""]","[""Mix ingredients as listed."", ""Bake in greased and floured tube cake pan at 350\u00b0 for 1 hour.""]",www.cookbooks.com/Recipe-Details.aspx?id=468244,Gathered,"[""sugar"", ""vanilla"", ""shortening"", ""eggs"", ""flour"", ""cocoa"", ""milk"", ""butter""]",www.cookbooks.com
Spinach And Eggs Grisanti,"[""1 pkg (280 g) frozen chopped spinach"", ""2 slices bacon"", ""3 Tbsp olive oil"", ""1 small garlic clove, minced"", ""1/4 tsp salt"", ""1/8 tsp pepper"", ""1/4 tsp monosodium glutamate (MSG, sold as Accent)"", ""3 Tbsp freshly grated Parmesan cheese, divided"", ""2 eggs""]","[""Cook spinach according to package directions. Drain thoroughly, pressing out as much liquid as you can. *The dish improves in proportion to the amount of liquid you press out.""]",www.cookbooks.com/Recipe-Details.aspx?id=39030,Gathered,"[""bacon"", ""pepper"", ""eggs"", ""parmesan cheese"", ""glutamate"", ""garlic"", ""spinach"", ""olive oil"", ""salt""]",www.cookbooks.com
Everything Omelette,"[""240 ml chopped ham"", ""60 ml chopped onion"", ""60 ml chopped green pepper"", ""240 ml grated American cheese"", ""60 ml cut-up mushrooms"", ""60 ml chopped tomatoes"", ""6 eggs"", ""60 ml milk""]","[""Saute ham, onion, pepper and mushrooms in about 1 teaspoon butter. Beat eggs and milk together in a bowl. Heat frying pan with enough oil to coat pan, at about medium heat. Then reduce heat to low-medium and add half of the eggs. Make sure the eggs coat the pan. Then add the cheese and tomatoes on half of egg. After cheese melts and eggs cook, add the other ingredients. Then put the other half of egg on top of ingredients and serve. Then repeat recipe for the other omelette. Yields 2 (3 egg) omelettes.""]",www.cookbooks.com/Recipe-Details.aspx?id=39165,Gathered,"[""american cheese"", ""tomatoes"", ""eggs"", ""mushrooms"", ""onion"", ""ham"", ""milk"", ""green pepper""]",www.cookbooks.com
Orgasmic Peanut Butter Pie,"[""1 (9 inch) pie crusts"", ""1 (225 g) package cream cheese, softened"", ""1 (400 g) can sweetened condensed milk"", ""8.05 l peanut butter"", ""2 tablespoons lemon juice"", ""1 teaspoon vanilla extract"", ""240 ml whipping cream, whipped (or 1 115 g container of frozen non-dairy whipped topping, thawed)"", ""chocolate syrup""]","[""Beat cream cheese until fluffy."", ""Gradually beat in milk and peanut butter until smooth."", ""Add lemon juice and vanilla."", ""Mix well."", ""Fold in whipped cream."", ""Spread into crust (or tarts)."", ""Drizzle chocolate syrup over pie."", ""Refridgerate 4-5 hours until firm."", ""Enjoy."", ""Loosen top button for seconds :).""]",www.food.com/recipe/orgasmic-peanut-butter-pie-286961,Recipes1M,"[""condensed milk"", ""vanilla"", ""chocolate syrup"", ""lemon juice"", ""peanut butter"", ""cream cheese"", ""whipping cream""]",www.food.com
Crock-Pot Beef Burgundy(Serves 4 To 6)  ,"[""6 slices bacon"", ""0.9 to 1.35 kg lean stew meat"", ""flour"", ""2 sliced onions"", ""1 thinly sliced carrot"", ""1 large sliced tomato"", ""1 1/2 tsp. salt"", ""3 cloves minced garlic"", ""1/2 tsp. thyme"", ""1 Tbsp. tomato paste"", ""710 ml Burgundy"", ""1 can beef broth"", ""225 g fresh sliced mushrooms""]","[""Dice bacon and fry in large skillet."", ""Remove bacon and put in crock-pot."", ""Dredge meat in flour and brown in bacon grease."", ""Add onions, carrots, tomato and the rest of the ingredients to the crock-pot along with meat."", ""Cook on low all day.""]",www.cookbooks.com/Recipe-Details.aspx?id=597200,Gathered,"[""tomato"", ""bacon"", ""tomato paste"", ""lean stew meat"", ""mushrooms"", ""beef broth"", ""flour"", ""thyme"", ""onions"", ""burgundy"", ""carrot"", ""garlic"", ""salt""]",www.cookbooks.com
Chocolate Pudding Delight,"[""240 ml flour"", ""1 stick margarine"", ""240 ml pecans, chopped"", ""1 (225 g) pkg. cream cheese"", ""240 ml powdered sugar"", ""1 (225 g) carton Cool Whip"", ""2 (85 g) pkg. instant chocolate pudding"", ""710 ml milk"", ""pecans""]","[""Mix flour, margarine and pecans to form a ball and press into 13 x 9-inch pan."", ""Bake at 350\u00b0 for 20 minutes.""]",www.cookbooks.com/Recipe-Details.aspx?id=404023,Gathered,"[""powdered sugar"", ""instant chocolate pudding"", ""pecans"", ""cream cheese"", ""flour"", ""margarine"", ""milk""]",www.cookbooks.com
Pineapple Cheese Ball,"[""2 (225 g) pkg. cream cheese"", ""1 (225 g) can crushed pineapple, drained"", ""1 Tbsp. seasoning salt"", ""60 ml green pepper, chopped"", ""1 Tbsp. onion flakes"", ""240 ml pecans, chopped""]","[""Mix all ingredients, except pecans; chill. Roll into ball. Roll in chopped pecans.""]",www.cookbooks.com/Recipe-Details.aspx?id=843022,Gathered,"[""pecans"", ""cream cheese"", ""onion flakes"", ""seasoning salt"", ""pineapple"", ""green pepper""]",www.cookbooks.com
Brown'S Mulligan,"[""450 g whole okra (ends cut off)"", ""2 (150 g) cans Hunt's tomato sauce"", ""120 ml onion (diced)"", ""2 Tbsp. cooking oil""]","[""Boil okra until soft, drain, rinse with cold water."", ""Combine onions and oil and saute until brown, drain onions."", ""Combine onions, okra, tomato juice in same skillet."", ""Cook for 10 minutes to thicken.""]",www.cookbooks.com/Recipe-Details.aspx?id=423913,Gathered,"[""cooking oil"", ""whole okra"", ""onion"", ""tomato sauce""]",www.cookbooks.com
Kimchi Pancakes,"[""240 ml all-purpose flour"", ""120 ml rice flour"", ""350 ml cold water, plus more as needed"", ""1 large egg"", ""240 ml cabbage kimchi, coarsely chopped"", ""2 green onions, cut into 1-inch pieces"", ""85 g uncooked pork, chopped"", ""1/2 teaspoon salt"", ""Vegetable oil for frying""]","[""In a large bowl, combine the flour, rice flour, water, and egg, and mix lightly. The mixture should be the consistency of pancake batter but doesn't have to be smooth. Add a little more water if necessary but remember that the kimchi will add liquid as well. Stir in the kimchi, green onions, pork, and salt."", ""In a large skillet, heat about 1 tablespoon oil over medium-high heat. Ladle batter into the skillet and spread it out to an 8-inch circle. Cook until the edges turn brown and crispy, 3 to 4 minutes. Flip it over, add a little bit more oil around the pancake, and cook for another 3 minutes or so until cooked through. Repeat with the remaining batter, adding oil as needed. Serve the pancakes hot out of the skillet. Cut into wedges or serve whole.""]",www.seriouseats.com/recipes/2011/02/kimchi-pancakes-recipe.html,Gathered,"[""cabbage"", ""egg"", ""green onions"", ""rice flour"", ""cold water"", ""flour"", ""pork"", ""vegetable oil"", ""salt""]",www.seriouseats.com
Teriyaki Chicken Pasta Spinach Salad,"[""3 whole Chicken Breasts"", ""240 ml Teriyaki Sauce (best: Ken's Honey Teriyaki Marinade)"", ""450 g, weight Bowtie Pasta"", ""120 ml Vegetable Oil"", ""160 ml White Vinegar"", ""6 Tablespoons Granulated Sugar"", ""1/2 teaspoons Salt"", ""1/2 teaspoons Pepper"", ""1 bag Large (or 2 Small Bags) Of Baby Spinach"", ""1 bag Craisins"", ""2 cans Mandarin Oranges"", ""170 g, weight Cashews""]","[""Marinade the chicken breasts with Ken's Honey Teriyaki marinade, bake, cool and cut into strips."", ""In the meantime, cook the bowtie pasta, rinse and cool."", ""Make dressing: Mix the oil, teriyaki, vinegar, sugar, salt and pepper."", ""To assemble: Toss spinach, pasta, craisins, mandarin oranges and cashews together. Add dressing* to desired coating. Top with chicken breast slices and enjoy."", ""* Don't add dressing until right before serving or it will make the spinach soggy.""]",tastykitchen.com/recipes/salads/teriyaki-chicken-pasta-spinach-salad/,Gathered,"[""spinach"", ""sugar"", ""chicken breasts"", ""pepper"", ""weight cashews"", ""teriyaki sauce"", ""white vinegar"", ""craisins"", ""oranges"", ""vegetable oil"", ""pasta"", ""salt""]",tastykitchen.com
Chicken Caruso,"[""3 boneless skinless chicken breasts, cut up"", ""3 tablespoons olive oil"", ""2 garlic cloves, chopped"", ""240 ml carrot, chopped"", ""240 ml celery, chopped"", ""470 ml fresh mushrooms, chopped"", ""240 ml black olives, sliced"", ""2 (430 g) jars spaghetti sauce""]","[""Heat oil in large pan."", ""Add chicken and garlic and cook over medium heat until chicken is cooked through."", ""Add remaining ingredients and simmer until vegetables are tender."", ""Serve over cooked rice.""]",www.food.com/recipe/chicken-caruso-223851,Gathered,"[""chicken breasts"", ""mushrooms"", ""celery"", ""sauce"", ""black olives"", ""carrot"", ""garlic"", ""olive oil""]",www.food.com
Easy Turkey Spaghetti,"[""450 g spaghetti"", ""300 g cream of mushroom soup"", ""300 g cream of chicken soup"", ""80 ml whole milk"", ""570 g rotel tomatoes and green chilies, undrained"", ""450 g Velveeta cheese, pasteurized prepared cheese product cubed"", ""470 ml chopped cooked turkey"", ""1/2 teaspoon ground black pepper"", ""225 g shredded cheddar cheese"", ""Garnish"", ""chopped green onion""]","[""Preheat oven to 350. Spray an 11x7\""-inch baking dish with nonstick cooking spray. Prepare spaghetti according to package directions. Drain and keep warm."", ""In a large skillet, combine soups, milk, and tomatoes over medium-low heat. Stir in cubed cheese, and cook, stirring often, for 10 minutes, or until cheese is melted. Stir in turkey, pepper, and warm pasta."", ""Place in prepared dish, and top evenly with shredded cheese. Bake for 20 minutes, or until cheese is melted and bubbly. Let stand for 10 minutes before serving. Garnish with chopped green onion, if desired.""]",www.food.com/recipe/easy-turkey-spaghetti-450486,Gathered,"[""spaghetti"", ""cream of chicken soup"", ""velveeta cheese"", ""tomatoes"", ""cream of mushroom soup"", ""cheddar cheese"", ""green onion"", ""turkey"", ""ground black pepper"", ""milk""]",www.food.com
Rocky Top Brownies,"[""1 (540 g) package brownie mix"", ""120 ml butter, melted"", ""3 large eggs"", ""1 (370 g) package miniature chocolate-covered peanut butter cups, coarsely chopped""]","[""Stir together first 3 ingredients until blended. Spoon batter into a greased and floured 13- x 9-inch pan."", ""Bake at 350\u00b0 for 23 minutes or until center is set. Remove from oven, and sprinkle brownies evenly with chopped candy. Return to oven, and bake 2 minutes. Remove from oven, and cool completely on a wire rack. Cut brownies into squares.""]",www.myrecipes.com/recipe/rocky-top-brownies,Gathered,"[""eggs"", ""brownie mix"", ""butter"", ""chocolate-covered peanut butter""]",www.myrecipes.com
Nanny'S Tomato Sauce,"[""450 g tomatoes"", ""sugar"", ""oil (canola, vegetable)"", ""vinegar""]","[""Plunge tomatoes in boiling water to loosen skins, approximately 2 minutes."", ""Peel tomatoes and chop."", ""Heat oil in iron skillet; add tomatoes."", ""Add sugar and vinegar to taste."", ""Cook down to thick paste."", ""Should have a sweet/sour taste."", ""Add more sugar and/or vinegar to taste."", ""Serve on top of black-eyed, purple hull or crowder peas."", ""Good with boiled okra.""]",www.cookbooks.com/Recipe-Details.aspx?id=454383,Gathered,"[""oil"", ""vinegar"", ""sugar"", ""tomatoes""]",www.cookbooks.com
Barbecue Spice Rub for Wings,"[""240 ml brown sugar"", ""1 tbsp chili powder"", ""1 tbsp paprika"", ""1 tbsp ground cumin"", ""1/2 tsp cayenne pepper"", ""1 tbsp garlic powder"", ""1 tsp dry mustard"", ""1 tsp salt"", ""1 tsp seasoned salt"", ""1 tsp ground black pepper""]","[""Combine all ingredients and mix thoroughly."", ""Store in an air tight container for later use."", ""Shake crispy fried (or baked) wings in spice rub and serve.""]",cookpad.com/us/recipes/347103-barbecue-spice-rub-for-wings,Recipes1M,"[""ground cumin"", ""cayenne pepper"", ""brown sugar"", ""chili powder"", ""ground black pepper"", ""paprika"", ""garlic"", ""mustard"", ""salt""]",cookpad.com
Gingerbread,"[""1 stick (120 ml) butter"", ""120 ml granulated sugar"", ""1 egg, beaten"", ""590 ml sifted flour"", ""1 1/2 tsp. soda"", ""1 tsp. cinnamon"", ""1 tsp. ginger"", ""1/2 tsp. cloves"", ""1/2 tsp. salt"", ""240 ml molasses (do not use blackstrap molasses)"", ""240 ml hot water""]","[""Cream butter real well."", ""Add sugar and cream."", ""Add beaten egg. Measure and sift dry ingredients."", ""Set aside."", ""Combine molasses and hot water."", ""Add dry ingredients to first mixture alternately with liquid, a small amount at a time, and beat after each addition until smooth.""]",www.cookbooks.com/Recipe-Details.aspx?id=314679,Gathered,"[""egg"", ""sugar"", ""ginger"", ""cinnamon"", ""soda"", ""cloves"", ""molasses"", ""water"", ""flour"", ""butter"", ""salt""]",www.cookbooks.com
Carrot Cupcakes With Cardamom Frosting,"[""2 eggs, lightly beaten"", ""270 ml white sugar"", ""80 ml brown sugar"", ""180 ml coconut"", ""120 ml vegetable oil"", ""1 teaspoon vanilla"", ""470 ml shredded carrots"", ""120 ml crushed pineapple, drained"", ""350 ml all-purpose flour"", ""1 1/4 teaspoons baking soda"", ""1/2 teaspoon salt"", ""1 1/2 teaspoons cinnamon"", ""1/2 teaspoon nutmeg"", ""1/4 teaspoon ginger"", ""1/2 teaspoon cardamom"", ""240 ml pecans, toasted and chopped"", ""Frosting"", ""225 g cream cheese, room temperature"", ""60 ml unsalted butter, room temperature"", ""710 ml powdered sugar"", ""2 teaspoons cardamom"", ""1 teaspoon vanilla""]","[""Preheat oven to 350 degrees. Line muffin cups with liners."", ""Beat together the eggs and white and brown sugars in a bowl. Mix in oil and vanilla. Fold in carrots and pineapple."", ""In a separate bowl, sift and then mix the flour, baking soda, salt, cinnamon, nutmeg, ginger, and cardamom. Add coconut."", ""Add dry ingredients into the carrot mixture until evenly moist. Fold in nuts. Transfer to prepared muffin cups."", ""Bake 25 minutes, or until toothpick inserted in the center comes out clean. Cool completely on wire racks before topping with frosting."", ""If you're making mini cupcakes, bake at 350 for 11 - 13 minutes."", ""Frosting:"", ""Mix cream cheese and butter until creamy and light."", ""Mix in powdered sugar one cup at a time. You can add more or less to get your desired consistency."", ""Mix in cardamom and vanilla until fully integrated."", ""Pipe onto cooled cupcakes.""]",www.food.com/recipe/carrot-cupcakes-with-cardamom-frosting-474546,Gathered,"[""eggs"", ""brown sugar"", ""frosting"", ""white sugar"", ""ginger"", ""nutmeg"", ""cinnamon"", ""cardamom"", ""pecans"", ""powdered sugar"", ""pineapple"", ""vanilla"", ""baking soda"", ""flour"", ""coconut"", ""carrots"", ""salt"", ""cream cheese"", ""vegetable oil"", ""unsalted butter""]",www.food.com
Speedy Spud Soup,"[""1 package (680 g) frozen shredded hash brown potatoes, thawed"", ""120 ml chopped onion"", ""120 ml butter, cubed"", ""950 ml whole milk"", ""1 can (280-21 g) condensed cream of chicken soup, undiluted"", ""240 ml shredded cheddar cheese"", ""1/2 teaspoon garlic salt"", ""Cooked crumbled bacon""]","[""In a large saucepan, cook and stir the potatoes and onion in butter over medium-low heat for 10 minutes. Stir in the milk, soup, cheese and garlic salt. Cook, uncovered, for 20 minutes or until potatoes are tender. Garnish with bacon.""]",www.tasteofhome.com/recipes/speedy-spud-soup/,Gathered,"[""potatoes"", ""condensed cream"", ""bacon"", ""garlic salt"", ""cheddar cheese"", ""onion"", ""milk"", ""butter""]",www.tasteofhome.com
Squash Casserole,"[""950 ml yellow squash, diced"", ""pepper to taste"", ""2 Tbsp. grated onion"", ""80 ml grated carrots"", ""1 (280 g) can cream of chicken soup (undiluted)"", ""240 ml sour cream"", ""470 ml Pepperidge Farm herb seasoned stuffing"", ""3 Tbsp. butter"", ""slivered almonds (optional)""]","[""Cook squash in 1 1/2 cups water to which 3/4 teaspoon salt has been added for about ten minutes."", ""Drain and add next five ingredients."", ""Butter a 2-quart baking dish and put 1 cup of stuffing in the bottom."", ""Add squash mixture; top with remaining stuffing and dot with butter."", ""Also sprinkle with almonds if desired."", ""Bake at 350\u00b0 for 15 minutes.""]",www.cookbooks.com/Recipe-Details.aspx?id=519687,Gathered,"[""cream of chicken soup"", ""sour cream"", ""pepper"", ""onion"", ""stuffing"", ""carrots"", ""almonds"", ""butter"", ""yellow squash""]",www.cookbooks.com
Best Ever Pie Dough Recipe,"[""1.2 l all-purpose flour"", ""1 tsp salt"", ""470 ml crisco shortening"", ""1 lrg egg (mixed with sufficient water to make 180 ml)""]","[""I can guarantee which the bottom crust will be as flaky as the top crust."", ""It's a BIG hit around here!"", ""Try it, it's SUPER flaky..."", ""Mix together the flour and salt; cut in the shortening till it resembles tiny peas."", ""Add in sufficient water to the egg to make 3/4 c. of liquid (I used Cool water)."", ""Add in to the flour mix and blend till dough holds together."", ""The recipe didn't say to refrigeratethe dough but I did anyway.. habit."", ""Not only is this crust SUPER FLAKY but it's VERY easy to work with."", ""I've never achieved a finer crust."", ""Try it, TRUST ME, it's wonderful!"", ""This recipe is suppose to make 3 double pie crusts, I'm not sure."", ""I got one double pie crust & made 12 small apricot tarts with the rest of it.""]",cookeatshare.com/recipes/best-ever-pie-dough-83962,Recipes1M,"[""flour"", ""egg"", ""crisco shortening"", ""salt""]",cookeatshare.com
Fried Okra,"[""10 pods okra, sliced in 1/4 inch pieces"", ""1 egg, beaten"", ""240 ml cornmeal"", ""1/4 teaspoon salt"", ""1/4 teaspoon ground black pepper"", ""120 ml vegetable oil""]","[""In a small bowl, soak okra in egg for 5 to 10 minutes. In a medium bowl, combine cornmeal, salt, and pepper."", ""Heat oil in a large skillet over medium-high heat. Dredge okra in the cornmeal mixture, coating evenly. Carefully place okra in hot oil; stir continuously. Reduce heat to medium when okra first starts to brown, and cook until golden. Drain on paper towels.""]",www.allrecipes.com/recipe/22176/fried-okra/,Gathered,"[""egg"", ""okra"", ""ground black pepper"", ""cornmeal"", ""vegetable oil"", ""salt""]",www.allrecipes.com
Strawberry Pudding,"[""410 ml milk"", ""2 egg whites"", ""5 tablespoons cornstarch"", ""3 tablespoons sugar"", ""2 tablespoons strawberry-flavor Nestle Nesquik powder"", ""1/8 teaspoon salt"", ""1/2 teaspoon vanilla extract""]","[""In a medium saucepan, mix the milk together first with all the ingredients EXCEPT the egg whites and vanilla, with a wooden spoon or whisk. Don't turn on the heat yet."", ""Whisk in the egg whites to the mixture, make sure there's no lumps."", ""3Carefully fold in the vanilla, making sure there's no lumpiness once again."", ""Now turn on the heat to medium-high and whisk while it's heating, uncovered."", ""Let stand for about a minute until it starts to boil. Keep mixing, and let the heat continue until the mixture thickens."", ""When it thickens to a good pudding-like consistency, turn the heat off, and keep beating it with the wooden spoon or whisk to beat any lumps out and disperse the flavors properly."", ""Pour into individual serving cups/ramekins/giant serving bowl whatever your choice is."", ""Make sure you wrap the entire open area(s) with clingwrap! This is important to make sure an icky skin or gelatin-like consistency doesn't happen. (Props to Molly from Cooking Q&A for this tip, it really worked! :) )."", ""Let set for at least 3 hours in the fridge prior to eating."", ""Top with some whipped cream and enjoy! (Especially that Reddi Whip strawberry stuff for an intense berry overload.).""]",www.food.com/recipe/strawberry-pudding-396498,Gathered,"[""sugar"", ""vanilla extract"", ""egg whites"", ""cornstarch"", ""milk"", ""strawberry-flavor"", ""salt""]",www.food.com
Shredded Potato Cakes,"[""950 ml frozen shredded hash browns"", ""120 ml finely chopped onion"", ""60 ml minced fresh parsley"", ""2 tablespoons whole milk"", ""2 large eggs, beaten"", ""60 ml all-purpose flour"", ""1 teaspoon salt"", ""Vegetable oil""]","[""Place hash browns in a strainer and rinse with cold water until thawed. Drain thoroughly; transfer to a large bowl. Add onion, parsley, milk, eggs, flour and salt; mix well. In a skillet over medium heat, heat 1/4 in. of oil. Drop batter by 1/4 cupfuls into hot oil. Fry until golden brown on both sides. Drain on paper towels.""]",www.tasteofhome.com/recipes/shredded-potato-cakes/,Gathered,"[""fresh parsley"", ""eggs"", ""onion"", ""all-purpose"", ""milk"", ""browns"", ""vegetable oil"", ""salt""]",www.tasteofhome.com
Party Pie,"[""unbaked bottom pie crust"", ""pecans"", ""1 can sweetened condensed milk"", ""80 ml lemon juice"", ""1 tsp. vanilla"", ""1/2 tsp. almond flavoring"", ""120 ml heavy cream"", ""1 can Comstock cherry pie filling""]","[""Press pecans into bottom of unbaked pie crust."", ""Prick the sides only and bake shell."", ""Cool.""]",www.cookbooks.com/Recipe-Details.aspx?id=752498,Gathered,"[""condensed milk"", ""vanilla"", ""lemon juice"", ""heavy cream"", ""almond flavoring"", ""pecans"", ""crust"", ""cherry pie filling""]",www.cookbooks.com
Brandy Apple Crisp,"[""950 ml tart apples"", ""3 Tbsp. brandy"", ""1/2 tsp. cinnamon"", ""180 ml oatmeal"", ""2 Tbsp. flour"", ""3 Tbsp. sugar"", ""2 tsp. lemon juice"", ""1/8 tsp. nutmeg"", ""60 ml brown sugar"", ""2 Tbsp. unsalted margarine""]","[""Peel and coarsely chop apples."", ""Combine the first 6 ingredients in an 8 x 8-inch pan."", ""Toss well; set aside.""]",www.cookbooks.com/Recipe-Details.aspx?id=814532,Gathered,"[""sugar"", ""tart apples"", ""lemon juice"", ""nutmeg"", ""brown sugar"", ""cinnamon"", ""flour"", ""unsalted margarine"", ""brandy"", ""oatmeal""]",www.cookbooks.com
Mango Ice Cream,"[""1 (850 g) can mango pulp"", ""1 (400 g) can sweetened condensed milk"", ""1 (225 g) container Cool Whip Topping (available in the super markets frozen dairy section)"", ""470 ml heavy cream""]","[""Mix mango pulp, condensed milk, and heavy cream with whisker or spoon for 3-4 minutes"", ""Now fold in cool whip until mix all together."", ""Pour in to airtight container and freeze it overnight in your freezer."", ""Or if u have ice cream maker then u can make it in ice cream maker."", ""Makes: 20 servings.""]",www.food.com/recipe/mango-ice-cream-200693,Gathered,"[""mango"", ""condensed milk"", ""heavy cream"", ""topping""]",www.food.com
Honey Mustard Chicken Wingettes,"[""2 tablespoons dijon mustard Vineyard Pantry Blue Cheese Dijon Mustard"", ""3 tablespoons grapeseed oil"", ""1/4 teaspoon Tabasco Sauce"", ""1 1/2 tablespoons honey"", ""1/2 tablespoon chopped onion dried"", ""3 cloves garlic minced"", ""2 tablespoons poultry seasoning"", ""1 teaspoon ground paprika"", ""1/2 teaspoon ground cayenne pepper"", ""1/2 teaspoon kosher salt"", ""570 g chicken wing parts""]","[""In a medium sized bowl or dish, whisk together the mustard, grapeseed oil, Tabasco, honey, onion and garlic until smooth. Set aside."", ""Season the chicken with the poultry seasoning, paprika, cayenne pepper and salt. Add to the honey mustard marinade and toss well to coat."", ""Place the chicken in a small baking dish and bake in a preheated oven at 375 degrees for 35-40 minutes or until browned. Turn chicken at least once during baking to brown both sides.""]",www.yummly.com/recipe/Honey-Mustard-Chicken-Wingettes-1660046,Gathered,"[""tabasco sauce"", ""ground cayenne pepper"", ""onion"", ""ground paprika"", ""poultry seasoning"", ""chicken wing parts"", ""kosher salt"", ""garlic"", ""mustard"", ""honey"", ""grapeseed oil""]",www.yummly.com
Seafood Bisque,"[""1.4 l half and half"", ""2 cans condensed green pea soup"", ""2 cans condensed tomato soup"", ""450 g crab meat"", ""450 g boiled fresh shrimp"", ""300 ml sherry wine""]","[""Blend soups with half and half."", ""Heat and add crab meat, shrimp and the sherry."", ""Serve immediately.""]",www.cookbooks.com/Recipe-Details.aspx?id=1082495,Gathered,"[""condensed green"", ""sherry wine"", ""crab meat"", ""tomato soup"", ""fresh shrimp""]",www.cookbooks.com
Shrimp And Chicken Tikka Masala,"[""4 tablespoons olive oil"", ""1/2 large onion"", ""4 garlic cloves"", ""1 tablespoon ground fenugreek"", ""1 tablespoon ground ginger"", ""1 teaspoon cumin"", ""1 tablespoon cinnamon"", ""3 tablespoons garam masala"", ""4 teaspoons ground coriander"", ""4 teaspoons paprika"", ""2 teaspoons turmeric"", ""1/2 teaspoon cayenne"", ""1 teaspoon black pepper"", ""2 bay leaves"", ""240 ml chicken broth"", ""2 (820 g) cans tomato sauce"", ""470 ml heavy cream"", ""for chicken 910 g boneless skinless chicken thighs"", ""1 tablespoon garam masala"", ""1 teaspoon ground coriander"", ""1/2 lemon, juice of"", ""for shrimp"", ""910 g shrimp"", ""1 tablespoon garam masala"", ""1 teaspoon ground coriander""]","[""For a double recipe."", ""Sauce."", ""Medium dice onion and saute in olive oil for 5 minutes. Add all spices except bay leaves and saute for 5 minutes, adding small amounts of chicken broth as needed to keep spices from burning. Add finely minced or grated garlic. Add tomato sauce and stir. Add cream. Simmer for at least an hour. The longer the better. Add water or broth as needed to thin out. Cut chicken into bite size pieces.Marinate chicken and shrimp (separately) in spices and oil for at least 30. Cook chicken under broiler until done add to sauce. Cook shrimp under broiler until just pink. Add to sauce. Serve over basmati rice with naan.""]",www.food.com/recipe/shrimp-and-chicken-tikka-masala-526911,Gathered,"[""ground fenugreek"", ""garam masala"", ""tomato sauce"", ""cinnamon"", ""cumin"", ""onion"", ""bay leaves"", ""chicken broth"", ""ground coriander"", ""paprika"", ""turmeric"", ""lemon"", ""chicken"", ""olive oil"", ""cayenne"", ""black pepper"", ""heavy cream"", ""ground ginger"", ""shrimp"", ""garlic""]",www.food.com
Meat Loaf,"[""1 envelope Lipton herb soup mix"", ""910 g ground beef"", ""350 ml fresh bread crumbs"", ""2 eggs"", ""180 ml water"", ""80 ml ketchup""]","[""Preheat oven to 350\u00b0."", ""In large bowl, combine all ingredients. In large baking pan, shape into loaf."", ""Bake 1 hour or until done. Serves 8.""]",www.cookbooks.com/Recipe-Details.aspx?id=357667,Gathered,"[""herb soup mix"", ""eggs"", ""water"", ""ground beef"", ""ketchup"", ""bread crumbs""]",www.cookbooks.com
Broccoli Soup,"[""225 g broccoli"", ""1 can cream of chicken soup"", ""1/2 tsp. salt"", ""350 ml water"", ""240 ml heavy cream or half and half"", ""1/2 tsp. pepper"", ""cayenne pepper to taste"", ""several dashes Velveeta cheese"", ""milk""]","[""Trim broccoli and chop in chunks."", ""Microwave until tender. Cool slightly; use the water to chop up broccoli in blender."", ""In saucepan, add to broccoli-water mixture, the soup, cream and spices."", ""Heat slowly to simmer; a wire whisk helps to get it smooth.""]",www.cookbooks.com/Recipe-Details.aspx?id=1037390,Gathered,"[""cream of chicken soup"", ""velveeta cheese"", ""pepper"", ""heavy cream"", ""cayenne pepper"", ""water"", ""broccoli"", ""milk"", ""salt""]",www.cookbooks.com
Split Pea And Ham Soup,"[""1.15 kg ham, bone in"", ""4 bay leaves"", ""450 g split peas, picked over and rinsed"", ""3 red potatoes, diced into 1/2 inch cubes"", ""1 teaspoon dried thyme"", ""2 tablespoons olive oil"", ""470 ml medium onions, diced"", ""2 medium carrots, diced"", ""2 teaspoons garlic, chopped"", ""2 celery ribs, diced"", ""1 tablespoon butter"", ""2 teaspoons sugar"", ""salt"", ""black pepper"", ""balsamic vinegar""]","[""In a large stockpot, combine the ham, bay leaves, and 3 quarts of water. Bring to a boil. Reduce the heat to a low wimmer until the meat is tender, about 2 1/2 hours."", ""Remove the ham from the stockpot and pick it into bite sized pieces. Return to the stockpot. Add the split peas, potatoes, and thyme to the stock. Cook until tender, about 20 minutes."", ""In a large saute pan heat the olive oil on medium high. Saute the onions, carrots, garlic and celery. Add the butter and sugar. Cook the vegetables until carmelized, 12 to 15 minutes."", ""Add the vegetables and potatoes to the split-pea pot. Simmer until the potatoes are tender, about 10 minutes. Add the salt and pepper to taste and a splash of balsamic vinegar.""]",www.food.com/recipe/split-pea-and-ham-soup-384844,Gathered,"[""peas"", ""sugar"", ""black pepper"", ""ham"", ""celery"", ""thyme"", ""bay leaves"", ""balsamic vinegar"", ""onions"", ""red potatoes"", ""carrots"", ""garlic"", ""butter"", ""olive oil"", ""salt""]",www.food.com
Ham Balls,"[""Ham Balls"", ""450 g ground ham (if needed you can get a ham steak or chunk at the deli counter to grind)"", ""450 g ground pork"", ""160 ml crushed cracker crumb"", ""120 - 180 ml milk"", ""1 green pepper, very finely chopped"", ""2 eggs"", ""1 medium onion, very finely chopped"", ""Sauce"", ""350 ml brown sugar"", ""180 ml catsup"", ""1 teaspoon dry mustard"", ""120 ml molasses"", ""1 teaspoon Worcestershire sauce""]","[""(3 batches of sauce is best when filling a crockpot with a double batch of balls) Ham Balls: Mix all together, gradually adding milk at the end to moisten enough to form balls."", ""Bake balls on a cookie sheet for 20 minutes at 350 degrees, drain fat and cool."", ""Sauce: Mix togther, heat and simmer 10 minutes until well blended.""]",www.food.com/recipe/ham-balls-31844,Gathered,"[""ground pork"", ""ground ham"", ""eggs"", ""crushed cracker crumb"", ""brown sugar"", ""onion"", ""molasses"", ""ham"", ""catsup"", ""sauce"", ""worcestershire sauce"", ""milk"", ""mustard"", ""green pepper""]",www.food.com
Carrot Casserole,"[""910 g carrots, sliced, cooked and drained"", ""1 stick margarine"", ""225 g Velveeta cheese""]","[""Melt together the margarine and Velveeta cheese."", ""Pour over carrots in a 9 x 13-inch pan.""]",www.cookbooks.com/Recipe-Details.aspx?id=610572,Gathered,"[""velveeta cheese"", ""margarine"", ""carrots""]",www.cookbooks.com
Tomato Relish,"[""1.9 l ripe tomatoes, peeled and cut up"", ""240 ml sugar"", ""240 ml vinegar"", ""2 medium onions, chopped"", ""4 medium hot peppers, chopped""]","[""Mix all ingredients and cook about 30 minutes."", ""Seal in small jars.""]",www.cookbooks.com/Recipe-Details.aspx?id=435737,Gathered,"[""vinegar"", ""sugar"", ""tomatoes"", ""onions"", ""hot peppers""]",www.cookbooks.com
Ww 4 Points - Easy Blackened Chicken,"[""4 boneless skinless chicken breast halves"", ""240 ml Worcestershire sauce"", ""2 teaspoons ground black pepper""]","[""Place Worcestershire sauce and pepper in a large skillet."", ""Add chicken breasts and heat over medium high heat until it just comes to a boil. Reduce heat to low and simmer until done, about 15 or 20 minutes."", ""Turn chicken occasionally."", ""4 Points per serving.""]",www.food.com/recipe/ww-4-points-easy-blackened-chicken-149349,Gathered,"[""ground black pepper"", ""chicken"", ""worcestershire sauce""]",www.food.com
Passatelli Soup,"[""1.55 l chicken stock"", ""350 ml fine breadcrumbs (unseasoned)"", ""240 ml semolina flour"", ""60 ml fresh grated parmesan cheese"", ""2 teaspoons baking powder"", ""1 teaspoon salt"", ""1 pinch white pepper"", ""1/2 teaspoon grated lemon zest"", ""4 eggs, beaten"", ""1 chicken bouillon cube"", ""2 tablespoons butter, melted""]","[""In a large pot bring the chicken stock to a simmer. Combine the bread crumbs, semolina flour,Parmesan Cheese,baking power,salt,white pepper and lemon zest in a bowl.Mix very well."", ""Beat the eggs in a small bowl. Dissolve the bouillon cube in a glass with 1/2 cup of hot chicken stock. Add the bouillon to the dry ingredients along with the beaten egg and melted butter. Stir together and knead it to form a smooth dough."", ""Season the simmering stock with salt to taste. Place some of the dough in a spaetzle press or potato ricer. You can even use a box grader if you don't have either one of the above."", ""Stir the noodles very gently to separate. Poach the noodles 1 minute or until they float and are tender. Do not over cook or they will fall apart. Using a skimmer or slotted spoon, transfer noodles to a bowl. Repeat with remaining dough."", ""When all the noodles are cooked, pour the hot broth into the bowl. Optional: Garnish with chopped parsley and fresh grated Parmesan cheese.""]",www.food.com/recipe/passatelli-soup-349964,Gathered,"[""baking powder"", ""eggs"", ""parmesan cheese"", ""lemon zest"", ""white pepper"", ""flour"", ""breadcrumbs"", ""butter"", ""chicken"", ""chicken stock"", ""salt""]",www.food.com
Pizza Casserole,"[""910 g hamburger"", ""120 ml green peppers, chopped"", ""1 onion, diced"", ""280 or 340 g pkg. cooked noodles"", ""2 (300 g) cans pizza sauce"", ""2 cans cream of mushroom soup"", ""1 can mushrooms"", ""1/2 tsp. garlic"", ""1/2 tsp. oregano"", ""240 ml water (from noodles)"", ""950 ml Mozzarella shredded cheese""]","[""Brown hamburger, pepper and onion; drain."", ""Mix remaining ingredients except cheese."", ""Put in Dutch oven; cover with cheese. Bake 1 hour at 325\u00b0.""]",www.cookbooks.com/Recipe-Details.aspx?id=984521,Gathered,"[""oregano"", ""pizza sauce"", ""green peppers"", ""noodles"", ""cream of mushroom soup"", ""onion"", ""mushrooms"", ""water"", ""mozzarella shredded cheese"", ""garlic"", ""hamburger""]",www.cookbooks.com
Finger Cookies ,"[""250 ml soft butter"", ""250 ml superfine sugar"", ""1 large egg"", ""5 ml vanilla extract"", ""650 ml unbleached flour"", ""10 ml baking powder"", ""5 ml sea salt"", ""50 whole blanched almonds""]","[""Cream butter and sugar"", ""Mix together flour, baking powder and salt."", ""Beat in egg and vanilla extract"", ""Then beat the flour mixture in, in thirds."", ""Knead the last allotment in by hand. Dough should be stiff but still plastic enough to mould."", ""Cover and chill for 30 minutes."", ""Cut dough into 6 lumps and each lump into 10 pieces, roll each piece into finger shapes (oblong rolls)."", ""Place on baking sheet."", ""Press an almond into one end of each finger for nail."", ""Press in centre of finger to create knuckle shape and make slashes for knuckle."", ""If you make the fingers fatter and reverse the almond you get toes!"", ""Bake at 325o F / 160o C for 15 - 20 min. until pale golden.""]",www.epicurious.com/recipes/member/views/finger-cookies-50053026,Gathered,"[""egg"", ""sugar"", ""vanilla"", ""baking powder"", ""flour"", ""almonds"", ""butter"", ""salt""]",www.epicurious.com
Kristi'S Pork Cacciatore,"[""910 g fire roasted tomatoes canned"", ""240 ml onion chopped"", ""2 cloves garlic minced"", ""1 tablespoon olive oil"", ""280 g mushroom sliced"", ""120 ml red wine"", ""2 tablespoons oregano fresh minced"", ""1 bay leaf large"", ""340 g pork tenderloin cooked and cubed"", ""170 g fettuccini quinoa, cooked and drained"", ""4 tablespoons Parmesan cheese shredded""]","[""Heat olive oil in a large saucepan over medium heat, and add onion and garlic. Cook for 4 - 5 minutes to soften, then add tomatoes and bay leaf and cook for 20 minutes to reduce."", ""Add cooked pork, mushrooms, wine and oregano and cook another 10 minutes."", ""Remove bay leaf and top fettuccini with sauce and Parmesan cheese.""]",www.yummly.com/recipe/Kristi_s-Pork-Cacciatore-1662224,Gathered,"[""oregano"", ""tomatoes"", ""parmesan cheese"", ""onion"", ""fettuccini quinoa"", ""mushroom"", ""red wine"", ""garlic"", ""pork tenderloin"", ""bay leaf"", ""olive oil""]",www.yummly.com
Oatmeal Cake,"[""350 ml hot water"", ""240 ml oats"", ""240 ml brown sugar"", ""240 ml white sugar"", ""120 ml shortening"", ""2 eggs"", ""320 ml cake flour"", ""1 tsp. soda"", ""1 tsp. cinnamon"", ""1/2 tsp. salt""]","[""Pour hot water over oats and let stand."", ""Cream brown sugar, white sugar and shortening."", ""Beat eggs into creamed mixture."", ""Sift cake flour with soda, cinnamon and salt."", ""Add dry ingredients to shortening mixture and then add oats."", ""Beat well."", ""Bake at 350\u00b0 for 35 minutes.""]",www.cookbooks.com/Recipe-Details.aspx?id=1069521,Gathered,"[""cake flour"", ""oats"", ""shortening"", ""brown sugar"", ""eggs"", ""soda"", ""cinnamon"", ""water"", ""white sugar"", ""salt""]",www.cookbooks.com
Monte Cristo Sandwich,"[""60 ml milk"", ""1 egg, well beaten"", ""85 g thinly sliced turkey or ham"", ""1 slice Jack or Swiss cheese"", ""2 slices bread"", ""2 Tbsp. butter""]","[""Combine the milk and egg and beat until well mixed. Make a sandwich by placing the meat and cheese between the"", ""two slices of bread. Soak the sandwich, one side at a time, in the egg mixture. Melt the butter in a frying pan over medium heat. When the bread has absorbed the egg mixture, place it in the pan and fry one side at a time until both sides are golden brown. Serve hot!""]",www.cookbooks.com/Recipe-Details.aspx?id=93402,Gathered,"[""bread"", ""egg"", ""swiss cheese"", ""turkey"", ""milk"", ""butter""]",www.cookbooks.com
Shrimp And Artichoke Linguine,"[""1 (225 g) package linguini pasta"", ""2 tablespoons olive oil"", ""1 onion, chopped"", ""1 clove crushed garlic"", ""450 g large shrimp - peeled and deveined"", ""300 ml frozen artichoke hearts"", ""120 ml white wine"", ""2 tablespoons lemon juice"", ""2 teaspoons lemon zest"", ""salt to taste"", ""ground black pepper to taste"", ""2 tablespoons chopped fresh parsley""]","[""Cook pasta in boiling water."", ""While pasta is cooking, saute onion and garlic in oil for about 5 minutes. Remove to bowl. Add shrimp to remaining drippings, and cook for about 3 minutes. Stir in artichoke hearts, wine, lemon juice, lemon peel, salt, pepper, and cooked onion. Heat to boiling over high heat. Reduce heat to low; simmer, covered, for 4 to 5 minutes. Toss with pasta and parsley. Serve immediately.""]",www.allrecipes.com/recipe/11667/shrimp-and-artichoke-linguine/,Gathered,"[""lemon juice"", ""pasta"", ""frozen artichoke"", ""lemon zest"", ""onion"", ""ground black pepper"", ""white wine"", ""parsley"", ""shrimp"", ""garlic"", ""olive oil"", ""salt""]",www.allrecipes.com
Pizza Dough (Molino Caputo Tipo 00) ,"[""500 g Molino Caputo Tipo 00 flour"", ""280 g water (cool not cold)"", ""2 tsp salt"", ""3/4 tsp instant yeast (aka Bread machine yeast)""]","[""This recipe is by weight. For those who do not have a scale, sorry, I just can't get consistent results with measuring cups."", """", ""Put Flour followed by salt and yeast in the mixing bowl of a stand mixer. Stir the ingredients to distribute yeast and salt in the flour. Add the Water."", """", ""Mix on low for 12 minutes with a dough hook. If the dough does not come together completely in 2 minutes add more water a teaspoon at a time."", """", ""Once mixed it will get a smooth texture but the dough will be too stressed to use the \""window method\"" to check that the gluten has bonded."", """", ""Once mixed let rise in a warm place for at least 2 hours. this not only lets the yeast develop it also allows the dough to develop some of it's flavor."", """", ""At least an hour before you want to bake the pizzas the dough needs to be portioned, and shaped into balls or disks. Also this is a good time to turn your oven onto full blast. The gluten in this flour too strong stretch into a pizza after shaping and it needs to rest for at least an hour before shaping. Dividing the dough in half will give 2 12-13 inch pizzas. Dividing it into 3 will give 3 8-9 inch pizzas."", """", ""Add your favorite ingredients and bake on a pizza screen or on a pizza stone as hot as your oven will go. Watch closely as they bake quick 5-8 min."", """", ""Quick tip: If you are baking on a pizza stone shape your pizza on parchment paper and transfer directly onto the stone.""]",www.epicurious.com/recipes/member/views/pizza-dough-molino-caputo-tipo-00-51512021,Gathered,"[""yeast"", ""salt"", ""water""]",www.epicurious.com
Shrimp And Egg Sandwiches,"[""4 French baguettes"", ""32 shrimp, boiled and peeled, tails removed"", ""4 eggs, hardboiled, peeled and sliced"", ""boston lettuce, washed and dried"", ""8 tablespoons mayonnaise"", ""salt & freshly ground black pepper""]","[""Cut baguettes in half and then slice lengthwise to make opening for salad."", ""Spread each half with mayonnaise. Place lettuce on bottom half of each baguette and top with 3 to 4 slices of hardboiled eggs."", ""Season with a little salt and pepper with additional mayonnaise. Top the eggs with 7 to 8 shrimp and a few more lettuce leaves."", ""These can be served open-face or topped with other half of the baguette."", ""Serve with your favorite summer salad.""]",www.food.com/recipe/shrimp-and-egg-sandwiches-181670,Gathered,"[""baguettes"", ""boston lettuce"", ""eggs"", ""mayonnaise"", ""shrimp"", ""salt""]",www.food.com
No-Bake Chocolate Oatmeal Cookies,"[""710 ml uncooked oatmeal"", ""3 Tbsp. cocoa"", ""120 ml walnuts"", ""120 ml coconut, shredded"", ""470 ml sugar"", ""120 ml milk"", ""1 stick margarine"", ""1 tsp. vanilla""]","[""Mix the first 4 ingredients together."", ""In a saucepan, combine the last 4 ingredients and cook 1 minute."", ""Pour over dry ingredients; mix thoroughly."", ""Drop by teaspoon onto wax paper or greased pan."", ""Let stand until cold.""]",www.cookbooks.com/Recipe-Details.aspx?id=515013,Gathered,"[""sugar"", ""vanilla"", ""cocoa"", ""margarine"", ""coconut"", ""walnuts"", ""milk"", ""oatmeal""]",www.cookbooks.com
Garden Cabbage Salad,"[""1 small cabbage, finely shredded"", ""1 bunch green onions, chopped"", ""1 carrot, shredded"", ""1 small green pepper, finely chopped"", ""6 radishes, thinly sliced"", ""1 cucumber, finely chopped"", ""Dressing""]","[""Combine all ingredients except dressing."", ""Cover and chill. Toss with dressing just before serving."", ""Yields 8 to 10 servings.""]",www.cookbooks.com/Recipe-Details.aspx?id=1004617,Gathered,"[""cabbage"", ""cucumber"", ""dressing"", ""green onions"", ""radishes"", ""carrot"", ""green pepper""]",www.cookbooks.com
Three-Sisters Chili,"[""2 (430 g) cans red kidney beans, drained and rinsed"", ""2 tablespoons olive oil"", ""1 medium-size yellow onion, chopped"", ""1 red bell pepper, chopped"", ""2 jalapeno chiles, seeds removed, chopped"", ""3 garlic cloves, minced"", ""1 tablespoon chili powder"", ""1 tablespoon kosher salt"", ""1/2 teaspoon ground cumin"", ""1/2 teaspoon smoked paprika"", ""910 g butternut squash, peeled, seeds removed, chopped into 1/2-inch pieces"", ""470 ml fresh corn kernels (about 3 ears)"", ""1 (430 g) can diced tomatoes"", ""950 ml vegetable broth""]","[""Mash 1/2 cup of the red kidney beans, and set aside with the remaining whole kidney beans."", ""Heat oil in a large Dutch oven over medium. Add onion, bell pepper, jalapenos, and garlic, and cook, stirring often, 5 minutes. Stir in chili powder, salt, cumin, and paprika, and cook, stirring constantly, 1 minute."", ""Increase heat to high; stir in butternut squash, corn, tomatoes, broth, whole beans, and reserved 1/2 cup mashed beans, and bring to a boil. Reduce heat to medium-low, and simmer, stirring occasionally, until squash is tender, 30 to 45 minutes.""]",www.myrecipes.com/recipe/three-sisters-chili,Gathered,"[""ground cumin"", ""tomatoes"", ""butternut squash"", ""chili powder"", ""red kidney beans"", ""yellow onion"", ""vegetable broth"", ""red bell pepper"", ""corn kernels"", ""kosher salt"", ""paprika"", ""chiles"", ""garlic"", ""olive oil""]",www.myrecipes.com
Chicken Fried Steak,"[""Steak"", ""240 ml all-purpose flour (I use only 160 ml)"", ""1 teaspoon salt"", ""1/2 teaspoon pepper"", ""1/2 teaspoon paprika"", ""120 ml buttermilk"", ""3/4 teaspoon hot sauce (to taste)"", ""450 g beef cube steak, cut in serving size pieces"", ""60 ml oil"", ""Gravy"", ""2 tablespoons oil"", ""2 tablespoons all-purpose flour"", ""590 ml milk"", ""1/4 teaspoon salt (to taste)"", ""1/2 teaspoon pepper (to taste)""]","[""Dust the steak with flour or place between 2 sheets of plastic wrap. Tenderize steak completely by pounding thin with a meat mallet or the bottom of an iron (or heavy) skillet. If not precut, cut meat into serving size pieces."", ""Stir together first 4 ingredients in a shallow dish. Combine buttermilk and hot sauce in a bowl. Dredge steaks in flour mixture; dip into buttermilk mixture, and dip again in flour mixture."", ""Heat 1/4 cup oil in a large skillet over medium-high heat to 360 degrees. Add steaks, and cook 5 minutes on each side. Remove from skillet. Drain steaks on paper towels."", ""Heat 2 tablespoons oil in skillet; whisk in 2 tablespoons flour, and cook, whisking constantly, 5 minutes or until light golden brown."", ""Whisk in milk a little at a time; cook, whisking constantly, over medium heat until thickened and bubbly, about 10 minutes. Stir in salt & pepper to taste. Serve over steaks and mashed potatoes.""]",www.food.com/recipe/chicken-fried-steak-355765,Gathered,"[""buttermilk"", ""oil"", ""gravy"", ""pepper"", ""hot sauce"", ""beef cube steak"", ""flour"", ""milk"", ""paprika"", ""salt""]",www.food.com
Lasagna,"[""910 g Italian sausage"", ""1 clove minced garlic"", ""1 1/2 tsp. salt"", ""Ragu spaghetti sauce"", ""1 box lasagna noodles"", ""710 ml cottage cheese"", ""120 ml Parmesan cheese"", ""2 Tbsp. parsley flakes"", ""2 eggs, beaten"", ""salt and pepper"", ""450 g Mozzarella cheese, sliced""]","[""Heat oven to 375\u00b0."", ""Brown meat."", ""Drain off excess fat."", ""Add sauce and seasonings."", ""Simmer for 30 minutes."", ""Cook noodles. Cool, drain and rinse."", ""Combine remaining ingredients except Mozzarella cheese."", ""Place a little sauce, then noodles in baking dish."", ""Half of cottage cheese mixture, then half of Mozzarella cheese, sauce again, noodles, cottage cheese and Mozzarella cheese."", ""Bake for 30 minutes."", ""If cold or frozen, bake 1 hour.""]",www.cookbooks.com/Recipe-Details.aspx?id=792859,Gathered,"[""lasagna noodles"", ""parmesan cheese"", ""eggs"", ""mozzarella cheese"", ""parsley flakes"", ""cottage cheese"", ""spaghetti sauce"", ""garlic"", ""italian sausage"", ""salt""]",www.cookbooks.com
Peanut Butter Cookies,"[""240 ml margarine"", ""240 ml granulated sugar"", ""2 eggs"", ""590 ml flour"", ""1 tsp. baking soda"", ""240 ml peanut butter"", ""240 ml brown sugar"", ""1 tsp. vanilla"", ""1 tsp. salt""]","[""Cream margarine, sugars and peanut butter."", ""Add eggs and vanilla."", ""Sift flour, salt and soda."", ""Add to peanut butter mixture."", ""Chill dough."", ""Shape into 1-inch balls."", ""Flatten with a floured fork."", ""Bake on ungreased cookie sheet at 350\u00b0 for 12 to 15 minutes."", ""Yield: 6 dozen.""]",www.cookbooks.com/Recipe-Details.aspx?id=921503,Gathered,"[""sugar"", ""vanilla"", ""eggs"", ""baking soda"", ""peanut butter"", ""brown sugar"", ""flour"", ""margarine"", ""salt""]",www.cookbooks.com
Favorite Hush Puppies,"[""470 ml cornmeal"", ""120 ml sifted all-purpose flour"", ""1 tablespoon sugar"", ""2 teaspoons brown sugar"", ""2 teaspoons baking powder"", ""1/2 teaspoon baking soda"", ""1/2 teaspoon salt"", ""1 egg, well beaten"", ""240 ml buttermilk"", ""80 ml finely chopped onion (optional)"", ""60 ml water"", ""cooking oil""]","[""Combine corn meal, flour, sugar, baking powder, soda, and salt."", ""Combine egg, buttermilk, onion and water. C."", ""ombine mixtures and stir until just moistened."", ""In a skillet or \""Fry Daddy\"" pour in oil until a depth of 3 inches or to markings on \""Fry Daddy\"". Heat oil to 375'F."", ""Drop batter by tablespoons into hot oil. Fry until golden brown."", ""Quantity varies according to size.""]",www.food.com/recipe/favorite-hush-puppies-115182,Gathered,"[""buttermilk"", ""egg"", ""sugar"", ""baking powder"", ""brown sugar"", ""baking soda"", ""onion"", ""cooking oil"", ""water"", ""flour"", ""cornmeal"", ""salt""]",www.food.com
Banana Bread,"[""710 ml plain flour"", ""470 ml sugar"", ""1 tsp. cinnamon"", ""1 tsp. salt"", ""1 tsp. soda"", ""3 eggs"", ""4 or 5 bananas (ripe)"", ""225 g can crushed pineapple"", ""350 ml Wesson oil"", ""1 1/2 tsp. vanilla""]","[""Mix dry ingredients."", ""Mix in eggs, vanilla, bananas and pineapple by hand."", ""Bake at 325\u00b0 to 350\u00b0 for 1 hour and 15 minutes.""]",www.cookbooks.com/Recipe-Details.aspx?id=934006,Gathered,"[""sugar"", ""vanilla"", ""eggs"", ""cinnamon"", ""soda"", ""wesson oil"", ""bananas"", ""flour"", ""pineapple"", ""salt""]",www.cookbooks.com
Peach Pie,"[""1.4 l Sliced Peeled Peaches"", ""1 whole Lime, Juiced"", ""120 ml All-purpose Flour"", ""240 ml White Sugar"", ""1/2 teaspoons Ground Cinnamon"", ""1/4 teaspoons Ground Nutmeg"", ""1/4 teaspoons Salt"", ""1 whole Egg, Beaten"", ""2 Tablespoons Butter""]","[""You will also need one batch of your favorite pie crust recipe or pre-made pie crusts. Enough for two, this is a double crust pie."", ""Preheat oven to 450 degrees."", ""Toss the peaches with the lime juice and then drain off excess lime juice and peach juice."", ""Mix together the flour, sugar, cinnamon, nutmeg, and salt. Then combine with the peaches."", ""Line a 9 inch pie plate with one pie crust and brush the entire thing with egg."", ""Pour the peaches into the pie pan, dot with the butter and top with the other pie crust. Pinch the edges, cut a few slits and brush the top with egg."", ""Bake in preheated oven for 10 minutes and then reduce heat to 360 degrees and bake for another 30 -35 minutes."", ""Let cool then serve.""]",tastykitchen.com/recipes/desserts/peach-pie/,Gathered,"[""egg"", ""\u00bc"", ""all-purpose"", ""white sugar"", ""peaches"", ""ground cinnamon"", ""butter""]",tastykitchen.com
Corn Casserole With A Kick!,"[""2 cans Whole Kernel Corn"", ""1 can Sweet Cream Corn"", ""3/4 whole Red Pepper"", ""2 whole Jalapenos"", ""470 ml Shredded Sharp Cheddar Cheese"", ""240 ml Sour Cream"", ""1- 1/2 package Ritz Crackers"", ""10 Tablespoons Butter""]","[""Preheat oven to 400F."", ""Pour 2 cans drained whole kernel corn in a 13x9 glass pan."", ""Pour in 1 can sweet cream corn."", ""Dice 3/4 of a red pepper and 2 jalapenos."", ""Add to the corn."", ""Add shredded sharp cheddar cheese, then add sour cream."", ""Mix."", ""You can add a couple dashes of salt, pepper, garlic, or any other spices you want."", ""After it is all mixed well, mush it down evenly throughout the pan."", ""Put the 1 1/2 packages of Ritz Crackers in a Ziploc bag and crush, or you could use your chopper."", ""Great for handing over to the kids and letting them smash the crackers."", ""Theyll love it!"", ""The crackers can be finely crushed or just barely broken up."", ""Either way, it will still taste delicious!"", ""Pour the crushed crackers over the top of your corn mixture and pat down evenly."", ""And finally, slice butter and put it over the crackers."", ""Paula Dean would be proud!"", ""Bake it at 400F for 15 to 20 minutes."", ""You may need to cover with foil towards the end so the top doesnt get too done."", ""Enjoy!""]",tastykitchen.com/recipes/main-courses/corn-casserole-with-a-kick/,Recipes1M,"[""sour cream"", ""kernel corn"", ""crackers"", ""cheddar cheese"", ""red pepper"", ""sweet cream"", ""butter"", ""jalapenos""]",tastykitchen.com
Pecan Cookies,"[""1 stick butter or margarine"", ""350 ml dark brown sugar"", ""350 ml all purpose flour"", ""3 eggs"", ""470-710 ml chopped pecans""]","[""Mix well and spread on baking sheet. Bake at 350\u00b0 for 25 minutes.""]",www.cookbooks.com/Recipe-Details.aspx?id=148848,Gathered,"[""brown sugar"", ""eggs"", ""pecans"", ""flour"", ""butter""]",www.cookbooks.com
Crustless Broccoli Quiche,"[""2 tablespoons dried breadcrumbs"", ""1.4 l broccoli florets"", ""1 red pepper seeded and sliced"", ""85 g ham shaved, sliced"", ""180 ml cheddar cheese grated"", ""4 eggs"", ""240 ml milk"", ""1 teaspoon dijon mustard"", ""salad to serve""]","[""Preheat the oven to 350\u00b0F. Spray a 9-inch quiche dish or pie plate with no sick cooking spray. Dust with the breadcrumbs."", ""Arrange broccoli, pepper, ham and cheese in dish. Whisk eggs, milk and mustard in a medium bowl. Season to taste. Pour over vegetable mixture."", ""Bake for 35-40 mins, until firm and golden. Cut into wedges and serve with salad.""]",www.yummly.com/recipe/Crustless-Broccoli-Quiche-1401381,Gathered,"[""ham shaved"", ""eggs"", ""cheddar cheese"", ""broccoli florets"", ""red pepper"", ""breadcrumbs"", ""salad"", ""milk"", ""mustard""]",www.yummly.com
Caesar Salad,"[""470 ml croutons"", ""garlic clove, split"", ""2 heads romaine lettuce"", ""120 ml Parmesan cheese"", ""4 Tbsp. black pepper"", ""6 Tbsp. olive oil"", ""2 Tbsp. lemon juice"", ""1/2 tsp. salt"", ""1/4 tsp. dry mustard""]","[""Rub wooden salad bowl with garlic pieces."", ""Pare and chop lettuce."", ""Add to salad bowl."", ""In another bowl, mix Parmesan cheese, pepper, oil, lemon juice, salt and mustard."", ""Blend well. Pour over lettuce and toss well."", ""Add croutons and additional freshly grated Parmesan cheese, if desired."", ""(Note:"", ""To make own croutons; saute cubes of bread in olive oil, flavored with garlic.)""]",www.cookbooks.com/Recipe-Details.aspx?id=191035,Gathered,"[""black pepper"", ""lemon juice"", ""croutons"", ""parmesan cheese"", ""dry mustard"", ""garlic"", ""olive oil"", ""salt""]",www.cookbooks.com
Fruit Salad,"[""2 boxes vanilla tapioca pudding"", ""3 (430 g) cans chunk pineapple, drained"", ""1 large can Mandarin oranges, drained"", ""1 small can Mandarin oranges, drained"", ""1 small jar maraschino cherries"", ""3 medium bananas, diced (optional)""]","[""Measure the juices and add enough water to make 3 cups."", ""Cook tapioca in the drained juices."", ""Boil for 5 minutes."", ""Let cool, then fold in the fruit."", ""Refrigerate until well chilled."", ""Tastes like baby fruit dessert!""]",www.cookbooks.com/Recipe-Details.aspx?id=846037,Gathered,"[""vanilla tapioca"", ""bananas"", ""maraschino cherries"", ""oranges"", ""pineapple""]",www.cookbooks.com
Missouri No Bake Cookies,"[""470 ml sugar"", ""3 Tbsp. cocoa"", ""710 ml quick oats"", ""1 tsp. vanilla"", ""120 ml milk"", ""115 g butter or oleo"", ""120 ml crunchy peanut butter"", ""pinch of salt""]","[""Combine sugar, milk, cocoa and butter in saucepan."", ""Cook at full rolling boil for 1 minute."", ""Remove from heat and add oats, peanut butter, salt and vanilla."", ""Mix well."", ""Drop by spoon onto wax paper."", ""Cool.""]",www.cookbooks.com/Recipe-Details.aspx?id=289389,Gathered,"[""sugar"", ""vanilla"", ""oats"", ""cocoa"", ""milk"", ""butter"", ""crunchy peanut butter"", ""salt""]",www.cookbooks.com
Rich Macaroni And Tomato Bake,"[""350 ml macaroni"", ""2 slices bacon, chopped"", ""350 ml pasta sauce"", ""1/2 teaspoon ground black pepper"", ""3 eggs, beaten"", ""120 ml heavy cream"", ""120 ml milk"", ""1 pinch ground nutmeg"", ""120 ml shredded mozzarella cheese""]","[""Preheat oven to 350 degrees F (175 degrees C). Grease a 9x13 inch baking dish."", ""Bring a large pot of lightly salted water to a boil. Add pasta and cook for 8 to 10 minutes or until al dente; drain."", ""In a large skillet over medium heat, cook bacon until crisp. Stir in pasta sauce, black pepper and cooked pasta. Spread mixture in prepared dish."", ""In a medium bowl, combine eggs, cream, milk and nutmeg and stir until smooth. Pour gently over macaroni mixture. Sprinkle with mozzarella."", ""Bake in preheated oven 30 minutes, until set and golden brown.""]",www.allrecipes.com/recipe/21124/rich-macaroni-and-tomato-bake/,Gathered,"[""bacon"", ""macaroni"", ""pasta sauce"", ""heavy cream"", ""eggs"", ""ground nutmeg"", ""mozzarella cheese"", ""ground black pepper"", ""milk""]",www.allrecipes.com
Popover Pizza,"[""450 g ground chuck"", ""1 large onion, chopped"", ""28 to 45 g envelope spaghetti sauce"", ""120 ml water"", ""1 (225 g) pkg. shredded Mozzarella cheese"", ""2 eggs"", ""240 ml milk"", ""1 Tbsp. vegetable oil"", ""240 ml all-purpose flour"", ""1/2 tsp. salt"", ""120 ml grated Parmesan cheese""]","[""Brown beef and onions; drain."", ""Stir in sauce mix, tomato sauce and water."", ""Simmer 10 minutes."", ""Spoon into greased 13 x 9-inch pan."", ""Top with cheese."", ""Beat eggs, milk and oil until foamy."", ""Beat in flour and salt until batter is smooth."", ""Pour over filling and cover."", ""Sprinkle Parmesan cheese and bake at 400\u00b0 for 30 minutes."", ""Cut in squares.""]",www.cookbooks.com/Recipe-Details.aspx?id=513228,Gathered,"[""mozzarella cheese"", ""eggs"", ""parmesan cheese"", ""onion"", ""water"", ""ground chuck"", ""flour"", ""milk"", ""spaghetti sauce"", ""vegetable oil"", ""salt""]",www.cookbooks.com
Cheery Cherry Cream Puffs With A.1. Ganache Drizzle #A1,"[""1 (280 g) package frozen puff pastry shells"", ""350 ml heavy cream, divided"", ""60 ml A.1. Original Sauce"", ""470 ml dark chocolate chips"", ""2 tablespoons maraschino cherry juice"", ""1 teaspoon vanilla extract"", ""1 tablespoon granulated sugar"", ""120 ml maraschino cherry, quartered"", ""120 ml walnuts, chopped""]","[""Bake puff pastry shells at 425 degrees F. for 18 minutes according to package directions. Use a fork to remove the top halves and soft pastry underneath. Allow to cool."", ""Bring 1 cup heavy cream to a simmer in a small saucepan over medium heat. Remove from heat. Stir in A.1. Origianal Sauce and chocolate chips. Stir until well blended and smooth. Set aside."", ""To make the filling, place remaining 1/2 cup heavy cream in a medium bowl. Beat on high speed. Once cream begins to thicken, add cherry juice, vanilla and sugar. Continue to whip until cream is thick and stiff. Fold in Maraschino cherries."", ""To assemble, spoon cream mixture onto pastry shell bottoms. Place pastry tops over cream. Drizzle with the A.1. ganache. Sprinkle with chopped walnuts. Serve immediately and enjoy!""]",www.food.com/recipe/cheery-cherry-cream-puffs-with-a-1-ganache-drizzle-a1-518181,Gathered,"[""sugar"", ""vanilla"", ""heavy cream"", ""maraschino cherry juice"", ""chocolate chips"", ""walnuts"", ""original sauce"", ""pastry shells"", ""maraschino cherry""]",www.food.com
Mama'S Orange Sliced Cake,"[""830 ml flour, sifted"", ""1/2 tsp. salt"", ""450 g orange slice candy, chopped"", ""450 g pkg. pitted dates, chopped"", ""240 ml chopped pecans"", ""1 (100 g) can flaked coconut"", ""2 sticks butter"", ""470 ml sugar"", ""4 eggs"", ""1 tsp. soda"", ""120 ml buttermilk"", ""1 tsp. grated orange rind (optional)""]","[""Sift flour with salt. Combine candy, dates, nuts and coconut with 1/2 cup of flour and mix well. Cream butter with sugar and add eggs, 1 at a time, beating well after each addition. Combine soda and buttermilk. Add alternately with flour and blend well. Pour into a greased tube pan. Bake at 250\u00b0 for 1 1/2 hours. Place a pan of water under the cake.""]",www.cookbooks.com/Recipe-Details.aspx?id=136189,Gathered,"[""buttermilk"", ""sugar"", ""eggs"", ""soda"", ""pecans"", ""orange slice candy"", ""flour"", ""dates"", ""orange rind"", ""butter"", ""flaked coconut"", ""salt""]",www.cookbooks.com
Seven Sisters Secret Sauce!!,"[""3 tablespoons plain yogurt"", ""2 1/2 - 3 tablespoons mayonnaise"", ""2 1/2 tablespoons tahini, sauce"", ""1/2 - 1 teaspoon Dijon mustard"", ""1/2 teaspoon honey"", ""1/2 lemon, juice of"", ""salt and pepper""]","[""Put natural yogurt, mayonnaise and Tahini sauce in a bowl and mix thoroughly."", ""Add mustard, honey, lemon and stir."", ""Salt and pepper."", ""Add any of the ingredients again to suit your taste.""]",www.food.com/recipe/seven-sisters-secret-sauce-29800,Gathered,"[""salt"", ""plain yogurt"", ""mayonnaise"", ""lemon"", ""mustard"", ""honey"", ""tahini""]",www.food.com
Shirley'S Carrot Bread,"[""280 g grated carrots"", ""410 ml flour"", ""350 ml sugar"", ""80 ml brown sugar"", ""80 ml water"", ""1 1/2 tsp. baking soda"", ""1/2 tsp. cinnamon"", ""1/2 tsp. nutmeg"", ""80 ml oil"", ""2 eggs"", ""1 tsp. vanilla"", ""1 tsp. salt"", ""120 ml nuts""]","[""Mix flour, sugars, salt, soda, cinnamon and nutmeg."", ""Stir together in another bowl carrots, oil, water, eggs and vanilla. Add to dry ingredients."", ""Stir well. Pour into greased loaf pans. Bake at 350\u00b0 for 60 minutes.""]",www.cookbooks.com/Recipe-Details.aspx?id=638604,Gathered,"[""oil"", ""sugar"", ""vanilla"", ""nutmeg"", ""brown sugar"", ""baking soda"", ""cinnamon"", ""eggs"", ""water"", ""flour"", ""nuts"", ""carrots"", ""salt""]",www.cookbooks.com
Peanut Butter Fudge,"[""470 ml granulated sugar"", ""2 Tbsp. peanut butter"", ""120 ml milk"", ""1/2 tsp. vanilla""]","[""Cook the first 3 ingredients together."", ""Cook until it forms a soft ball when tested in cold water."", ""Add vanilla; cool."", ""Beat until creamy."", ""Pour into buttered pan and when nearly cold, cut into squares.""]",www.cookbooks.com/Recipe-Details.aspx?id=836705,Gathered,"[""sugar"", ""vanilla"", ""peanut butter"", ""milk""]",www.cookbooks.com
Tex-Mex Chili Mac,"[""680 g ground beef"", ""2 onions, chopped"", ""3 celery ribs, chopped"", ""4 garlic cloves, minced"", ""1 red pepper, chopped"", ""1 tablespoon cumin"", ""1 tablespoon chili powder"", ""1 teaspoon oregano"", ""salt and pepper"", ""450 g amber beer"", ""280 g Rotel Tomatoes"", ""450 g tomato puree"", ""170 g cream cheese"", ""450 g pasta"", ""950 ml cheese, shredded""]","[""Brown the ground meat and set aside."", ""Drain off most of the grease from the meat and saute the onion, garlic, celery, and pepper until soft."", ""Add the tomatoes, Rotel, cumin, chili powder, oregano, and salt and pepper."", ""Stir well and cook 2 minutes."", ""Add the beer and lower the heat to a low simmer."", ""Return the meat to the pot and slow simmer for about 15-20 minutes until the flavors all work together."", ""Preheat your oven to 350 degrees."", ""Cook the pasta according to package directions until al dente, drain and set aside."", ""Take the meat mixture off the heat and taste, re-season with salt and pepper, then stir in the cream cheese."", ""Toss the pasta with the sauce."", ""Spray the casserole dish with oil and layer 1/2 the pasta mixture on the bottom."", ""Top with 1/2 the cheese and then spread on the remaining pasta mixture and top with remaining cheese."", ""Bake for about 45 minutes, or until hot, browning and bubbly.""]",www.food.com/recipe/tex-mex-chili-mac-356584,Gathered,"[""cumin"", ""oregano"", ""tomatoes"", ""chili powder"", ""red pepper"", ""amber"", ""cream cheese"", ""celery"", ""cheese"", ""onions"", ""tomato puree"", ""ground beef"", ""garlic"", ""pasta"", ""salt""]",www.food.com
Greek Potatoes With Lemon Vinaigrette,"[""240 ml EVOO"", ""6 tablespoons fresh lemon juice"", ""1 shallot large, quartered"", ""2 cloves garlic chopped"", ""4 sprigs oregano leaves only, or 1 tbsp dried"", ""60 ml fresh parsley leaves plus 1 tbsp chopped, for serving"", ""freshly ground pepper"", ""1.35 kg russet potatoes large, cut lengthwise into wedges""]","[""Preheat oven to 425F. Put the oil, lemon juice, shallot, garlic, oregano and parsley in a food processor; add 1 tsp salt and pepper to taste. Puree until mostly smooth."", ""Toss the potatoes with 1/2 cup prepared vinaigrette in a large bowl and spread in a single layer on a large rimmed baking sheet. Roast the potatoes until tender and golden, turning occasionally, 45 minutes to 1 hour."", ""Transfer the potatoes to a platter and drizzle with some of the remaining vinaigrette. Season with salt and garnish with chopped parsley. Serve with the remaining vinaigrette on the side.""]",www.yummly.com/recipe/Greek-Potatoes-with-Lemon-Vinaigrette-983425,Gathered,"[""potatoes"", ""oregano"", ""lemon juice"", ""fresh parsley"", ""freshly ground pepper"", ""evoo"", ""garlic"", ""shallot""]",www.yummly.com
Baked Wrapped Chili Con Carne With Cheesy Cream Sauce,"[""1 kilogram ground beef"", ""5 tablespoons olive oil tbsp, + 5 olive pil"", ""2 white onion medium, chopped"", ""6 cloves garlic grated"", ""1 teaspoon cumin powder"", ""2 teaspoons paprika"", ""1/2 teaspoon oregano"", ""2 teaspoons dried chili flakes"", ""2 sticks cinnamon"", ""2 cans tomato whole, chopped, whole peeled 410 g/411gms"", ""1 can beer Heineken or any brand"", ""2 cans red kidney beans washed and drained, 430 g/432gms"", ""1 1/2 teaspoons salt"", ""1 teaspoon ground black pepper"", ""8 pieces tortilla wrap 3 heaping tbsp per wrap the rest chili con carne is for you to d"", ""240 ml white cheddar cheese grated red and"", ""240 ml cheese grated mozarella"", ""60 ml butter softened"", ""1/2 teaspoon salt"", ""60 ml flour"", ""1/4 teaspoon ground white pepper"", ""60 ml Parmesan cheese grated"", ""470 ml milk room temperature"", ""240 ml cream"", ""2 teaspoons Tabasco Sauce optional""]","[""Heat 5 tbsp olive olive and put ground beef."", ""Make it brown and then set aside."", ""In the same pan/sauce pan,heat 5 tbsp olive oil."", ""Saute onion,let it whilt then add garlic."", ""Once the aroma comes out put back the browned ground beef into the pan."", ""Mix properly and wait for 2 minutes."", ""Add the ff:cumin,paprika,oregano,dried chili flakes,cinnamon."", ""Continue stirring and cook for 5 minutes"", ""Then add chopped whole tomatoes including the juice and beer."", ""Lower the heat and simmer for 1 hour(covered)."", ""Check it once in a while and if the mixture is dry add a little water every now and then."", ""After an hour,put the red kidney beans,salt and pepper."", ""Continue simmering for 45 minutes more."", ""Check every once in a while and add water if necessary."", ""Continue cooking until you reach the desired consistency.""]",www.yummly.com/recipe/Baked-Wrapped-Chili-Con-Carne-With-Cheesy-Cream-Sauce-1648196,Gathered,"[""tomato"", ""white onion"", ""kilogram ground beef"", ""cumin powder"", ""ground black pepper"", ""cream"", ""dried chili flakes"", ""butter"", ""tortilla"", ""cinnamon"", ""parmesan cheese"", ""mozarella"", ""tabasco sauce"", ""red kidney"", ""flour"", ""ground white pepper"", ""milk"", ""paprika"", ""olive oil"", ""salt"", ""oregano"", ""beer heineken"", ""garlic""]",www.yummly.com
Cold Oven Pound Cake,"[""240 ml Crisco"", ""1 stick margarine"", ""710 ml sugar"", ""5 eggs"", ""890 ml cake flour"", ""1/2 tsp. vanilla"", ""1/2 tsp. baking soda"", ""1/2 tsp. baking powder"", ""1/4 tsp. salt"", ""240 ml plus 1 tsp. milk""]","[""Blend Crisco and margarine well."", ""Then add eggs, one at a time, beating well after each egg."", ""Add dry ingredients alternately with milk and mix well."", ""Bake at 300\u00b0 for 1 1/2 hours. Be sure to put cake in cold oven, then turn oven on.""]",www.cookbooks.com/Recipe-Details.aspx?id=596480,Gathered,"[""cake flour"", ""sugar"", ""crisco"", ""vanilla"", ""baking powder"", ""eggs"", ""baking soda"", ""margarine"", ""milk"", ""salt""]",www.cookbooks.com
Six Layer Dinner,"[""470 ml diced raw potatoes"", ""470 ml celery, chopped"", ""470 ml hamburger, cooked"", ""240 ml chopped green pepper"", ""240 ml canned tomatoes"", ""240 ml raw diced onions"", ""salt and pepper""]","[""Place ingredients in baking dish in order given."", ""Bake for 1 1/2 hours at 375\u00b0.""]",www.cookbooks.com/Recipe-Details.aspx?id=697739,Gathered,"[""potatoes"", ""tomatoes"", ""celery"", ""onions"", ""hamburger"", ""green pepper"", ""salt""]",www.cookbooks.com
Potato Wedges With Lemon Chilli Sour Cream,"[""6 potatoes, washed and cut into wedges"", ""3 tablespoons oil"", ""2 -3 teaspoons lemon pepper seasoning"", ""1/2 teaspoon chili powder"", ""1 lemon, juice of"", ""Lemon Chilli Sour Cream"", ""250 g low-fat sour cream"", ""1 teaspoon grated lemon rind"", ""1 teaspoon chili powder""]","[""Pour oil into a baking dish, add potatoes and toss to coat."", ""Sprinkle over lemon pepper and chili powder and bake at 200\u00b0C for 30 minutes or until tender and browned turning frequently during cooking."", ""Squeeze lemon juice over potatoes before serving and toss to coat, serve with lemon chili sour cream."", ""To make sour cream mix: Combine all ingredients, mix well & let sit for a few minutes for flavours to combine.""]",www.food.com/recipe/potato-wedges-with-lemon-chilli-sour-cream-290476,Gathered,"[""potatoes"", ""oil"", ""lemon pepper"", ""chili powder"", ""lemon rind"", ""low-fat sour cream"", ""lemon chilli"", ""lemon""]",www.food.com
Mice Cookies Recipe,"[""710 ml all-purpose flour"", ""1/2 teaspoon salt"", ""240 ml (2 sticks) unsalted butter, softened"", ""180 ml sugar"", ""1 teaspoon almond extract"", ""1 large egg"", ""60 ml sliced natural almonds"", ""4 30-inch black licorice laces, cut into 3 inch lengths (optional)"", ""85 g semisweet chocolate, coarsely chopped""]","[""Whisk to combine flour and salt in a bowl. In a separate bowl, beat butter with an electric mixer on medium-high speed until creamy, about 2 minutes. Add sugar gradually, beating until mixture is pale and fluffy, about 3 minutes. Beat in extract, then egg. Reduce speed to low, and add one-third flour mixture. Gradually add remaining flour mixture, beating just until blended. Halve dough and shape into disks; wrap each in plastic, and chill 2 hours or up to 1 day."", ""Preheat oven to 350 degrees. Roll about 1 tablespoon of chilled dough between your palms to form 1 1/4-inch- to 1 1/2-inch-long oval shapes. Slightly elongate one side to form face. Gently pinch bridge of nose to form eye sockets. With a paring knife, make 2 small slits at top of each shape, for placement of ears. Place 2 sliced almonds into slits. Place shapes on parchment-lined baking sheets, spacing 2 inches apart."", ""Bake, rotating sheets halfway through, until cookies are light golden brown on bottom and around edges, and tips of ears are golden brown, about 20 minutes. Transfer sheets to wire racks, and immediately insert a wooden skewer about 1/2 inch into mouse's rounded end. Remove skewer and insert curved length of licorice for tail. It should adhere to the still-warm cookie. Let cookies cool completely on wire racks."", ""Melt chocolate in a heatproof bowl set over (not in) a pan of simmering water. Turn off heat; keep chocolate warm until ready to use, stirring occasionally. Place melted chocolate in a parchment cone or a resealable plastic bag with a tiny hole cut in one corner. Pipe chocolate in tiny dots to form eyes and nose. Chill until chocolate is set, about 20 minutes. Cookies can be stored in a single layer in an airtight container at room temperature up to 1 week.""]",www.seriouseats.com/recipes/2010/12/mice-cookies-recipe.html,Gathered,"[""almond"", ""sugar"", ""egg"", ""salt"", ""black licorice laces"", ""natural almonds"", ""semisweet chocolate"", ""all-purpose"", ""unsalted butter""]",www.seriouseats.com
Chocolate Cream Cookies,"[""120 ml soft shortening"", ""2 sq. unsweetened chocolate"", ""240 ml brown sugar"", ""120 ml granulated sugar"", ""2 eggs"", ""240 ml evaporated milk"", ""1 tsp. vanilla"", ""650 ml flour"", ""1/2 tsp. baking soda"", ""1 tsp. salt""]","[""Mix together thoroughly the shortening, chocolate, brown sugar, granulated sugar and eggs."", ""Stir in milk and vanilla."", ""Sift together and stir in flour, soda and salt."", ""Chill dough if soft. Drop rounded tablespoonfuls about 2 inches apart on a greased baking sheet."", ""Bake just until almost no imprint remains when touched lightly with finger."", ""Bake at 375\u00b0 for 10 minutes.""]",www.cookbooks.com/Recipe-Details.aspx?id=521318,Gathered,"[""sugar"", ""vanilla"", ""shortening"", ""brown sugar"", ""eggs"", ""baking soda"", ""flour"", ""unsweetened chocolate"", ""milk"", ""salt""]",www.cookbooks.com
Garden Salad,"[""1 bunch fresh broccoli, strip outer layer from stalks and cube in addition to flowerets"", ""1 green pepper, diced"", ""470 ml chopped celery"", ""1 basket small tomatoes, halved"", ""2 small cans button mushrooms, drained"", ""1 can ripe olives, pitted and drained"", ""1 pkg. dry Italian salad dressing mix"", ""1 bottle Zesty Italian salad dressing (low calorie)""]","[""Sprinkle dry dressing mix over vegetables."", ""Pour bottled dressing over vegetables."", ""Mix and marinate at least 8 hours. Keeps well."", ""Lettuce may be added, if desired, just before serving.""]",www.cookbooks.com/Recipe-Details.aspx?id=338416,Gathered,"[""fresh broccoli"", ""basket small tomatoes"", ""button mushrooms"", ""ripe olives"", ""celery"", ""italian salad dressing"", ""green pepper""]",www.cookbooks.com
Mom'S Flank Steak ,"[""1 large flank steak"", ""80 ml soy sauce"", ""80 ml salad oil"", ""1 Tbl instant minced onion (dried onion flakes)"", ""3 Tbl red wine vinegar"", ""2 (heaping) Tbl chutney"", ""1/8 tsp garlic powder""]","[""Mix all ingredients, except steak, to make marinade. In a glass dish, soak steak in marinade for at least 5 hrs., turning occasionally. Cook over coals about 5 minutes on each side for medium rare. Carve thin slices diagonally to serve.""]",www.epicurious.com/recipes/member/views/moms-flank-steak-50019856,Gathered,"[""soy sauce"", ""salad oil"", ""tbl"", ""tbl red wine vinegar"", ""flank steak"", ""tbl chutney"", ""garlic""]",www.epicurious.com
Canyon Ranch Health Resorts' Chinese Chicken,"[""1.35 -1.8 kg chicken"", ""1 teaspoon ginger"", ""1/2 teaspoon Chinese five spice powder"", ""1 1/2 teaspoons salt"", ""3 spring onions, cut into 3-inch pieces"", ""3 garlic cloves, coarsely chopped"", ""1 tablespoon plain flour"", ""3 tablespoons hoisin sauce"", ""3 tablespoons honey"", ""2 tablespoons dry sherry or 2 tablespoons apple juice"", ""1/2 teaspoon fresh coarse ground black pepper""]","[""Rinse the chicken inside and out and pat dry with paper kitchen towelling."", ""In a cup, mix the ginger, the Chinese five-spice powder and 1/2 teaspoon salt, and rub all over the inside of the chicken."", ""Place the spring onions and the garlic in the cavity."", ""Place the flour in a large oven-safe baking bag and shake well to coat the inside of the bag."", ""In a small bowl, mix the hoisin sauce, honey, sherry or apple juice, pepper and remaining salt. Rub all over the outside of the chicken, and place the chicken in the bag with any remaining sauce. Seal the bag and place in the refrigerator for at least 4 hours."", ""Preheat the oven to 180\u00b0C/350\u00b0F/gas 4. Cut 1/2 inch slits in the top of the bag and place it in an ovenproof dish in the oven, making sure that the bag does not overhang the dish."", ""Bake for 1 hour or until the juices run clear."", ""Remove the chicken from the oven and allow it to stand for 10 minutes. Carefully cut open the bag, remove the chicken and pour the juices into a bowl."", ""Place the bowl in the freezer for a few minutes so that fat can congeal for easy removal."", ""Cut the chicken into serving pieces and serve with the degreased juices.""]",www.food.com/recipe/canyon-ranch-health-resorts-chinese-chicken-124532,Gathered,"[""ginger"", ""honey"", ""chinese five spice powder"", ""flour"", ""hoisin sauce"", ""spring onions"", ""fresh coarse ground black pepper"", ""sherry"", ""garlic"", ""chicken"", ""salt""]",www.food.com
White Chocolate Hazelnut Tartlets ,"[""8 (17 by 13-inch) frozen phyllo pastry sheets, thawed"", ""120 ml unsalted butter, melted"", ""170 g good-quality white chocolate, chopped"", ""350 ml heavy whipping cream"", ""120 ml hazelnuts, toasted, husked, and finely chopped"", ""60 ml chocolate hazelnut spread (recommended: Nutella), optional"", ""1 (85 g) bar bittersweet chocolate, grated, for garnish"", ""Edible flowers, for garnish""]","[""Preheat the oven to 375 degrees F."", """", ""Lay 1 phyllo sheet on a work surface. Brush the phyllo with melted butter. Top with another phyllo sheet. Repeat with more butter and 2 more phyllo sheets. Cut the stacked phyllo sheets into 6 (5-inch) squares. Line each muffin cup with 1 stacked phyllo square, allowing the edges to ruffle and extend above the cup rims. Repeat with the remaining 4 phyllo sheets and melted butter. Bake until the phyllo cups are golden brown, about 9 minutes. Transfer the muffin pan to a cooling rack and cool completely."", """", ""Meanwhile, stir the white chocolate and 1/4 cup cream in a heavy small saucepan over low heat until the chocolate is melted and smooth. Pour into a large bowl and cool to barely lukewarm. Stir in the hazelnuts. Using an electric mixer, beat the remaining 1 1/4 cups cream in another large bowl to medium-firm peaks. Fold the cream into the white chocolate mixture in 2 batches. Cover and refrigerate until cold, about 1 hour."", """", ""Spoon 2 teaspoons of the chocolate hazelnut spread into each phyllo cup, if using. Spoon the white chocolate mousse into the cooled phyllo cups, mounding slightly. Arrange the mousse-filled phyllo cups on plates. Sprinkle the bittersweet chocolate over the mousse, or garnish with edible flowers, and serve."", """", ""Do-Ahead Tip: The unfilled phyllo cups can be made 2 days ahead. Store them in an airtight container at room temperature. The white chocolate mousse can be made up to 8 hours ahead. Keep it refrigerated. The filled phyllo cups can be assembled up to 1 hour ahead. Cover and refrigerate them.""]",www.epicurious.com/recipes/member/views/white-chocolate-hazelnut-tartlets-1223225,Gathered,"[""chocolate hazelnut spread"", ""bittersweet chocolate"", ""frozen phyllo pastry sheets"", ""hazelnuts"", ""flowers"", ""heavy whipping cream"", ""white chocolate"", ""unsalted butter""]",www.epicurious.com
Creole Whitefish In Brodo,"[""950 ml chicken or vegetable stock (homemade is best)"", ""2 hard rinds of Pecorino cheese (or Parmesan, or one of each!)"", ""470 ml grape tomatoes, halved"", ""1 teaspoon dried oregano"", ""1 tablespoon fresh thyme leaves"", ""2 filets of white fish (in New Orleans it is commonly Red Fish. In Cleveland, I use walleye. Tilapia, cod, or turbot would also be great)"", ""1/2 teaspoon salt"", ""1/2 teaspoon black pepper"", ""1 teaspoon dried thyme"", ""1 teaspoon garlic powder"", ""1 teaspoon smoked paprika"", ""1/2 small yellow onion, diced"", ""1 rib celery, diced"", ""1 large clove of garlic, minced"", ""1 small bunch of kale, tough stems removed, chopped"", ""60 ml red quinoa, rinsed and drained thrice""]","[""Bring 4 cups of stock to a boil in a medium sauce pan, then reduce heat to simmer. Add cheese rinds and simmer for 30 minutes to infuse the broth with the cheese flavor. Reserve. You will use 1/2 cup of this broth to cook the quinoa."", ""Preheat the oven to 400F. Put the halved grape tomatoes on a baking sheet, drizzle with olive oil and sprinkle with salt and pepper as well as the oregano and fresh thyme. Roast for 30 minutes, stirring once halfway through the cooking time. Reserve."", ""While the tomatoes are roasting, cook the quinoa. Bring 1/2 c of the Parmesan/Pecorino broth to boil in a small sauce pan, add quinoa, and reduce to simmer, covered, for 25 minutes. Fluff with a fork"", ""Make a spice blend from the salt, pepper, dried thyme, garlic powder, and smoked paprika. Pat your fish fillets dry with a paper towel and generously coat both sides with the spice mixture."", ""In a large Dutch oven, heat about a tablespoon of olive oil over medium high heat. Sear the white fish for about 3 minutes on each side and remove; reserve on a plate loosely tented with foil."", ""Add your onion and celery to the Dutch Oven and cook until translucent, about 5-7 minutes. Add the garlic and cook an additional minute. Add your reserved stock and the reserved oven roasted tomatoes and bring to a boil."", ""Add the chopped kale and toss to wilt into the broth. Reduce heat to medium, cover and cook until the kale softens a bit, about 8 minutes. In the final 5 minutes, add in your reserved quinoa and set the fish filets on top of your stew to warm back through. Serve bowls of broth, quinoa, and vegetables with a fish filet atop each. Enjoy!""]",food52.com/recipes/35420-creole-whitefish-in-brodo,Gathered,"[""grape tomatoes"", ""oregano"", ""black pepper"", ""kale"", ""red quinoa"", ""celery"", ""clove of garlic"", ""thyme"", ""yellow onion"", ""cheese"", ""paprika"", ""filets of white fish"", ""garlic"", ""chicken"", ""salt""]",food52.com
Monster Cookies,"[""12 eggs"", ""910 g brown sugar"", ""950 ml white sugar"", ""1 Tbsp. corn syrup"", ""1 Tbsp. vanilla"", ""450 g butter (no margarine)"", ""8 tsp. baking soda"", ""1.35 kg peanut butter"", ""4.25 l oats"", ""450 g M&M's"", ""450 g chocolate chips""]","[""Mix ingredients in order listed above."", ""Drop onto cookie sheet by tablespoon or ice cream scoop."", ""Flatten."", ""Bake at 350\u00b0 for 12 minutes."", ""Do not overbake.""]",www.cookbooks.com/Recipe-Details.aspx?id=710564,Gathered,"[""vanilla"", ""corn syrup"", ""oats"", ""eggs"", ""brown sugar"", ""baking soda"", ""peanut butter"", ""white sugar"", ""chocolate chips"", ""butter""]",www.cookbooks.com
Butterscotch Bread,"[""1 (105 g) box butterscotch"", ""120 ml brown sugar"", ""2 loaves frozen dough (Rhoades)"", ""Baker's Joy""]","[""Mix butterscotch and sugar."", ""Cut slightly thawed dough into small pieces (1/4-inch)."", ""Arrange cut pieces of dough in a greased Bundt pan and put some butterscotch mixture in between the slices. Sprinkle excess mixture on top."", ""Let it rise overnight.""]",www.cookbooks.com/Recipe-Details.aspx?id=838774,Gathered,"[""brown sugar"", ""loaves"", ""butterscotch""]",www.cookbooks.com
Portuguese Bacalhau À Brás (Salt Cod And Potatoes),"[""680 - 910 g dried salt cod fish"", ""8 russet potatoes, peeled, cut into matchstick pieces (I am basing the serving by 2 potatoes per person)"", ""olive oil, divided"", ""3 medium size onions, cut in half, then sliced thinly (like half moon slices)"", ""4 bay leaves"", ""6 -8 eggs, beaten"", ""60 ml chopped parsley"", ""2 tablespoons minced garlic"", ""1 teaspoon hot pepper flakes (optional)"", ""3 dashes Tabasco sauce (optional)"", ""green olives, or"", ""black olives"", ""salt and black pepper (according to taste)"", ""lemon wedge"", ""Note"", ""you can use a food processor to shred the potatoes and onions. you can also cheat by using a family French fries""]","[""Note: Soak Cod fish in water overnight."", ""Next day change water and place Cod in a pot with enough water to cover it. Boil for about 15 minutes. Drain and let cool. Once Cod has cooled, flake it."", ""Add 1 tbsp of olive oil to non stick pan and fry potatoes in batches each time using another tbsp of olive oil if necessary."", ""Place paper towel on the bottom of a glass dish safe for the oven and keep fries warm in the oven."", ""Once you are done with the potatoes add 1 tbsp of olive oil to pan and add the bay leaf. Simmer for about 2-3 minutes. remove bay leafs from pan (discard)."", ""add garlic, onions (pepper flakes if using) to the pan and saute until onions begin to soften."", ""add the parsley and let saute a bit."", ""add flaked Cod and keep tossing until Cod gets warm."", ""add the eggs, keep stirring so not to let the eggs stick to pan. this mixture will start to look like scrambled eggs."", ""Once you are done with your Cod and eggs mixture."", ""Combine fries with Cod mixture."", ""add olives if using."", ""taste, add salt and black pepper if needed."", ""when serving squeeze lemon juice from a slice of lemon ontop."", ""add dash of tabsco sauce if using."", ""Enjoy.""]",www.food.com/recipe/portuguese-bacalhau-br-s-salt-cod-and-potatoes-353274,Gathered,"[""potatoes"", ""green olives"", ""tabasco sauce"", ""eggs"", ""lemon wedge"", ""bay leaves"", ""black olives"", ""onions"", ""parsley"", ""garlic"", ""hot pepper"", ""olive oil"", ""salt""]",www.food.com
Bacon Cheese Ball,"[""225 g pkg. Cheddar cheese, shredded"", ""450 g cooked bacon, crumbled"", ""1 small onion, grated"", ""240 to 350 ml mayonnaise"", ""1/2 lemon, juiced""]","[""Mix all ingredients and refrigerate at least overnight. Form into 2 balls. May roll in almonds or pecans if desired. Serve with crackers of choice.""]",www.cookbooks.com/Recipe-Details.aspx?id=2931,Gathered,"[""bacon"", ""cheddar cheese"", ""onion"", ""mayonnaise"", ""lemon""]",www.cookbooks.com
Caramel Fruit Dip,"[""225 g cream cheese"", ""60 ml white sugar"", ""180 ml brown sugar"", ""1 tsp. vanilla""]","[""Mix ingredients and serve with sliced apples, pears, berries, etc.""]",www.cookbooks.com/Recipe-Details.aspx?id=329826,Gathered,"[""white sugar"", ""brown sugar"", ""vanilla"", ""cream cheese""]",www.cookbooks.com
Vegetable Casserole,"[""2 cans Veg-All, drained"", ""1 can cream of mushroom soup"", ""1 can water chestnuts, drained and chopped"", ""120 ml mayonnaise"", ""240 ml onions"", ""120 ml celery, chopped"", ""1 bag Pepperidge Farm dressing""]","[""Mix together and pour into a 9 x 13-inch pan."", ""Top with Pepperidge Farm dressing."", ""Bake at 350\u00b0 for 30 minutes.""]",www.cookbooks.com/Recipe-Details.aspx?id=707552,Gathered,"[""dressing"", ""water chestnuts"", ""cream of mushroom soup"", ""celery"", ""mayonnaise"", ""onions"", ""veg-all""]",www.cookbooks.com
Baked Stuffed Croissant,"[""8 large eggs"", ""60 ml orange juice"", ""60 ml milk"", ""1/4 teaspoon nutmeg"", ""1/4 teaspoon salt"", ""1 teaspoon vanilla"", ""1/8 teaspoon almond extract"", ""6 croissants"", ""225 g cream cheese"", ""470 ml orange marmalade""]","[""Split croissants horizontally. (They don't need to be really fresh. Packaged croissants work fine.) Spread cream cheese on each open side. Spread orange marmalade on one side and make a sandwich with the top. (Substitutions for the orange marmalade may be other jams or fresh fruit)."", ""Oil a large casserole or 9x12 cake pan and place the croissants into the pan."", ""Whip together eggs,orange juice,milk,nutmeg,salt,vanilla and almond extract."", ""Pour the egg mixture over the filled croissants. Cover and refrigerate overnight."", ""Next morning, let stand at room temperature for 30 minutes. Remove the croissants and place on a cookie sheet or baking stone which has been lightly oiled. Bake at 350\u00b0F for 30 minutes. Or, poke fork holes in the croissant and let sit in the egg mixture for 15 minutes and bake at 400\u00b0F for 15 to 20 minutes. Sprinkle with powdered sugar and serve hot.""]",www.food.com/recipe/baked-stuffed-croissant-270939,Gathered,"[""almond"", ""vanilla"", ""nutmeg"", ""eggs"", ""orange marmalade"", ""croissants"", ""cream cheese"", ""orange juice"", ""milk"", ""salt""]",www.food.com
Ricotta Cookies,"[""225 g margarine"", ""350 ml sugar"", ""450 g Ricotta cheese"", ""2 beaten eggs"", ""2 tsp. vanilla"", ""950 ml flour"", ""1 tsp. baking powder"", ""1 tsp. baking soda""]","[""Cream margarine; add sugar, Ricotta and eggs mixed with vanilla."", ""Add dry ingredients."", ""Make balls in palm of hand (keep hands slightly wet with water)."", ""Put on cookie sheet."", ""Bake at 350\u00b0 for 15 minutes or until brown on bottom."", ""Cool and frost.""]",www.cookbooks.com/Recipe-Details.aspx?id=266099,Gathered,"[""sugar"", ""vanilla"", ""baking powder"", ""eggs"", ""baking soda"", ""flour"", ""margarine"", ""ricotta cheese""]",www.cookbooks.com
Hamburger Stroganoff,"[""680 g ground beef"", ""2 Tbsp. butter"", ""2 Tbsp. salad oil"", ""240 ml chopped onion"", ""170 g can mushrooms"", ""1 can beef bouillon"", ""1 1/2 Tbsp. flour"", ""dash of thyme"", ""dash of nutmeg"", ""dash of Worcestershire"", ""salt and pepper to taste"", ""470 ml sour cream""]","[""Brown meat."", ""Remove from skillet and pour off fat."", ""Melt butter and oil in skillet and saute onion and mushrooms in skillet until onion is translucent."", ""Remove from skillet."", ""Add flour to skillet and brown."", ""Add bouillon and blend."", ""Stir in spices."", ""Return meat, onion and mushrooms to skillet and simmer all for 15 minutes."", ""Just before serving, blend in sour cream."", ""Serve over rice or noodles. Serves 6.""]",www.cookbooks.com/Recipe-Details.aspx?id=803385,Gathered,"[""sour cream"", ""salad oil"", ""nutmeg"", ""onion"", ""mushrooms"", ""worcestershire"", ""flour"", ""thyme"", ""ground beef"", ""beef bouillon"", ""butter"", ""salt""]",www.cookbooks.com
Butterfinger Nuggets,"[""1 stick oleo"", ""240 ml peanut butter, creamy"", ""1 (340 g) pkg. chocolate chips"", ""1 (340 g) box honey grahams cereal"", ""450 g powdered sugar""]","[""Melt oleo, chocolate chips"", ""and peanut butter in microwave or double boiler."", ""Mix well, then add cereal and powdered sugar. Form nuggets and eat.""]",www.cookbooks.com/Recipe-Details.aspx?id=926976,Gathered,"[""oleo"", ""powdered sugar"", ""peanut butter"", ""chocolate chips"", ""honey grahams cereal""]",www.cookbooks.com
Smoked Turkey With Hot Pepper Jelly Glaze ,"[""1 14- to 7.25 kg turkey, neck and giblets reserved for another use, turkey brined if desired"", ""Olive oil"", ""Kosher salt and freshly ground black pepper"", ""340 g hot pepper jelly, preferably homemade"", ""2 tablespoons unseasoned rice vinegar, plus more to taste"", ""Pinch kosher salt, plus more to taste"", ""Pinch crushed red pepper flakes, plus more to taste, optional"", ""Gas or charcoal grill, small disposable aluminum pan, 470 ml wood chips or chunks, plus more if desired, soaked in cold water for 30 minutes (if using a gas grill: aluminum roasting pan (for turkey) and roasting rack)""]","[""Using wood chips in a gas grill is very easy but takes a little planning. If your grill has a smoker attachment, follow the manufacturer's instructions and fill it with wood chips that have been soaked in water or other non-flammable liquid for 30 minutes. If you don't have a smoker box, follow these simple instructions: Fill a small disposable aluminum pan with soaked wood chips, remove the cooking grate, and place the pan in the upper left corner of the grill, or at the spot where all the burners come together. The pan of wood chips will be resting directly on the ceramic briquettes, flavorizerbars, or lava rocks."", ""Preheat the grill with all the burners on high until smoke begins to appear around the edges of the grill. At this time, set the grill for indirect cooking (turn the burners that will be directly under the food off) and turn the other burners down to medium-low heat. Immediately place the food in the center of the cooking grate and close the lid of the grill to retain the heat and the smoke. You won't need to add more chips, as one panful is enough to impart a nice smoky flavor to the food."", ""Note: It is essential that you put the soaked wood chips in a gas grill during the preheat stage. Once you set the burners for indirect heat, there won't be enough heat to smolder the chips. Likewise, if you don't soak the chips, they will ignite and burn, not smoke."", ""Using wood chips on a charcoal grill is much simpler than a gas grill. There is no special equipment necessary; all you do is soak the chips and put a handful directly on top of the white-gray ashed briquettes. To set up a charcoal grill for indirect cooking, place two equal piles of ashed briquettes on each side of the grill, separated by an aluminum pan filled with a bit of water. If you want just a hint of smoke, only use one handful of chips. If you want a more pronounced smoke flavor, add a handful or two more, but be careful: Too much smoke will turn the meat acrid and your food will taste more like ashes than smoke."", ""Note: There is a barbecue contingent that believes that smoke dehydrates the cooking chamber and steals moisture from the meat. To prevent any loss of moisture, I usually add some liquid in an aluminum pan to both charcoal and gas grills. After all, it can't hurt and we all know that steam does tenderize and cook food."", ""Remove and discard excess fat from the turkey. Rinse the bird and pat dry. Twist the wing tips under the back. Brush the turkey with oil and lightly sprinkle with salt and pepper inside and out. If you brined your bird, skip the salt and pepper."", ""If using a gas grill, place the turkey on a roasting rack set in a disposable aluminum-foil roasting pan and place in the grill over the unlit burners. Bend the roasting pan to accommodate closing the gas grill."", ""If using a charcoal grill, set an aluminum pan filled with 2 inches water on the charcoal grate directly under where the turkey will smoke. Place the turkey, breast?side-up, directly on the cooking grate above the pan. Add wet wood chips directly to the gray-ashed charcoal briquettes. Place the lid on the grill and adjust the vents so that two-thirds of them are closed on the bottom and the top."", ""Cook over indirect heat without lifting the lid for at least 40 minutes to get good smoke on the turkey. Add more wet wood chips to the smoker box or to the charcoal as desired. After a total of 1 1/2 hours, you won't need to add any more wood, as the turkey will have developed a nice burnished color and \""cooked\"" skin. Charcoal grillers will have to add about 12 briquettes to each side every hour; gas grillers don't need to do any tending. No need to baste; the thin coating of oil will promote browning and keep the juices inside the bird."", ""While the turkey smokes, prepare the glaze. In a small saucepan over low heat, melt the hot pepper jelly, stirring occasionally so it doesn't burn. When the jelly is melted, stir in the vinegar to combine. Add the salt and red pepper flakes, if using. If the glaze is too thick, add a bit more vinegar. Taste and adjust seasonings."", ""Cook the turkey for 12 minutes per pound total, or until a meat thermometer inserted in the thickest part of the thigh (not touching bone) registers 165\u00b0F and the juices run clear when the meat is pierced. Brush the smoked turkey with the glaze, cover, and cook for 15 minutes more. Transfer to a serving platter and let rest for at least 20 minutes before carving and serving.""]",www.epicurious.com/recipes/food/views/smoked-turkey-with-hot-pepper-jelly-glaze-51258630,Gathered,"[""pepper"", ""charcoal grill"", ""red pepper"", ""rice vinegar"", ""turkey"", ""kosher salt"", ""olive oil""]",www.epicurious.com
Summer Grill Salad ,"[""1 bunch leaf lettuce (will wilt), torn"", ""3 limes"", ""1 cactus leaf wilted"", ""5 green onions"", ""3 chicken breasts grilled then sliced lengthwise"", ""120 ml cilantro"", ""Dressing:"", ""2 T red wine vinegar"", ""1 T lemon juice"", ""1 t sugar"", ""1/2 t pepper""]","[""Toss lettuce, cactus,and onions in a large bowl, then set aside. Grill chicken then cut into strips. For dressing mix red wine vinegar, lemon juice, sugar and pepper. Sprinkle dressing on top yield 6 to 8 servings.""]",www.epicurious.com/recipes/member/views/summer-grill-salad-1206739,Gathered,"[""cactus leaf"", ""chicken breasts"", ""dressing"", ""limes"", ""green onions"", ""lemon juice"", ""sugar"", ""cilantro"", ""t"", ""pepper"", ""leaf lettuce""]",www.epicurious.com
Key Lime Glaze,"[""240 ml powdered sugar"", ""2 tablespoons fresh Key lime juice"", ""1/2 teaspoon vanilla extract""]","[""Whisk together powdered sugar, fresh Key lime juice, and vanilla until smooth. Use immediately.""]",www.myrecipes.com/recipe/key-lime-glaze-0,Gathered,"[""powdered sugar"", ""fresh key lime juice"", ""vanilla""]",www.myrecipes.com
Chocaroon Pie,"[""85 g unsweetened chocolate (chopped)"", ""120 ml unsalted butter"", ""3 eggs"", ""180 ml sugar"", ""120 ml flour"", ""1 teaspoon vanilla extract"", ""160 ml sweetened condensed milk"", ""630 ml sweetened coconut""]","[""Heat oven to 350. Coat a 9 inches pie plate with nonstick spray."", ""Melt chocolate and butter in a small sauce pan over low heat."", ""Stit together eggs, sugar, flour and vanilla and add to chocolate mixture. Pour into prepared pie plate."", ""Combine sweetened condensed milk and coconut. Spoon over chocolate mixture leaving 1/2-1 inch border."", ""Bake at 350 for 35-40 minutes until center is firm but still moist"", ""Cool completely on wire rack.""]",www.food.com/recipe/chocaroon-pie-318962,Gathered,"[""condensed milk"", ""sugar"", ""vanilla"", ""eggs"", ""chocolate"", ""flour"", ""coconut"", ""unsalted butter""]",www.food.com
Easy Lasagne,"[""450 g ground beef"", ""2 cloves garlic or powder, minced"", ""1 (170 g) can tomato paste"", ""1 can tomatoes (590 ml)"", ""1 tsp. salt"", ""3/4 tsp. pepper"", ""1/2 tsp. oregano"", ""1 (225 g) pkg. lasagne noodles"", ""350 ml cut-up Swiss cheese"", ""1 (340 g) carton cottage cheese""]","[""Brown ground beef and garlic in small amount of fat."", ""Add tomato paste, tomatoes, salt, pepper and oregano."", ""Cover and simmer for 20 minutes."", ""Cook noodles as directed on package.""]",www.cookbooks.com/Recipe-Details.aspx?id=967171,Gathered,"[""oregano"", ""tomatoes"", ""tomato paste"", ""pepper"", ""swiss cheese"", ""lasagne noodles"", ""cottage cheese"", ""ground beef"", ""garlic"", ""salt""]",www.cookbooks.com
Curried Collard Greens,"[""1 teaspoon unsalted butter"", ""1 tablespoon olive oil"", ""1/2 medium onion, chopped"", ""1 bunch collard greens (about 12 large leaves), stemmed and chopped"", ""2 cloves garlic, minced"", ""1 teaspoon curry powder"", ""1/4 teaspoon ground ginger"", ""1/2 teaspoon salt"", ""1/4 teaspoon pepper"", ""180 ml low-sodium vegetable broth"", ""120 ml white wine""]","[""Melt butter with olive oil in a large skillet over medium-high heat. Add onion; cook, stirring often, until slightly softened, about 2 minutes. Add collard greens and cook, stirring occasionally, until greens have wilted, about 5 minutes."", ""Stir in garlic, curry, ginger, salt and pepper and saute for 1 minute. Stir in broth and wine, bring to a boil, cover, reduce heat to low and simmer, stirring occasionally, until greens are tender, about 20 minutes.""]",www.myrecipes.com/recipe/curried-collard-greens,Gathered,"[""collard greens"", ""salt"", ""curry powder"", ""pepper"", ""onion"", ""vegetable broth"", ""white wine"", ""ground ginger"", ""garlic"", ""olive oil"", ""unsalted butter""]",www.myrecipes.com
Oregano Olive Chicken,"[""1 broiler/fryer chicken (1.8 kg), cut up and skin removed"", ""1/4 teaspoon pepper"", ""2 tablespoons olive oil"", ""120 ml white wine or reduced-sodium chicken broth"", ""120 ml chopped pimiento-stuffed olives"", ""60 ml capers, drained"", ""2 tablespoons minced fresh oregano"", ""1 tablespoon minced fresh mint"", ""1 tablespoon cider vinegar"", ""2 garlic cloves, minced"", ""1 teaspoon minced fresh thyme""]","[""Sprinkle chicken with pepper. In a"", ""coated with cooking spray, brown chicken on all sides in oil. Remove and keep warm. Drain drippings from skillet."", ""Combine the remaining ingredients; pour into skillet, stirring to loosen browned bits. Bring to a boil. Carefully return chicken to the pan. Reduce heat; cover and simmer for 20-25 minutes or until chicken juices run clear.""]",www.tasteofhome.com/recipes/oregano-olive-chicken/,Gathered,"[""pepper"", ""fresh oregano"", ""fresh mint"", ""thyme"", ""capers"", ""white wine"", ""olives"", ""cider vinegar"", ""garlic"", ""chicken"", ""olive oil""]",www.tasteofhome.com
Brussels Sprouts In Honey Butter With Chili Flakes,"[""450 g brussels sprouts"", ""1 tablespoon butter"", ""1 tablespoon honey"", ""sea salt"", ""red chili flakes Sprinkle of""]","[""Trim any loose or yellow leaves from the sprouts. Cut the stem off of each brussels sprout and then cut each one in half."", ""In a small bowl, mix a tablespoon of soft butter (microwave it for 10-20 seconds if it's coming straight from the refrigerator) with a tablespoon of honey."", ""Heat a wide, flat skillet on medium heat. Add the honey butter and allow to bubble and melt then add the brussels sprouts. Arrange the brussels sprouts cut side down in a single layer. Cook for about 8-10 minutes uncovered until the cut side gets golden and a little charred."", ""Sprinkle chili flakes and a generous amount of salt over the brussels sprouts."", ""Stir the brussels sprouts around so most of them turn over cut side up. Add two tablespoons of water and cook covered for another 3-5 minutes until the brussels sprouts are soft through and through. Test one by poking it with a fork."", ""Adjust for salt and spice. Serve hot.""]",www.yummly.com/recipe/Brussels-Sprouts-In-Honey-Butter-With-Chili-Flakes-1649658,Gathered,"[""red chili"", ""butter"", ""honey"", ""brussels sprouts"", ""salt""]",www.yummly.com
Duck Pilaf,"[""1 duckling Roasted"", ""240 ml rice Uncooked regular"", ""3 tablespoons vegetable oil"", ""240 ml chopped celery"", ""950 ml broth from duck giblet broth"", ""1 teaspoon salt"", ""1 teaspoon pepper"", ""dried apricots cup Cut-up""]","[""Remove skin from duckling; srip meat from frame, then dice. (There should be 3 cups). Set aside for step 4."", ""Saute rice in vegetable oil in a large frying pan, stirring often, just until golden; add celery and saute 5 minutes longer."", ""Stir in broth, salt, and pepper; heat to boiling."", ""Spoon into 8-cup baking dish, stir in duckling and apricots; cover."", ""Bake in moderate oven until rice is tender and liquid is absorbed.""]",www.yummly.com/recipe/Duck-Pilaf-1653243,Gathered,"[""pepper"", ""duckling"", ""celery"", ""rice"", ""broth from"", ""vegetable oil"", ""salt""]",www.yummly.com
Banana Chocolate Shake,"[""240 ml milk"", ""28 -225 g container vanilla yogurt"", ""1 small or 1/2 banana, cut into 2 inch chunks"", ""60 ml chocolate syrup"", ""1 Tbsp. sugar, optional""]","[""In an electric blender, combine milk, yogurt, banana, chocolate syrup and sugar if desired. Blend until smooth, about 30 seconds. Serve immediately or refrigerate in a covered container. Stir before serving. Yields 3 servings.""]",www.cookbooks.com/Recipe-Details.aspx?id=78000,Gathered,"[""sugar"", ""chocolate syrup"", ""vanilla yogurt"", ""milk"", ""banana""]",www.cookbooks.com
Frikadeller (Danish Meatballs) With Mustard Sauce,"[""Meatballs"", ""225 g ground pork"", ""225 g ground beef"", ""1/2 large onion, finely chopped"", ""1 egg"", ""80 to 120 ml milk"", ""240 ml oatmeal"", ""85 g finely chopped bacon, or bacon lardons"", ""sunflower or vegetable oil"", ""Mustard Sauce"", ""4 tablespoons mustard"", ""1 tablespoon sunflower or vegetable oil"", ""1 tablespoon chopped dill"", ""2 teaspoons sugar, to taste""]","[""Mix all the meatball ingredients together and season very well."", ""Add more oatmeal if the mixture is too liquid."", ""If the onion is not finely chopped enough, it will make the mixture quite watery."", ""Fry off a small piece over medium heat in a little oil to check seasoning, they will probably need a lot more salt than you would think."", ""Form the mince into golf ball sized balls."", ""Pan fry in batches over medium heat in some sunflower or vegetable oil, until browned all over (10-15 minutes), turning often."", ""If they feel soft they aren't finished yet."", ""Alternatively, the far more hassle free way is to brush them with oil and bake on a tray lined with baking paper in an oven preheated to 480\u00b0F for 20-25 minutes until browned."", ""To make the sauce, whisk the ingredients together into a bowl until you get an emulsified mayonnaise consistency sauce.""]",food52.com/recipes/23367-frikadeller-danish-meatballs-with-mustard-sauce,Gathered,"[""ground pork"", ""egg"", ""bacon"", ""sugar"", ""onion"", ""sunflower"", ""meatballs"", ""dill"", ""milk"", ""ground beef"", ""mustard sauce"", ""oatmeal"", ""mustard""]",food52.com
Spaghetti Salad,"[""450 g spaghetti noodles"", ""1 pkg. Italian dressing mix"", ""1 small jar Salad Supreme"", ""2 medium tomatoes"", ""2 medium cucumbers"", ""spring onions""]","[""Cook and drain noodles, then rinse with cold water."", ""Prepare dressing mix by directions on package."", ""Cut up tomatoes, cucumbers and onions."", ""Mix all together with noodles and refrigerate overnight.""]",www.cookbooks.com/Recipe-Details.aspx?id=933918,Gathered,"[""salad supreme"", ""tomatoes"", ""noodles"", ""cucumbers"", ""spring onions"", ""italian dressing mix""]",www.cookbooks.com
Barbecued Snapper With Butter And Lemon,"[""4 (400 g) red snapper (baby whole, cleaned)"", ""2 lemons (1 thinly sliced 1 cut into wedges to serve)"", ""8 sprigs parsley (fresh flat leave)"", ""100 g butter"", ""salt and pepper""]","[""Preheat a barbecue on medium high heat with hood closed."", ""Rinse fish inside and out under cold running water and pat dry with paper towel."", ""Make 3 shallow cuts, in the thickest part of each side of the fish."", ""Divide lemon and parsley between each fish's cavity."", ""Divide 1/8th of the butter in the cavities and the remainder divide and dot on the top of each fish and season with salt and pepper."", ""Place 1 piece baking paper in centre of 1 piece of foil (needs to be more that twice the length of the fish), place fish on top."", ""Bring 2 sides of foil up towards the centre and fold foil edges to create a seal."", ""Roll up remaining ends of foil to enclose the fish."", ""Repeat wrapping process with other 3 fish."", ""Barbecue fish, with hood closed for 8 to 10 minutes or until cooked through."", ""Suggested you serve with steamed baby potatoes, parsley and lemon wedges.""]",www.food.com/recipe/barbecued-snapper-with-butter-and-lemon-440321,Gathered,"[""lemons"", ""red snapper"", ""parsley"", ""butter"", ""salt""]",www.food.com
Walnut Chicken Morsels,"[""2 large egg whites, beaten lightly"", ""60 ml cornstarch"", ""1 large garlic clove, minced"", ""1/2 tsp. salt"", ""225 g skinless, boneless chicken breast, flattened 1/2-inch thick between sheets of dampened wax paper and cut into 2 x 1-inch pieces"", ""470 ml walnuts, chopped fine"", ""oil for deep frying""]","[""In a bowl, blend the egg whites, cornstarch, garlic and salt until the mixture is combined well."", ""Add the chicken pieces and toss them well with the mixture.""]",www.cookbooks.com/Recipe-Details.aspx?id=807909,Gathered,"[""oil"", ""egg whites"", ""cornstarch"", ""skinless"", ""walnuts"", ""garlic"", ""salt""]",www.cookbooks.com
Mom'S Hungarian Goulash With Egg Noodles(6 To 8 Servings)  ,"[""450 g lean round or chuck steak"", ""1 large or 2 medium onions"", ""450 g sliced fresh mushrooms (optional)"", ""6 slices bacon (optional)"", ""1/2 or more c. sour cream"", ""1 pkg. thick/wide (goulash) egg noodles"", ""poppy seed or paprika (optional)"", ""240 ml red wine"", ""240 ml water"", ""60 ml ketchup"", ""30 ml brown sugar"", ""3 Tbsp. Worcestershire sauce"", ""1/4 tsp. dry mustard"", ""1 tsp. paprika (more if desired)"", ""1 tsp. cider vinegar"", ""1 tsp. salt and pepper""]","[""Fry bacon in Dutch oven; drain and crumble bacon and set aside. Saute chopped onion in bacon drippings; drain on paper towels. Brown meat cut up into 1-inch cubes in grease and drain excess off. Add wine, water, ketchup, brown sugar, Worcestershire and vinegar over meat into the pot; then add spices of dry mustard, paprika, salt and pepper."", ""Cover tightly and cook over low heat 2 to 2 1/2 hours or cook in crock-pot 8 hours."", ""Fifteen to twenty minutes before serving, boil the noodles in another pot; drain and save. Add 1/2 cup sour cream (or more if desired)."", ""Serve in 2 bowls. Sprinkle poppy seed over noodles with melted butter (optional); combine on plates as served and toss to coat.""]",www.cookbooks.com/Recipe-Details.aspx?id=833691,Gathered,"[""lean round"", ""sour cream"", ""bacon"", ""brown sugar"", ""mushrooms"", ""egg noodles"", ""water"", ""onions"", ""red wine"", ""paprika"", ""ketchup"", ""cider vinegar"", ""dry mustard"", ""worcestershire sauce"", ""salt""]",www.cookbooks.com
Roasted Pepper And Basil Salsa,"[""3 red bell peppers"", ""2 cloves garlic, peeled,finely chopped"", ""10 basil leaves, torn or cut into a chiffonade"", ""1 tablespoon red wine vinegar"", ""3 tablespoons olive oil"", ""salt & freshly ground black pepper""]","[""Preheat broiler or prepare grill to high heat."", ""Roast peppers under broiler or on grill, turning frequently until charred on all sides."", ""Remove and place peppers in bowl, then cover them for 15 minutes or until cool enough to handle."", ""Remove and discard charred skin, then core and seed peppers."", ""Cut them into fine dice."", ""In medium bowl, combine peppers, garlic, basil, vinegar and oil."", ""Season with salt and pepper to taste."", ""Cover and let stand 30 minutes at room temperature to allow flavors to blend.""]",www.food.com/recipe/roasted-pepper-and-basil-salsa-40301,Gathered,"[""red wine vinegar"", ""red bell peppers"", ""basil"", ""garlic"", ""olive oil"", ""salt""]",www.food.com
Meat Loaf,"[""450 g ground chuck"", ""1 medium onion, chopped"", ""1/2 green bell pepper"", ""300 ml bread crumbs"", ""2 tsp. salt"", ""2 eggs"", ""240 ml canned tomatoes"", ""1 tsp. mustard"", ""1 tsp. Worcestershire sauce"", ""1/2 tsp. black pepper""]","[""Mix meat, onion and bell pepper in a large bowl."", ""Add rest of the ingredients and mix well."", ""Bake in loaf pan at 350\u00b0 for 45 to 50 minutes.""]",www.cookbooks.com/Recipe-Details.aspx?id=462649,Gathered,"[""green bell pepper"", ""tomatoes"", ""black pepper"", ""eggs"", ""onion"", ""ground chuck"", ""mustard"", ""bread crumbs"", ""worcestershire sauce"", ""salt""]",www.cookbooks.com
Peach Ice Cream,"[""5 eggs"", ""470 ml sugar"", ""1 (400 g) can sweetened condensed milk"", ""1 Tbsp. vanilla"", ""470 ml mashed peaches or other fruit"", ""120 ml sugar"", ""fresh milk"", ""ice cream salt"", ""ice""]","[""Mash peaches and add 1/2 cup sugar; set aside 1/2 hour."", ""Beat eggs until fluffy. Add sugar, milk and vanilla. Beat until sugar is melted. Add fruit."", ""Place in churn. Add enough fresh milk to bring contents to \""fill\"" line of churn."", ""Pack ice around churn until 1/2 full."", ""Pour ice cream salt on ice."", ""Finish filling churn bucket with ice and more salt. Don't let salty water come over lid of churn."", ""Churn until firm."", ""Let sit 20 minutes before serving.""]",www.cookbooks.com/Recipe-Details.aspx?id=841025,Gathered,"[""condensed milk"", ""sugar"", ""vanilla"", ""eggs"", ""cream salt"", ""milk"", ""peaches""]",www.cookbooks.com
Seafood Gumbo,"[""1 (280 g) pkg. cut okra"", ""120 ml melted bacon grease"", ""240 ml plain flour"", ""710 ml chopped onions"", ""470 ml green pepper, chopped"", ""470 ml celery, chopped"", ""3 cloves garlic, minced"", ""1 1/2 sticks margarine"", ""910 g shrimp"", ""450 g crab claw meat"", ""2 cans Swanson chicken broth"", ""2 chicken bouillon cubes"", ""470 ml water"", ""1 (280 g) can tomato sauce"", ""1 (450 g) can tomatoes, pureed"", ""1 tsp. black pepper"", ""1 1/2 tsp. salt"", ""3 Tbsp. Worcestershire sauce"", ""1 Tbsp. hot stuff""]","[""Take okra and puree until it becomes a \""gob of green gue.\"""", ""Set aside."", ""In an iron skillet, use the 1/2 cup bacon grease to brown 1 cup plain flour, using low to medium heat and stirring often, until it turns to dark caramel color, usually about 45 minutes."", ""Turn off heat and add okra."", ""Saute onions, peppers, celery and garlic in 1 1/2 sticks of margarine until completely cooked, then add this to the other ingredients and the roux and continue to cook as desired. Add seafood as desired just an hour before ready to serve.""]",www.cookbooks.com/Recipe-Details.aspx?id=604926,Gathered,"[""tomatoes"", ""worcestershire sauce"", ""bacon grease"", ""tomato sauce"", ""water"", ""celery"", ""margarine"", ""crab claw meat"", ""cut okra"", ""flour"", ""chicken broth"", ""onions"", ""chicken bouillon cubes"", ""green pepper"", ""salt"", ""black pepper"", ""shrimp"", ""garlic"", ""hot stuff""]",www.cookbooks.com
Surprise Pie,"[""225 g whip cream"", ""470 ml blackberries (fresh)"", ""240 ml powdered sugar"", ""1 tsp. vanilla"", ""225 g cream cheese"", ""1 (9-inch) graham crust""]","[""Beat cheese, vanilla and sugar together."", ""Add whip cream; mix well."", ""Add berries of any kind; mix well."", ""Pour into crust and freeze, approximately 2 hours.""]",www.cookbooks.com/Recipe-Details.aspx?id=373558,Gathered,"[""vanilla"", ""powdered sugar"", ""cream cheese"", ""blackberries"", ""graham crust"", ""whip cream""]",www.cookbooks.com
Cavatini,"[""3 kinds of pasta (240 ml each)"", ""950 ml spicy spaghetti sauce"", ""1 (No. 2) can tomatoes"", ""1 large green pepper, chopped"", ""1 onion, chopped"", ""1 can mushrooms"", ""1/4 (280 to 340 g) pkg. pepperoni"", ""450 g Italian sausage, browned"", ""470 ml sharp Cheddar cheese"", ""470 ml Mozzarella cheese (reserve 240 ml for topping)""]","[""Cook and drain pasta."", ""Mix all ingredients in large baking dish (14 x 11 x 2-inch)."", ""Cover with foil and bake for 45 minutes at 350\u00b0."", ""Remove foil and bake additional 10 to 15 minutes.""]",www.cookbooks.com/Recipe-Details.aspx?id=918312,Gathered,"[""tomatoes"", ""pasta"", ""mozzarella cheese"", ""cheddar cheese"", ""onion"", ""mushrooms"", ""sauce"", ""italian sausage"", ""green pepper"", ""pepperoni""]",www.cookbooks.com
Striped Cookie Salad,"[""225 g Cool Whip"", ""240 ml buttermilk"", ""2 (225 g) cans mandarin oranges (opptional)"", ""1 (100 g) package instant vanilla pudding"", ""1 package fudge stripe cookie""]","[""Mix all ingredients except the cookies."", ""Chill to your own liking."", ""Crush cookies and either sprinkle on top, or mix in, just before serving."", ""(I prefer mixing them in so everybody gets some).""]",www.food.com/recipe/striped-cookie-salad-49883,Gathered,"[""buttermilk"", ""stripe cookie"", ""mandarin oranges"", ""vanilla pudding""]",www.food.com
Buckeye Balls,"[""350 ml creamy peanut butter"", ""120 ml margarine"", ""1 (450 g) package confectioners' sugar"", ""2 tablespoons vegetable oil"", ""450 g semi-sweet chocolate chips""]","[""Mix first 3 ingredients together."", ""Roll into 1\"" balls and place on waxed paper lined cookie sheet."", ""Refrigerate 2 hours or overnight."", ""Melt chocolate chips in double boiler with oil."", ""Stick toothpick in center of peanut butter ball, dip in chocolate about 3/4 of the ball, leaving a small amount of the peanut butter ball showing. Put back on waxed papered cookie sheet, remove toothpick. Refrigerate until set."", ""Keep in sealed container in cool place. The yield depends on how large you make the balls. Cooking time is actually refrigeration time.""]",www.food.com/recipe/buckeye-balls-194401,Gathered,"[""sugar"", ""peanut butter"", ""margarine"", ""semi-sweet chocolate chips"", ""vegetable oil""]",www.food.com
Quick Grilled Swordfish With Papaya Salsa,"[""4 swordfish steaks"", ""1 tablespoon olive oil"", ""1/4 teaspoon salt"", ""1 tablespoon fish seasoning (if you don't have a pre-mixed fish seasoning, mix paprika, cayenne, sugar and black pepper)"", ""Papaya Salsa"", ""470 ml fresh papayas, small dice"", ""120 ml grape tomatoes, small dice"", ""2 tablespoons fresh cilantro, chopped"", ""2 tablespoons lime juice"", ""1 lime, zest of"", ""2 tablespoons jalapeno peppers, minced"", ""120 ml cucumber, small dice (optional)"", ""60 ml red onion, small dice (optional)""]","[""Preheat grill (allow 10 minutes for gas grill)."", ""While grill is heating, prepare fish and make salsa."", ""Prepare fish fillets: brush with oil, sprinkle with salt, pepper and seasoning mix."", ""Prepare salsa: mix together all ingredients, taking care to keep everything very small. If desired, you can add diced cucumber or red onion, according to your taste preferences. Set salsa aside."", ""Prepare heated grill for fish (we use a non-stick spray made for grills to prevent sticking)."", ""Grill fish 4-5 minutes on each side. When cooking swordfish, don't overcook or it will be dry. Don't wait until it \""flakes apart\"" like other fish - when swordfish is perfectly cooked, there will still be some resistance when you try to cut it apart."", ""Serve swordfish with salsa and a wedge of lime.""]",www.food.com/recipe/quick-grilled-swordfish-with-papaya-salsa-224162,Gathered,"[""fresh papayas"", ""grape tomatoes"", ""cucumber"", ""jalapeno peppers"", ""salsa"", ""fresh cilantro"", ""fish seasoning"", ""swordfish steaks"", ""lime juice"", ""lime"", ""red onion"", ""olive oil"", ""salt""]",www.food.com
Pesto Chicken Salad Sandwiches,"[""120 ml low-fat mayonnaise"", ""80 ml plain fat-free yogurt"", ""80 ml pesto sauce"", ""1 1/2 tablespoons fresh lemon juice"", ""1/2 teaspoon salt"", ""1/2 teaspoon black pepper"", ""950 ml cubed rotisserie- cooked boneless skinless chicken breasts"", ""240 ml diced celery"", ""walnuts, to your taste"", ""1 (450 g) focaccia bread, cut in half horizontally, toasted, and cut into 20 slices"", ""1 (340 g) bottled roasted red peppers, drained & chopped"", ""10 romaine lettuce leaves""]","[""Combine first 6 ingredients in a large bowl, stirring with a whisk. Stir in chicken, celery and walnuts."", ""Spread 1/2\u00b0C of salad onto each of 10 bread slices. Top each serving with about 2 tablespoons bell pepper, 1 lettuce leaf, and one bread slice.""]",www.food.com/recipe/pesto-chicken-salad-sandwiches-179448,Gathered,"[""low-fat mayonnaise"", ""chicken breasts"", ""black pepper"", ""lemon juice"", ""focaccia bread"", ""red peppers"", ""celery"", ""yogurt"", ""walnuts"", ""pesto sauce"", ""salt""]",www.food.com
Beef Pot Pie,"[""450 g ground beef"", ""1 can Veg-All"", ""1 can mushroom soup"", ""1 box Pillsbury pie crust (in dairy section, 2 crusts)""]","[""Brown ground beef and drain."", ""Mix ground beef, Veg-All (drained) and soup."", ""Place in microwave for 2 minutes."", ""Place 1 pie crust in pie dish or pan and brown lightly in oven."", ""Pour mixture into pie pan."", ""Place crust on top."", ""Cook as directed on box.""]",www.cookbooks.com/Recipe-Details.aspx?id=937381,Gathered,"[""ground beef"", ""pie crust"", ""veg-all"", ""mushroom soup""]",www.cookbooks.com
Trade Wind Salad,"[""470 ml uncooked macaroni"", ""1 Tbsp. margarine"", ""2 Tbsp. brown sugar"", ""1 (340 g) can luncheon meat"", ""1 (440 g) can pineapple chunks"", ""2 Tbsp. pineapple juice, drained from pineapple"", ""240 ml cubed cheese"", ""120 ml chopped green pepper"", ""120 ml mayonnaise"", ""1 (225 g) container sour cream or pineapple yogurt"", ""1/2 tsp. salt""]","[""Melt margarine with brown sugar in large skillet."", ""Add cubed lunch meat."", ""Cook and stir until golden brown."", ""Cook macaroni. Mix cooked meat, cooked macaroni, pineapple, cheese and green pepper in a large bowl."", ""Mix mayonnaise, sour cream (or yogurt), pineapple juice and salt together well."", ""Add to meat and macaroni mixture."", ""Mix well."", ""Chill thoroughly."", ""Serve on lettuce if desired.""]",www.cookbooks.com/Recipe-Details.aspx?id=404749,Gathered,"[""luncheon meat"", ""cubed cheese"", ""sour cream"", ""macaroni"", ""brown sugar"", ""green pepper"", ""pineapple juice"", ""margarine"", ""mayonnaise"", ""pineapple"", ""salt""]",www.cookbooks.com
Scalloped Pineapple,"[""300 ml sugar"", ""1 stick butter"", ""2 eggs"", ""120 ml milk"", ""6 slices bread, cubed"", ""1 (570 g) can pineapple chunks and juice""]","[""Blend sugar, butter and eggs."", ""Soak bread cubes in mixture 5 minutes."", ""Add pineapple and juice; mix."", ""Pour into greased baking dish and bake, uncovered, 1 hour at 350\u00b0."", ""Serve warm.""]",www.cookbooks.com/Recipe-Details.aspx?id=716451,Gathered,"[""bread"", ""sugar"", ""eggs"", ""milk"", ""butter"", ""pineapple""]",www.cookbooks.com
Potato Casserole #3,"[""910 g frozen hash browns"", ""1 stick margarine"", ""1 can cream of mushroom soup"", ""225 g sour cream"", ""240 ml grated Cheddar cheese"", ""60 ml onion"", ""115 g sliced mushrooms"", ""salt and pepper to taste""]","[""Combine all ingredients except cheese and put in a 13 x 9-inch greased casserole."", ""Top with cheese and paprika."", ""Bake at 350\u00b0 for 45 minutes."", ""Serves 12.""]",www.cookbooks.com/Recipe-Details.aspx?id=177418,Gathered,"[""sour cream"", ""cream of mushroom soup"", ""cheddar cheese"", ""onion"", ""mushrooms"", ""frozen hash browns"", ""margarine"", ""salt""]",www.cookbooks.com
Chocolate Chip Oatmeal Cookies,"[""180 ml shortening"", ""120 ml brown sugar, packed"", ""120 ml granulated sugar"", ""2 eggs"", ""240 ml plus 2 Tbsp. flour"", ""1 tsp. baking powder"", ""1/4 tsp. salt"", ""120 ml milk"", ""1 tsp. vanilla"", ""120 ml chopped nuts"", ""710 ml quick cooking oats"", ""1 (200 g) pkg. chocolate chips""]","[""Cream first 3 ingredients."", ""Beat in eggs, 1 at a time."", ""Sift flour, baking powder and salt."", ""Add to creamed mixture alternately with milk."", ""Stir in vanilla."", ""Add nuts, oats and chocolate chips. Drop from teaspoon on greased cookie sheet."", ""Bake at 350\u00b0 for 12 minutes.""]",www.cookbooks.com/Recipe-Details.aspx?id=209358,Gathered,"[""cooking oats"", ""sugar"", ""baking powder"", ""vanilla"", ""shortening"", ""brown sugar"", ""eggs"", ""flour"", ""nuts"", ""milk"", ""chocolate chips"", ""salt""]",www.cookbooks.com
Phyllis' Chicken And Peas,"[""chicken pieces"", ""oil"", ""4 cans cream of mushroom soup"", ""2 to 3 cans English peas"", ""bay leaves""]","[""Brown chicken in oil, about 10 minutes."", ""Spread cans of cream of mushroom soup in"", ""13 x 9-inch baking dish."", ""Layer cans of English peas over soup."", ""Top with chicken pieces, placing a bay leaf under each one."", ""Bake for 1 1/2 to 2 hours (covered) until chicken is done and sauce is thick.""]",www.cookbooks.com/Recipe-Details.aspx?id=363527,Gathered,"[""oil"", ""cream of mushroom soup"", ""english peas"", ""bay leaves"", ""chicken""]",www.cookbooks.com
Buttery Soft Pretzels,"[""4 teaspoons active dry yeast"", ""1 teaspoon white sugar"", ""300 ml warm water (110 degrees F/45 degrees C)"", ""1.2 l all-purpose flour"", ""120 ml white sugar"", ""1 1/2 teaspoons salt"", ""1 tablespoon vegetable oil"", ""120 ml baking soda"", ""950 ml hot water"", ""60 ml kosher salt, for topping""]","[""In a small bowl, dissolve yeast and 1 teaspoon sugar in 1 1/4 cup warm water. Let stand until creamy, about 10 minutes."", ""In a large bowl, mix together flour, 1/2 cup sugar, and salt. Make a well in the center; add the oil and yeast mixture. Mix and form into a dough. If the mixture is dry, add one or two more tablespoons of water. Knead the dough until smooth, about 7 to 8 minutes. Lightly oil a large bowl, place the dough in the bowl, and turn to coat with oil. Cover with plastic wrap and let rise in a warm place until doubled in size, about 1 hour."", ""Preheat oven to 450 degrees F (230 degrees C). Grease 2 baking sheets."", ""In a large bowl, dissolve baking soda in 4 cups hot water; set aside. When risen, turn dough out onto a lightly floured surface and divide into 12 equal pieces. Roll each piece into a rope and twist into a pretzel shape. Once all of the dough is shaped, dip each pretzel into the baking soda-hot water solution and place pretzels on baking sheets. Sprinkle with kosher salt."", ""Bake in preheated oven until browned, about 8 minutes.""]",www.allrecipes.com/recipe/24272/buttery-soft-pretzels/,Gathered,"[""warm water"", ""active dry yeast"", ""baking soda"", ""water"", ""flour"", ""kosher salt"", ""white sugar"", ""vegetable oil"", ""salt""]",www.allrecipes.com
Jenny'S Greek Pasta Salad,"[""180 ml Extra Virgin Olive Oil"", ""180 ml Red Wine Vinegar"", ""1 1/2 teaspoons Garlic Powder"", ""1 1/2 teaspoons Basil (dried)"", ""1 1/2 teaspoons Oregano (dried)"", ""1 teaspoon Fresh Ground Black Pepper"", ""1 teaspoon Kosher Salt"", ""1 tablespoon Sugar"", ""450 g Gemelli Pasta (1 box) (Barilla brand is best)"", ""2 Containers of Cherry or Grape Tomatoes (cut in half &amp; lightly salted)"", ""200 g Feta Cheese (cut into bite sized cubes) (Valbreso French sheep's feta is best)"", ""2-3 Large Portabella Mushrooms (caps only) (cubed large, will shrink during saute' process)"", ""2-3 tablespoons Extra Virgin Olive Oil"", ""2-3 tablespoons Butter"", ""60 ml Worcestershire Sauce (Lee &amp; Perrins is best)""]","[""Cook pasta according to directions on the box. Run cold water over the noodles until they're cold, to stop the cooking process."", ""While noodles are cooking, in a large bowl; mix olive oil, red wine vinegar, garlic powder (whisk in a small bowl first w/ oil to remove clumps), basil, oregano, salt, pepper & sugar; let sit."", ""Starting cutting the tomatoes in half and lightly salt them, if desired, and add them to the oil/vinegar/seasoning mixture to marinate."", ""When pasta is done cooking, use the same pot to saute' the mushrooms. Add the olive oil, butter & worcestershire sauce. When butter is melted, add the largely cubed mushroom caps and saute' until they're about half the size from when you first put them in the pot. Stir often."", ""Meanwhile, add the cold pasta to the oil/vinegar/seasoning/tomato mixture and stir well."", ""When mushrooms are done, add them (w/ all the juices) to the previous mixture."", ""Cut up the feta cheese into bite sized cubes and mix everything together very well."", ""Cover and chill at least 3 hours, but best if chilled overnight. Stir about every hour or so, if possible."", ""Serve & enjoy.""]",food52.com/recipes/28603-jenny-s-greek-pasta-salad,Gathered,"[""portabella mushrooms"", ""red wine vinegar"", ""oregano"", ""fresh ground black pepper"", ""sugar"", ""pasta"", ""worcestershire sauce"", ""basil"", ""feta cheese"", ""kosher salt"", ""garlic"", ""containers"", ""butter"", ""olive oil""]",food52.com
Louise'S Crispy Pickles,"[""25 to 30 medium fresh cucumbers"", ""8 large white onions, chopped"", ""2 large bell peppers, chopped"", ""120 ml salt"", ""1.2 l cider vinegar"", ""1.2 l sugar"", ""2 Tbsp. mustard seed"", ""2 Tbsp. celery seed"", ""1 tsp. turmeric"", ""1/2 tsp. cloves""]","[""Wash cucumbers and slice as thin as possible."", ""Combine with chopped onions and bell peppers."", ""Add salt; let stand at least 3 hours."", ""Drain."", ""In large pot, combine vinegar, sugar and spices, except turmeric."", ""Bring to a boil."", ""Add vegetables that are well drained."", ""Heat thoroughly, but do not boil."", ""Add turmeric."", ""Pack into hot, sterilized jars and seal at once.""]",www.cookbooks.com/Recipe-Details.aspx?id=562333,Gathered,"[""sugar"", ""bell peppers"", ""cucumbers"", ""cloves"", ""celery"", ""white onions"", ""turmeric"", ""cider vinegar"", ""salt""]",www.cookbooks.com
Enchilada Soup,"[""1 small onion, chopped"", ""1 Tbsp. steak sauce"", ""1 garlic clove, crushed"", ""1 tsp. ground cumin"", ""2 Tbsp. vegetable oil"", ""1 tsp. chili powder"", ""1 can cream of chicken soup"", ""2 tsp. Worcestershire"", ""1 can chicken broth"", ""2 Tbsp. enchilada seasoning"", ""1 can beef broth"", ""paprika"", ""1 can (115 g) chopped green chilies undrained"", ""1 bag Tostitos chips"", ""1 jar (430 g) of queso cheese dip"", ""350 ml water"", ""450 to 910 g ground meat"", ""1/8 tsp. black pepper""]","[""Saute onion and garlic in oil over medium high heat. Add ground meat to onions and garlic; brown. Add undiluted soups, chilies, water, steak sauce, Worcestershire sauce, cumin, chili powder, pepper, and enchilada seasoning; bring to a boil. Cover and reduce heat; simmer 1 hour. Add chips and queso cheese dip. Simmer uncovered 10 minutes. Sprinkle with paprika and serve.""]",www.cookbooks.com/Recipe-Details.aspx?id=4548,Gathered,"[""green chilies"", ""cream of chicken soup"", ""queso cheese"", ""ground cumin"", ""black pepper"", ""steak sauce"", ""chili powder"", ""enchilada seasoning"", ""onion"", ""worcestershire"", ""beef broth"", ""water"", ""ground meat"", ""chicken broth"", ""tostitos chips"", ""paprika"", ""garlic"", ""vegetable oil""]",www.cookbooks.com
Apple Crisp,"[""950 ml sliced apples"", ""300 ml sugar"", ""1 tsp. lemon juice"", ""80 ml quick oats"", ""80 ml brown sugar"", ""80 ml sifted flour"", ""60 ml butter or oleo""]","[""Place sliced apples in a greased casserole."", ""Sprinkle with lemon and sugar."", ""Blend oleo, brown sugar, flour and rolled oats. Spread over the apples."", ""Bake in 350\u00b0 oven for about 30 minutes or until apples are tender."", ""Serve plain or with whipped topping or ice cream.""]",www.cookbooks.com/Recipe-Details.aspx?id=743568,Gathered,"[""sugar"", ""lemon juice"", ""oats"", ""brown sugar"", ""flour"", ""apples"", ""butter""]",www.cookbooks.com
Dishpan Cookies,"[""470 ml sugar"", ""470 ml brown sugar"", ""470 ml oil"", ""4 eggs"", ""950 ml flour"", ""1 tsp. salt"", ""2 tsp. soda"", ""350 ml quick oats"", ""2 tsp. vanilla"", ""470 ml chopped nuts"", ""350 ml coconut"", ""470 ml cornflakes, crushed (after measuring)""]","[""Mix all ingredients well and drop on an ungreased cookie sheet by teaspoonfuls."", ""Bake at 350\u00b0 for about 10 minutes or until lightly brown."", ""Makes about 12 dozen.""]",www.cookbooks.com/Recipe-Details.aspx?id=313851,Gathered,"[""oil"", ""sugar"", ""vanilla"", ""oats"", ""brown sugar"", ""eggs"", ""soda"", ""flour"", ""nuts"", ""cornflakes"", ""coconut"", ""salt""]",www.cookbooks.com
Buttermilk Chicken,"[""1.35 kg boneless chicken"", ""240 ml buttermilk"", ""120 ml sour cream"", ""180 ml flour"", ""1 1/2 tsp. salt"", ""1 tsp. pepper"", ""120 ml margarine"", ""1 (280 g) cream of chicken soup""]","[""Dip chicken in 1/2 cup buttermilk, then roll in flour seasoned with salt and pepper."", ""Melt margarine in 13 x 9-inch pan."", ""Place chicken in pan and bake, uncovered, at 375\u00b0 for 30 minutes."", ""Turn chicken and bake 15 minutes."", ""Blend 1/2 cup buttermilk, 1/2 cup sour cream and soup."", ""Pour over chicken."", ""Bake 15 minutes more.""]",www.cookbooks.com/Recipe-Details.aspx?id=917139,Gathered,"[""buttermilk"", ""cream of chicken soup"", ""sour cream"", ""boneless chicken"", ""pepper"", ""flour"", ""margarine"", ""salt""]",www.cookbooks.com
Savory Pork Supper,"[""4 boneless pork loin chops (115 g each)"", ""2 tablespoons canola oil"", ""1 tablespoon butter"", ""240-120 ml sliced fresh mushrooms"", ""225 g fresh green beans, cut into 2-inch pieces"", ""1/4 teaspoon minced fresh rosemary"", ""1 can (280-21 g) condensed cream of mushroom soup, undiluted"", ""2 tablespoons water"", ""1/8 teaspoon pepper"", ""225 g uncooked fettuccine""]","[""In a large skillet, brown pork chops in oil and butter on each side; drain. Remove and keep warm. In the same skillet, saute the mushrooms, beans and rosemary for 2-3 minutes or until vegetables are tender. Stir in the soup, water and pepper; bring to a boil."", ""Top with pork chops. Reduce heat; cover and simmer for 10-15 minutes until pork juices run clear, stirring occasionally. Meanwhile, cook fettuccine according to package directions; drain. Serve with pork chops and top with sauce.""]",www.tasteofhome.com/recipes/savory-pork-supper/,Gathered,"[""condensed cream"", ""pepper"", ""fettuccine"", ""canola oil"", ""mushrooms"", ""water"", ""green beans"", ""fresh rosemary"", ""pork loin chops"", ""butter""]",www.tasteofhome.com
"""Beat The Blues"" Blue Cheese Risotto","[""55 g butter"", ""1 tablespoon olive oil"", ""340 g leeks, trimmed"", ""2 garlic cloves, crushed"", ""170 g smoked bacon or 170 g pancetta, fat removed and diced"", ""340 g arborio rice"", ""100 ml dry white wine"", ""1 1/2 liters chicken stock or 1 1/2 liters vegetable stock"", ""2 teaspoons fresh sage, chopped"", ""1 lemon, juice and zest of"", ""170 g blue cheese (see instructions)"", ""4 tablespoons parmesan cheese, freshly grated"", ""fresh ground black pepper""]","[""NB: I like to use a fairly strong flavoured, but creamy blue cheese, like Gorgonzola, but Stilton is also nice. Stock-wise, you may need a little more or less than in the ingredients list."", ""Bring stock up to a simmer."", ""Halve the leeks and remove any gritty bits from inside the rings. Cut the leek into fine strips rather than semi-circles, of approx 1-2 inches in length."", ""Melt half the butter with the olive oil and cook the leeks for approx 10 minutes over a low-medium heat until soft and tinged with brown."", ""Add bacon to pan and cook for about 5 minutes."", ""Stir in garlic and rice, cook for a further minute or two, stirring the rice until it's coated in the butter and oil and starts to go slightly translucent."", ""Add the wine to the pan, turning up the heat to bubble most of it away."", ""Add a ladleful of hot stock to the leek and rice mixture at a time, stirring more or less constantly. Add more stock each time that most of the liquid has been absorbed. Add the fresh sage."", ""Keep doing this for approximately 15 - 25 minutes, until the risotto is creamy, but the rice grains still have a slight bite. You'll need to start testing the rice after about 15 minutes, but it may take a little longer."", ""Turn off the heat."", ""Stir in the lemon juice, zest, remaining butter, parmesan and blue cheese."", ""Leave the risotto for another 2 minutes until rich, creamy and luscious. Season to taste with black pepper and salt if needed.""]",www.food.com/recipe/beat-the-blues-blue-cheese-risotto-137701,Gathered,"[""blue cheese"", ""fresh ground black pepper"", ""bacon"", ""leeks"", ""parmesan cheese"", ""lemon"", ""white wine"", ""arborio rice"", ""chicken"", ""fresh sage"", ""garlic"", ""butter"", ""olive oil""]",www.food.com
Toffee Meringue Torte,"[""6 egg whites"", ""2 tsp. vanilla"", ""1/2 tsp. cream of tartar"", ""dash of salt"", ""470 ml sugar"", ""170 g or more crushed toffee (Heath) bars"", ""470 ml heavy cream, whipped""]","[""Have egg whites at room temperature."", ""Add vanilla, cream of tartar and salt."", ""Beat to soft peaks."", ""Gradually add sugar; beat to stiff peaks."", ""Cut 2 (9-inch) circles of brown paper; place on cookie sheets."", ""Cover each with half meringue mixture."", ""Bake at 275\u00b0 for 1 hour; let cool in oven."", ""(Can tint for holidays.) Combine whipped cream and crushed toffee bars."", ""Spread half between meringue layers and half on top."", ""Chill in refrigerator for at least 8 hours."", ""Serves 10."", ""A heavenly dessert!""]",www.cookbooks.com/Recipe-Details.aspx?id=319240,Gathered,"[""sugar"", ""vanilla"", ""heavy cream"", ""egg whites"", ""toffee"", ""cream of tartar"", ""salt""]",www.cookbooks.com
Cheesy Potato Wedges,"[""6 potatoes, cut into wedges"", ""120 ml flour"", ""120 ml Parmesan cheese"", ""butter"", ""salt and pepper""]","[""Melt butter in bottom of baking dish."", ""In plastic bag mix flour, Parmesan cheese and a dash each of salt and pepper."", ""Add several potato wedges and shake until wedges are covered. Place wedges in baking dish."", ""Bake 1 hour at 350\u00b0.""]",www.cookbooks.com/Recipe-Details.aspx?id=818719,Gathered,"[""potatoes"", ""parmesan cheese"", ""flour"", ""butter"", ""salt""]",www.cookbooks.com
Zucchini Preserves,"[""1.4 l grated zucchini, peeled"", ""120 ml lemon juice"", ""240 ml undrained crushed pineapple"", ""1.4 l sugar"", ""170 g apricot or orange jello"", ""1/2 envelope Knox gelatine""]","[""Bring the zucchini slowly to a boil; boil for 12 to 15 minutes."", ""Add the lemon juice, pineapple and sugar."", ""Boil for 10 minutes; take off heat."", ""Add the jello and gelatine; mix real well."", ""Pour into jars and seal, or cover with paraffin or keep in freezer.""]",www.cookbooks.com/Recipe-Details.aspx?id=721007,Gathered,"[""zucchini"", ""sugar"", ""lemon juice"", ""apricot"", ""gelatine"", ""pineapple""]",www.cookbooks.com
Chocolate Peanut Butter Ice Cream Dessert,"[""23 whole Oreo Cookies (or 1/2 Of A Package)"", ""4 Tablespoons Butter Or Margarine, Melted"", ""225 g, weight Cream Cheese, Softened"", ""120 ml Creamy Peanut Butter"", ""240-120 ml Powdered Sugar, Divided"", ""450 g, weight Whipped Topping, Divided"", ""950 ml Vanilla Ice Cream, Divided"", ""240-60 ml Chopped Peanut Butter Cups, Divided (about 20 Mini Cups)"", ""240 ml Cold Milk"", ""1 box Instant Chocolate Pudding Mix, 85 g Box""]","[""This is adapted from a Quick Cooking recipe."", ""Crush the cookies, remove 1/3 cup of the crushed cookies and reserve them for the topping. Toss remaining cookie crumbs with butter and press into bottom of a 9x13 pan."", ""In a mixing bowl, beat cream cheese, peanut butter, and 1 cup powdered sugar until smooth. Fold in most of an 8 ounce container of whipped topping, then add 2 cups of ice cream. (I like to see how the mixture looks, see if it's about the right texture after the ice cream is added, because probably you won't need quite all of the 8 ounces of whipped topping)."", ""Spread over crust."", ""Sprinkle with chopped peanut butter cups, about 1 cup. (Reserve remaining for the topping)."", ""In another mixing bowl, beat milk, pudding mix, and remaining powdered sugar on low speed for 2 minutes. Fold in whipped topping (remainder of first 8 ounces, and about 1/2 of the second 8 ounce tub) and remaining 2 cups of ice cream."", ""Spread over peanut butter cups."", ""Cover, put in freezer and allow to harden for about 1 hour."", ""Top with the remaining whipped topping, then crushed oreos and remaining chopped peanut butter cups."", ""Cover and freeze for at least 4 hours.""]",tastykitchen.com/recipes/desserts/chocolate-peanut-butter-ice-cream-dessert/,Gathered,"[""weight cream cheese"", ""cookies"", ""powdered sugar"", ""peanut butter"", ""topping"", ""chocolate pudding mix"", ""vanilla ice cream"", ""milk"", ""butter""]",tastykitchen.com
One Dish Meal Casserole,"[""450 g ground beef"", ""1 can tomato sauce"", ""1 can whole corn"", ""1 can green beans"", ""1 pinch salt"", ""1 pinch pepper"", ""80 ml chopped onions"", ""240 ml whipped potatoes"", ""120 ml grated cheese""]","[""Brown ground beef in skillet."", ""Add tomato sauce, salt and pepper."", ""Let simmer for 15 minutes."", ""Cook potatoes and whip until smooth."", ""Add corn, beans and onion into simmering beef."", ""Remove from stove and pour into casserole dish."", ""Top with whipped potatoes; sprinkle cheese over casserole."", ""Bake at 350\u00b0 for 10 minutes.""]",www.cookbooks.com/Recipe-Details.aspx?id=796994,Gathered,"[""potatoes"", ""corn"", ""pepper"", ""green beans"", ""onions"", ""grated cheese"", ""tomato sauce"", ""ground beef"", ""salt""]",www.cookbooks.com
Milnot Cheesecake,"[""1 small pkg. lemon jello"", ""1 can Milnot"", ""240 ml boiling water"", ""3 Tbsp. lemon juice"", ""225 g pkg. cream cheese"", ""240 ml sugar"", ""1 tsp. vanilla""]","[""Dissolve jello in water."", ""Cream sugar and cream cheese together, then mix jello and cream cheese mixture together, adding vanilla and lemon juice."", ""Whip Milnot, then fold into other mixture."", ""Pour into a 9 x 12-inch graham cracker crust in a 9 x 12-inch pan."", ""Chill until stiff and serve.""]",www.cookbooks.com/Recipe-Details.aspx?id=828718,Gathered,"[""sugar"", ""lemon jello"", ""vanilla"", ""lemon juice"", ""cream cheese"", ""boiling water""]",www.cookbooks.com
Chicken Stroganoff Casserole,"[""2 chicken breasts, cubed"", ""1 onion, chopped"", ""2 garlic cloves, minced"", ""470 ml mushrooms, chopped"", ""1 teaspoon dried tarragon"", ""60 ml white wine"", ""470 ml chicken stock"", ""60 ml cream cheese"", ""60 ml sour cream"", ""2 tablespoons flour"", ""salt"", ""pepper"", ""240 ml corn flakes"", ""60 ml parmesan cheese"", ""1/2 teaspoon garlic salt"", ""1 tablespoon oil"", ""1 (300 g) box rotini pasta""]","[""Cook noodles until tender in boiling salted water."", ""Meanwhile, sautee onions, garlic, and mushrooms."", ""Add the chicken and sautee until just cooked through."", ""Season with the tarragon, salt, and pepper."", ""Remove this mixture from the pan and place in casserole dish."", ""Sauce: Deglaze pan with white wine."", ""Add chicken stock and bring to a simmer."", ""Add cream cheese and sour cream and stir to combine."", ""Thicken sauce with flour (mix with water first to avoid lumps)."", ""Season with salt and pepper to taste."", ""Pour over chicken & veggies in casserole dish and mix inches."", ""Drain pasta and add to casserole dish and mix inches."", ""Topping: Crush cornflakes, and mix with parmesan, garlic salt, and oil."", ""Spread on top of casserole."", ""Bake at 350F for 20 minutes or until topping is golden."", ""Serve with a fresh garden salad.""]",www.food.com/recipe/chicken-stroganoff-casserole-478217,Gathered,"[""oil"", ""sour cream"", ""chicken breasts"", ""pepper"", ""garlic salt"", ""parmesan cheese"", ""rotini pasta"", ""onion"", ""mushrooms"", ""cream cheese"", ""corn flakes"", ""flour"", ""white wine"", ""tarragon"", ""garlic"", ""chicken stock"", ""salt""]",www.food.com
Elva Dexter'S Cranberry Salad,"[""1 can mandarin oranges or pineapple tidbits"", ""1 pkg. cherry flavored jello"", ""240 ml jellied cranberry sauce"", ""60 ml lemon juice"", ""1 (225 g) pkg. cream-style cottage cheese"", ""120 ml thinly sliced celery"", ""120 ml broken nut meats""]","[""Drain syrup from fruit into 1-cup measure; add water to make one cup."", ""Heat to boiling in small saucepan."", ""Stir in gelatin and stir until gelatin dissolves."", ""Beat in cranberry sauce and add lemon juice."", ""Chill until thick as unbeaten egg white."", ""Stir in oranges, cottage cheese, celery and nuts."", ""Spoon into 6-cup mold. Chill several hours or overnight.""]",www.cookbooks.com/Recipe-Details.aspx?id=908374,Gathered,"[""lemon juice"", ""cream-style cottage cheese"", ""celery"", ""oranges"", ""cranberry sauce"", ""cherry flavored jello"", ""broken nut meats""]",www.cookbooks.com
"The Crisper Whisperer: Apple, Goat Cheese, And Honey Tartlets Recipe","[""1 fourteen-ounce package puff pastry (single sheet), defrosted"", ""115 g fresh goat cheese"", ""1 tablespoon fresh lemon juice"", ""Scant 1/4 teaspoon kosher salt"", ""1 Gala apple, peeled, quartered, and sliced"", ""1 tablespoon butter"", ""2 tablespoons honey, plus more for drizzling"", ""Light dusting of ground allspice""]","[""Preheat oven to 375\u00b0F. Unfold the puff pastry onto a cutting board. Using a 5-inch cookie cutter (or an overturned bowl and a small, sharp knife), cut four 5-inch circles from the dough. Place the rounds on a parchment-lined cookie sheet. Press a 3 1/2-inch cookie cutter into the center of each round, stopping 3/4 of the way down so that the outer and inner portions are still attached at the bottom. This will allow the outer ring to rise around the center. Pierce the inner section of each round all over with a fork."", ""Place the goat cheese, lemon juice and salt in a small bowl. Microwave for 20 seconds or until soft but not melted. Stir to combine well, then divide and spread over the inner section of each round. Top with overlapping apple slices, making sure to stay within the inner section of each round."", ""Combine the butter and honey in a small bowl and microwave for 30 seconds, or until the butter is almost melted. Stir to combine and complete the melting. (Be careful, as the honey gets hot surprisingly quickly.) Brush some honey butter over the entirety of each round. Dust lightly with ground allspice. Bake for 25 minutes, or until the apples are tender and the pastry is nicely browned."", ""Let the pastries cool slightly, then drizzle with additional honey if desired. Serve warm or at room temperature.""]",www.seriouseats.com/recipes/2010/02/the-crisper-whisperer-apple-goat-cheese-and-honey-tartlets-recipe.html,Gathered,"[""apple"", ""lemon juice"", ""goat cheese"", ""honey"", ""fourteen-"", ""ground allspice"", ""kosher salt"", ""butter""]",www.seriouseats.com
Broccoli Supreme With Stuffing,"[""2 tablespoons all-purpose flour"", ""2 cans (280-21 g each) condensed cream of chicken soup, undiluted"", ""240 ml sour cream"", ""120 ml grated carrot"", ""2 tablespoons grated onion"", ""1/2 teaspoon pepper"", ""3 packages (280 g each) frozen broccoli cuts, thawed"", ""240-120 ml crushed seasoned stuffing"", ""60 ml butter, melted""]","[""In a large bowl, combine the flour, soup and sour cream. Stir in the carrot, onion and pepper. Fold in the broccoli."", ""Transfer to a greased 2-1/2-qt. baking dish. Combine stuffing and butter; sprinkle over top. Bake, uncovered, at 350\u00b0 for 50-60 minutes or until bubbly and heated through.""]",www.tasteofhome.com/recipes/broccoli-supreme-with-stuffing/,Gathered,"[""sour cream"", ""condensed cream"", ""grated carrot"", ""pepper"", ""onion"", ""stuffing"", ""flour"", ""frozen broccoli cuts"", ""butter""]",www.tasteofhome.com
Steak And Potato Hash,"[""2 tbsp butter"", ""2 None onions, peeled and sliced"", ""100 g smoked streaky bacon, chopped"", ""300 g rump steak, sliced"", ""800 g waxy potatoes (such as Charlotte), peeled and sliced"", ""1/2 tsp paprika"", ""150 g cherry tomatoes, halved"", ""100 g Gruyere, grated"", ""None None Fresh marjoram, for garnish""]","[""Preheat the oven to 400\u00b0F. Melt 1 tbsp butter in an ovenproof casserole and fry the onions, bacon and steak for 3 mins. Remove from the pan and set aside. Melt 1 tbsp butter in the hot fat and cook the potatoes over medium heat for 12 mins, until crispy. Season with salt, black pepper and paprika. Stir in the onions, bacon and steak. Fold in the tomatoes and sprinkle with the cheese. Bake for 15 mins. Garnish with marjoram.""]",recipes-plus.com/api/v2.0/recipes/16234,Gathered,"[""potatoes"", ""bacon"", ""gruy\u00e8re"", ""fresh marjoram"", ""onions"", ""paprika"", ""cherry tomatoes"", ""rump steak"", ""butter""]",recipes-plus.com
"Grilled Corn, Avocado And Tomato Salad With Honey Lime Dressing","[""470 ml grape tomatoes"", ""1 ripe avocado"", ""2 ears fresh sweet corn"", ""2 tablespoons fresh cilantro, chopped"", ""1 lime, juice of"", ""3 tablespoons vegetable oil"", ""1 tablespoon honey"", ""1 garlic clove"", ""1 dash cayenne pepper"", ""sea salt"", ""fresh cracked black pepper""]","[""Grill corn for 10 minutes. Cut the corn off the cob and cool."", ""Slice tomatoes in half."", ""Dice the avocado."", ""Chop the cilantro."", ""Whisk remaining ingredients in small bowl and set asid."", ""Combine corn, avocado, tomatoes and cilantro. Toss with honey lime dressing. Let rest 15 minutes.""]",www.food.com/recipe/grilled-corn-avocado-and-tomato-salad-with-honey-lime-dressing-524216,Gathered,"[""grape tomatoes"", ""corn"", ""salt"", ""black pepper"", ""honey"", ""cayenne pepper"", ""avocado"", ""lime"", ""garlic"", ""vegetable oil"", ""fresh cilantro""]",www.food.com
Soft Sugar Cookie,"[""470 ml white sugar"", ""240 ml shortening"", ""240 ml buttermilk with 1 tsp. baking soda"", ""2 tsp. baking soda"", ""1.2 l flour"", ""1 tsp. nutmeg (scant)"", ""1 tsp. salt"", ""2 eggs""]","[""Beat"", ""eggs"", ""and add sugar, shortening, nutmeg and salt. Add baking"", ""soda"", ""to"", ""3 cups of the flour and add to mixture. Add remaining"", ""2 cups flour alternately with buttermilk."", ""Mix well. Roll out and cut."", ""Bake for 10 to 12 minutes at 450\u00b0.""]",www.cookbooks.com/Recipe-Details.aspx?id=925860,Gathered,"[""buttermilk"", ""shortening"", ""nutmeg"", ""baking soda"", ""eggs"", ""flour"", ""white sugar"", ""salt""]",www.cookbooks.com
Crisp Pickle Slices,"[""3.8 l sliced cucumbers (medium sized)"", ""2 onions, sliced"", ""3 Tbsp. salt"", ""470 ml sugar"", ""1 tsp. turmeric"", ""1 tsp. celery seed"", ""1 Tbsp. white mustard seed"", ""470 ml vinegar"", ""a small amount of green food coloring""]","[""Do not pare cucumbers; slice 1/8-inch thick."", ""Add onions and salt."", ""Cover with cracked ice and mix thoroughly."", ""Let stand 3 hours; drain thoroughly."", ""Combine remaining ingredients and bring to a boil."", ""Drop cucumber slices into mixture."", ""Cook until they become transparent."", ""Seal in hot, sterilized jars."", ""Makes 4 pints.""]",www.cookbooks.com/Recipe-Details.aspx?id=367909,Gathered,"[""vinegar"", ""sugar"", ""white mustard seed"", ""cucumbers"", ""celery"", ""amount"", ""onions"", ""turmeric"", ""salt""]",www.cookbooks.com
Honey Wheat Bread,"[""2-1/4 teaspoons Active Dry Yeast"", ""1 teaspoon Sugar"", ""180 ml Warm Water, divided"", ""240-120 ml 2% Milk"", ""60 ml Butter, Melted, Plus More For Brushing On Baked Loaves"", ""80 ml Honey"", ""2 teaspoons Salt"", ""470 ml Whole Wheat Flour"", ""710 ml Bread Flour""]","[""Makes 2 loaves of bread."", ""Bloom yeast in sugar and 1/2 cup warm water. In a stand mixer, combine milk, remaining 1/4 cup water, melted butter, honey, salt and whole wheat flour. Add yeast mixture, mix just till combined and allow to sit 15 minutes."", ""Add bread flour and once dough is combined, using a dough hook, mix 6 minutes (or 10 minutes if kneading by hand) until dough forms a smooth ball."", ""Place dough in a greased bowl covered with plastic wrap. Let rise until nearly doubled in size. (Depending upon the time of year, it can take anywhere from 45-75 minutes.)"", ""Punch down dough and divide dough in 2 pieces."", ""Roll each piece of dough into a 9-inch wide rectangle, then roll rectangles into loaves. Place loaves in buttered bread loaf pans. Spray tops of loaves generously with cooking spray, cover loosely with plastic wrap (they will expand beyond the height of the pan), and let rise until nearly doubled in size. This can take 30-60 minutes."", ""Preheat oven to 375\u00b0F and bake uncovered for 25-35 minutes until tops are deep golden brown. They should sound hollow when tapped."", ""Butter tops of bread loaves after removing from oven. Cool before slicing.""]",tastykitchen.com/recipes/breads/honey-wheat-bread/,Gathered,"[""bread flour"", ""sugar"", ""salt"", ""\u00bc"", ""water"", ""milk"", ""whole wheat flour"", ""honey"", ""active dry yeast""]",tastykitchen.com
Apple And Date Cookies,"[""1.2 l flour"", ""240 ml white sugar"", ""240 ml brown sugar"", ""240 ml Crisco"", ""1 1/2 tsp. baking powder"", ""1 1/2 tsp. baking soda"", ""2 tsp. cinnamon"", ""1 tsp. salt"", ""470 ml unsweetened applesauce"", ""4 eggs"", ""470 ml dates, diced""]","[""Combine all ingredients (except dates) into a large mixing bowl."", ""Beat 3 to 4 minutes with electric mixer at medium speed. Stir in dates."", ""Drop by large teaspoonfuls on greased cookie sheet."", ""Press a half pecan in center of each cookie."", ""Bake 10 to 12 minutes at 325\u00b0 or 350\u00b0,"", ""depends on oven."", ""Yields 6 dozen medium cookies.""]",www.cookbooks.com/Recipe-Details.aspx?id=754857,Gathered,"[""baking powder"", ""crisco"", ""unsweetened applesauce"", ""brown sugar"", ""baking soda"", ""cinnamon"", ""eggs"", ""flour"", ""dates"", ""white sugar"", ""salt""]",www.cookbooks.com
Chicken Breast Veronique,"[""4 whole chicken breasts"", ""240 ml cracker crumbs"", ""1/2 tsp. salt"", ""1/4 tsp. freshly ground black pepper"", ""1/2 tsp. dried tarragon"", ""pinch of nutmeg"", ""3 Tbsp. margarine"", ""60 ml chopped onion"", ""120 ml chicken broth"", ""120 ml dry white wine or vermouth"", ""470 ml sliced fresh mushrooms"", ""2 Tbsp. margarine"", ""470 ml seedless or seeded green grapes""]","[""Remove the"", ""skin from the chicken breasts."", ""Cut them in half. Combine cracker crumbs and seasonings."", ""Coat chicken in this mixture.""]",www.cookbooks.com/Recipe-Details.aspx?id=698721,Gathered,"[""chicken breasts"", ""nutmeg"", ""onion"", ""freshly ground black pepper"", ""mushrooms"", ""cracker crumbs"", ""margarine"", ""chicken broth"", ""white wine"", ""tarragon"", ""salt""]",www.cookbooks.com
Layer Lettuce Salad,"[""1 head lettuce, broken up"", ""1 onion, sliced in rings"", ""120 ml chopped celery"", ""120 ml green peppers, chopped"", ""1 pkg. frozen peas (still frozen)"", ""470 ml mayonnaise"", ""450 g grated Cheddar cheese"", ""Bac*Os""]","[""Layer the first 5 ingredients in 9 x 13-inch Tupperware in order given."", ""Spread top with mayonnaise and cheese."", ""Sprinkle with Bac*Os."", ""Seal tightly with foil or lid."", ""Refrigerate overnight."", ""Will keep a week in Tupperware.""]",www.cookbooks.com/Recipe-Details.aspx?id=1033320,Gathered,"[""head lettuce"", ""green peppers"", ""cheddar cheese"", ""onion"", ""celery"", ""mayonnaise"", ""bac*os"", ""frozen peas""]",www.cookbooks.com
Blueberry Frozen Greek Yogurt,"[""240-160 ml Milk"", ""240 ml Sugar"", ""470 ml Blueberry Greek Yogurt"", ""60 ml Heavy Cream"", ""120 ml Frozen Blueberries""]","[""1. In small mixing bowl combine milk and sugar. Mix until sugar is dissolved."", ""2. Mix in yogurt and heavy cream."", ""3. Pour mixture into your ice cream machine and churn for 25-30 minutes or based on your machine's instructions."", ""4. When done, stir in blueberries."", ""5. Serve immediately or place in a container and put in the freezer for one hour."", ""6. Enjoy!"", ""Recipe yields 7 cups. This recipe is adapted from Cuisinart.""]",tastykitchen.com/recipes/desserts/blueberry-frozen-greek-yogurt/,Gathered,"[""greek yogurt"", ""sugar"", ""frozen blueberries"", ""\u00bc"", ""milk""]",tastykitchen.com
Cornbread Salad,"[""cornbread, baked"", ""9 slices bacon, cooked and crumbled"", ""4 tomatoes, peeled and chopped"", ""1 green pepper"", ""1 onion, chopped"", ""240 ml butter or margarine"", ""1/2 radish""]","[""Mix the bacon and vegetables."", ""Pour off juices and save."", ""Put cornbread into vegetables (crumble)."", ""Mix mayonnaise and juice together."", ""Pour over salad.""]",www.cookbooks.com/Recipe-Details.aspx?id=140455,Gathered,"[""bacon"", ""tomatoes"", ""radish"", ""onion"", ""butter"", ""green pepper""]",www.cookbooks.com
Maple Cream Pie,"[""1 frozen 9-inch deep dish pie shell"", ""530 ml whole milk"", ""470 ml pure maple syrup, grade B"", ""3 large egg yolks"", ""120 ml all-purpose flour"", ""3 tablespoons cornstarch"", ""2 1/2 teaspoons vanilla extract, divided"", ""300 ml whipping cream, chilled"", ""1 tablespoon sugar"", ""walnuts, toasted and chopped""]","[""Bake and cool pie crust according to package directions."", ""Whisk milk, syrup and yolks in a large bowl to blend."", ""Whisk flour and cornstarch in medium bowl."", ""Gradually whisk 1 cup milk mixture into flour mixture. Gradually whisk in remaining milk mixture."", ""Transfer to a large saucepan. Whisk over medium heat until custard thickens and boils, about 8 minutes. Whisk in 2 teaspoons vanilla. Pour into prepared pie crust. Chill until cold, about 3 hours. (You can make up to this point a day ahead--just cover and keep chilled.)."", ""Beat cream, sugar and remaining 1/2 teaspoon vanilla in medium bowl until peaks form. Spread whipped cream over pie adn sprinkle with walnuts.""]",www.food.com/recipe/maple-cream-pie-243449,Gathered,"[""sugar"", ""vanilla"", ""whipping cream"", ""all-purpose"", ""cornstarch"", ""walnuts"", ""maple syrup"", ""milk"", ""egg yolks"", ""dish pie shell""]",www.food.com
Honey Bun Cake,"[""1 box yellow cake mix"", ""160 ml oil"", ""4 eggs"", ""2 tsp. vanilla"", ""120 ml sugar"", ""240 ml sour cream"", ""240 ml brown sugar"", ""3 tsp. cinnamon"", ""470 ml powdered sugar"", ""4 Tbsp. milk"", ""120 ml pecans (optional)"", ""120 ml raisins (optional)""]","[""Mix cake mix, oil, sugar and eggs with sour cream."", ""Pour half of the mixture into greased baking pan."", ""Make filling by mixing brown sugar and cinnamon."", ""Spread half of the filling over batter. Pour in remaining batter and then spread with remaining filling mixture. Swirl with knife blade. Bake at 300\u00b0 for 40 to 45 minutes."", ""Mix powdered sugar, vanilla and milk for glaze."", ""Pour over warm cake.""]",www.cookbooks.com/Recipe-Details.aspx?id=202212,Gathered,"[""oil"", ""sour cream"", ""sugar"", ""vanilla"", ""eggs"", ""brown sugar"", ""cinnamon"", ""powdered sugar"", ""pecans"", ""raisins"", ""milk"", ""yellow cake mix""]",www.cookbooks.com
Roasted Mediterranean Veggies,"[""2 whole Sweet Potatoes, Peeled And Chopped Into Large Cubes"", ""3 whole Baking Potatoes, Peeled And Chopped Into Large Cubes"", ""1 whole Red Onion, Chopped Into Large Chunks"", ""1 whole Yellow Pepper, Chopped Into Large Chunks (discard Middle And Seeds)"", ""1 whole Red Pepper, Chopped Into Large Chunks (discard Middle And Seeds)"", ""4 cloves Garlic, Chopped"", ""Olive Oil To Coat"", ""Salt And Pepper, to taste"", ""Balsamic Vinegar, To Drizzle"", ""Shredded Parmesan Cheese, To Sprinkle""]","[""Chop everything into large chunks and throw into a large bowl. It's that easy. Pour olive oil over the veggies until completely coated. Salt and pepper and toss to coat (about 1/2 teaspoon of salt and 1/4 teaspoon of pepper). Pour onto a cookie sheet and bake at 375 degrees for 30-45 minutes until tender. Every 15 minutes, take the pan out and stir the veggies so they do not burn on one side. When veggies are done, drizzle with balsamic vinegar and toss to coat. When ready to serve, sprinkle with shredded parmesan cheese.""]",tastykitchen.com/recipes/sidedishes/roasted-mediterranean-veggies/,Gathered,"[""vinegar"", ""yellow pepper"", ""red pepper"", ""parmesan cheese"", ""sweet potatoes"", ""garlic"", ""red onion"", ""baking potatoes"", ""olive oil"", ""salt""]",tastykitchen.com
Honey Fruit Dressing For Fruit,"[""240 ml mayonnaise or salad dressing"", ""80 ml lemon juice"", ""1/4 tsp. ginger"", ""2 Tbsp. honey""]","[""Combine ingredients in small bowl; beat until smooth."", ""Serve over fresh fruit."", ""Keep refrigerated."", ""Makes 1 1/2 cups.""]",www.cookbooks.com/Recipe-Details.aspx?id=281089,Gathered,"[""honey"", ""mayonnaise"", ""ginger"", ""lemon juice""]",www.cookbooks.com
Spicy Layered Bean Dip,"[""1 (430 g) can refried beans"", ""1 (430 g) can black beans, rinsed and drained"", ""180 ml sour cream"", ""240 ml salsa"", ""1 (115 g) can diced jalapeno peppers"", ""350 ml shredded Colby cheese"", ""60 ml sliced black olives (optional)""]","[""Preheat an oven to 375 degrees F (190 degrees C)."", ""Combine refried beans and black beans in the bottom of baking dish. Top with sour cream, salsa, jalapenos, and cheese. Sprinkle with black olive slices, if desired."", ""Cover dish, and bake in preheated oven for 15 minutes. Uncover, and bake until hot and bubbly, about 15 additional minutes.""]",www.allrecipes.com/recipe/97561/spicy-layered-bean-dip/,Gathered,"[""black beans"", ""sour cream"", ""colby cheese"", ""salsa"", ""black olives"", ""beans"", ""jalapeno peppers""]",www.allrecipes.com
Chicken Pot Pies,"[""1 (280 g) pkg. frozen peas and carrots"", ""120 ml chopped onion"", ""120 ml chopped, fresh mushrooms"", ""60 ml butter or margarine"", ""80 ml all-purpose flour"", ""1/2 tsp. salt"", ""1/4 tsp. ground sage"", ""1/8 tsp. pepper"", ""470 ml water"", ""180 ml milk"", ""1 Tbsp. instant chicken bouillon granules"", ""710 ml cubed, cooked chicken or turkey"", ""60 ml chopped pimiento"", ""60 ml snipped parsley"", ""pastry for double crust pie""]","[""Preheat oven to 450\u00b0."", ""Cook peas and carrots according to package directions; drain.""]",www.cookbooks.com/Recipe-Details.aspx?id=370957,Gathered,"[""pimiento"", ""salt"", ""pepper"", ""instant chicken"", ""pastry"", ""onion"", ""all-purpose"", ""fresh mushrooms"", ""water"", ""ground sage"", ""turkey"", ""parsley"", ""milk"", ""butter"", ""frozen peas""]",www.cookbooks.com
Broccoli-Cheese Casserole,"[""2 (200 to 225 g) boxes broccoli"", ""1 can Cheddar cheese soup"", ""120 ml milk"", ""butter"", ""1 can French fried onions"", ""1/2 pkg. Ritz crackers"", ""1/8 stick margarine""]","[""Cook broccoli according to directions on package."", ""Cook soup and milk on medium heat until smooth. Drain broccoli after cooking and put into 1-quart buttered casserole dish."", ""Pour soup mixture on top. Crumble 1/2 package Ritz crackers and put on top of soup. Dot crackers with 1/8 stick margarine. Bake until golden at 375\u00b0, about 45 minutes."", ""Put 1 can French fried onions on top about 5 minutes before taking out of oven.""]",www.cookbooks.com/Recipe-Details.aspx?id=227763,Gathered,"[""crackers"", ""margarine"", ""onions"", ""broccoli"", ""milk"", ""cheddar cheese soup"", ""butter""]",www.cookbooks.com
Heart Smart Bisquick Pizza Bake,"[""160 ml Bisquick Heart Smart mix"", ""2 egg whites"", ""2 tablespoons water"", ""1 teaspoon garlic salt, divided"", ""1 bell pepper, seeded and diced"", ""1/2 small onion, diced"", ""115 g mushroom, sliced"", ""450 g skinless chicken breast, cooked and diced"", ""1 (430 g) can diced tomatoes, well-drained"", ""1/2 teaspoon italian seasoning"", ""1/4 teaspoon red pepper flakes"", ""120 ml shredded mozzarella cheese"", ""60 ml shredded parmesan cheese""]","[""Preheat oven to 400\u00b0F."", ""Mix together Bisquick mix, egg whites, water, and half of the garlic salt. Spread the batter into a sprayed 8\""x8\"" pan or casserole dish."", ""Cook bell pepper, onion and mushrooms in a pan over medium heat, stirring frequently, until onion is tender."", ""Stir in chicken, tomatoes, seasoning, red pepper flakes and rest of garlic salt, and heat until hot."", ""Spoon chicken and vegetable mixture over the batter in pan, then sprinkle with mozzarella and parmesan."", ""Bake 20-25 minutes, or until golden brown.""]",www.food.com/recipe/heart-smart-bisquick-pizza-bake-487481,Gathered,"[""bisquick heart smart mix"", ""tomatoes"", ""bell pepper"", ""italian seasoning"", ""garlic salt"", ""mozzarella cheese"", ""parmesan cheese"", ""red pepper"", ""onion"", ""water"", ""egg whites"", ""mushroom"", ""chicken""]",www.food.com
Fortune Cookies,"[""1 large egg"", ""2 tsp. oil"", ""60 ml sugar"", ""60 ml cornstarch or flour""]","[""Beat egg slightly."", ""Add sugar until thick and ivory colored. Add 2 teaspoons of water."", ""Gradually add in cornstarch and stir until smooth."", ""Drop teaspoonfuls of batter 4-inches in diameter into frying pan with oil."", ""(Should look like mini pancakes.)"", ""Fry until golden brown."", ""Remove cookie."", ""Place fortune on top of cookie. Fold in half, then bend edges.""]",www.cookbooks.com/Recipe-Details.aspx?id=818527,Gathered,"[""oil"", ""cornstarch"", ""egg"", ""sugar""]",www.cookbooks.com
Italian Sirloin Steak,"[""1 sirloin steak"", ""1 egg, beaten"", ""240 ml milk"", ""Expresso Italian bread crumbs"", ""1 can tomato paste"", ""1/2 can water"", ""120 ml meal"", ""lemon juice"", ""salt and pepper"", ""garlic to taste"", ""oregano to taste""]","[""Cut steak into 2 x 3-inch strips, then slice in half (thin pieces)."", ""Tenderize with meat mallet."", ""Mix egg and milk."", ""Dip steak in batter mix, then roll in bread crumbs."", ""Fry at medium temperature."", ""Mix remaining ingredients for tomato base dressing. Heat."", ""Serve on the side for dipping.""]",www.cookbooks.com/Recipe-Details.aspx?id=645293,Gathered,"[""egg"", ""oregano"", ""tomato paste"", ""lemon juice"", ""expresso italian bread crumbs"", ""water"", ""milk"", ""meal"", ""garlic"", ""salt""]",www.cookbooks.com
Mini Ham Loaves,"[""450 g ground ham"", ""450 g ground pork"", ""470 ml cracker crumbs"", ""240 ml milk"", ""2 eggs, lightly beaten"", ""240 ml brown sugar"", ""240 ml cider vinegar"", ""120 ml water"", ""1 tablespoon dry mustard""]","[""Preheat oven to 350 degrees F (175 degrees C). Grease a 9x13-inch baking dish."", ""Combine ground ham and pork in a bowl; stir in cracker crumbs, milk, and eggs. Shape mixture into 14 small oval loaves. Place loaves into prepared baking dish."", ""Mix brown sugar, cider vinegar, water, and dry mustard in a bowl, stirring until brown sugar has dissolved. Pour mixture over ham loaves."", ""Bake in the preheated oven for 1 hour; flip and bake until juices run clear and an instant-read meat thermometer inserted into the center of a loaf reads 160 degrees F (70 degrees C), about 30 more minutes.""]",www.allrecipes.com/recipe/231524/mini-ham-loaves/,Gathered,"[""ground pork"", ""ground ham"", ""eggs"", ""brown sugar"", ""water"", ""cracker crumbs"", ""milk"", ""cider vinegar"", ""mustard""]",www.allrecipes.com
Sunshine Salad,"[""470 ml shredded lettuce, divided"", ""240-120 ml small chopped tomatoes"", ""1 can Lesueur baby green peas"", ""240 to 470 ml shredded cheese"", ""1 can whole kernel yellow corn"", ""1 thinly sliced avocado or 470 ml guacamole"", ""1 large can chopped black olives"", ""240 ml crushed tortilla chips"", ""240 ml finely chopped or shredded carrots"", ""1 medium red onion, diced""]","[""Layer in a clear, straight-sided bowl (a trifle bowl works well) all ingredients, in any order, with the following exceptions:""]",www.cookbooks.com/Recipe-Details.aspx?id=140964,Gathered,"[""tomatoes"", ""whole kernel yellow corn"", ""shredded lettuce"", ""red onion"", ""shredded cheese"", ""tortilla chips"", ""black olives"", ""carrots"", ""lesueur baby green peas"", ""avocado""]",www.cookbooks.com
Slow Cooker Venison,"[""2 large onions, chopped"", ""2 cloves garlic, chopped"", ""dash of Worcestershire sauce"", ""salt and pepper to taste"", ""450 to 910 g venison, cut up (Back strap is best)"", ""1 large bell pepper"", ""180 ml red wine"", ""dash of garlic salt"", ""225 g bacon""]","[""Fry bacon until crisp."", ""Remove bacon and add onions, bell peppers and garlic to grease; stir until done."", ""Season venison with salt, pepper and garlic salt and rub thoroughly with Worcestershire sauce."", ""Brown meat in pot with onions and bell peppers."", ""After meat is brown, add wine, one cup of water and crumbled bacon."", ""Cook in slow cooker (medium setting) for about 5 hours or until meat is tender."", ""Serve over rice."", ""Great with white beans.""]",www.cookbooks.com/Recipe-Details.aspx?id=960214,Gathered,"[""bacon"", ""bell pepper"", ""red wine"", ""onions"", ""venison"", ""garlic"", ""worcestershire sauce"", ""salt""]",www.cookbooks.com
Chicken Divan(Serves 5 To 6.)  ,"[""4 whole chicken breasts"", ""240 ml water"", ""1 carrot, pared and diced"", ""celery tops"", ""1 tsp. salt"", ""3 peppercorns"", ""4 Tbsp. butter"", ""1 bay leaf"", ""4 Tbsp. flour"", ""240 ml milk"", ""120 ml grated Cheddar cheese"", ""60 ml grated Parmesan"", ""2 (280 g) pkg. broccoli spears, cooked and drained""]","[""Place chicken breasts in large saucepan."", ""Add water, carrot, celery tops, salt, peppercorns and bay leaf."", ""Cover saucepan. Heat to boiling, then simmer 20 minutes or until tender."", ""Remove saucepan from heat."", ""Cool chicken in broth."", ""Remove skin from chicken and cut into thin slices."", ""Strain broth into measuring cup."", ""Add water if necessary to make 1 cup."", ""Melt butter in saucepan."", ""Stir in flour until bubbly."", ""Stir in chicken broth, milk and 1 teaspoon salt."", ""Cook, stirring constantly until mixture thickens and boils 1 minute."", ""To half the sauce mixture, add grated cheese."", ""Lay broccoli spears in shallow broiler-proof dish. Top with chicken slices."", ""Spoon plain sauce over chicken."", ""Top with cheese sauce."", ""Broil about 6 inches from the source of heat for 5 minutes or until top is golden.""]",www.cookbooks.com/Recipe-Details.aspx?id=683380,Gathered,"[""broccoli spears"", ""peppercorns"", ""chicken breasts"", ""bay leaf"", ""milk"", ""cheddar cheese"", ""water"", ""flour"", ""parmesan"", ""celery tops"", ""carrot"", ""butter"", ""salt""]",www.cookbooks.com
Squash Patties,"[""1 egg"", ""1 Tbsp. sugar"", ""1/2 tsp. salt"", ""dash of pepper"", ""2 Tbsp. milk"", ""2 Tbsp. finely chopped onion"", ""240 ml mashed squash, cooked"", ""120 ml self-rising flour""]","[""Beat egg in squash."", ""Add other ingredients."", ""Drop by tablespoon in hot oil."", ""Flatten to 1/4-inch thickness."", ""Cook to golden brown."", ""Turn to brown other side."", ""Makes about 14 patties. Drain on paper towel.""]",www.cookbooks.com/Recipe-Details.aspx?id=584681,Gathered,"[""egg"", ""sugar"", ""pepper"", ""onion"", ""flour"", ""milk"", ""mashed squash"", ""salt""]",www.cookbooks.com
Mexican Lasagna,"[""680 g ground beef"", ""1 large onion, chopped"", ""garlic to taste"", ""oregano to taste"", ""1/2 (340 g) jar salsa (medium or hot, to your taste)"", ""1 small can tomato paste"", ""1 1/2 cans Mexican corn (with peppers)"", ""1 large container cottage cheese"", ""2 eggs"", ""salt to taste"", ""pepper to taste"", ""1 pkg. large flour tortillas"", ""450 g shredded Cheddar cheese""]","[""Brown beef, onions, garlic and oregano in large pot; drain. Add salsa, tomato paste and can of water."", ""Simmer 20 minutes. Drain corn and add to mixture."", ""Cover and simmer 10 to 15 minutes. Turn mixture off and let stand."", ""Mix (with fork) cottage cheese, eggs, salt and pepper in a bowl.""]",www.cookbooks.com/Recipe-Details.aspx?id=53034,Gathered,"[""oregano"", ""corn"", ""tomato paste"", ""pepper"", ""flour tortillas"", ""eggs"", ""cheddar cheese"", ""onion"", ""salsa"", ""cottage cheese"", ""ground beef"", ""garlic"", ""salt""]",www.cookbooks.com
Bread Machine Calzone,"[""300 ml water"", ""2 teaspoons active dry yeast"", ""1 1/2 tablespoons white sugar"", ""710 ml bread flour"", ""1 teaspoon salt"", ""1 teaspoon powdered milk"", ""180 ml sliced Italian sausage"", ""180 ml pizza sauce"", ""300 ml shredded mozzarella cheese"", ""2 tablespoons butter, melted""]","[""To Make Dough: Place water, yeast, sugar, flour, salt and powdered milk in the pan of the bread machine, in the order suggested by the manufacturer. Select Dough cycle. After cycle is completed, roll out dough on a lightly floured surface."", ""Meanwhile, brown sausage for about 8 to 10 minutes in a large skillet over medium heat. Drain excess fat and reserve."", ""Preheat oven to 350 degrees F (175 degrees C)."", ""Shape dough into a 16 inch by 10 inch rectangle. Transfer to a lightly greased cookie sheet, and spoon pizza sauce lengthwise down the center of the dough, followed by the browned sausage and the cheese. Make diagonal cuts 1 1/2 inches apart down each long side of the dough rectangle, cutting to within 1/2 inch of the filling. Criss-cross cut strips of dough over the filling and seal edges with water. Brush top of calzone with melted butter."", ""Bake at 350 degrees F (175 degrees C) for 35 to 45 minutes, or until golden brown. Remove from oven and cool for 5 minutes, then slice and serve.""]",www.allrecipes.com/recipe/18878/bread-machine-calzone/,Gathered,"[""bread flour"", ""pizza sauce"", ""salt"", ""mozzarella cheese"", ""powdered milk"", ""water"", ""white sugar"", ""italian sausage"", ""butter"", ""active dry yeast""]",www.allrecipes.com
Peanut Butter Candy,"[""710 ml sugar"", ""350 ml skim milk"", ""350 to 470 ml peanut butter"", ""dash of salt"", ""1 tsp. vanilla""]","[""Cook sugar, milk and salt to soft ball stage in an iron skillet."", ""Add peanut butter and vanilla."", ""Stir until thick."", ""Pour onto a buttered cookie sheet."", ""Cut into squares.""]",www.cookbooks.com/Recipe-Details.aspx?id=872435,Gathered,"[""sugar"", ""vanilla"", ""peanut butter"", ""milk"", ""salt""]",www.cookbooks.com
Peepin’ Chocolate Bunnies,"[""1 package (16 Count) PEEPS(R) Brand Marshmallow Bunnies, Any Color"", ""225 g Chocolate Melting Wafers, Dark Chocolate Flavor""]","[""In the top of a double boiler, slowly melt chocolate wafers over simmering water. Set aside. (Note: you can also melt chocolate in a microwave oven. Start with one minute on high. Stir. Continue microwaving at 30-second intervals and stirring until melted.)"", ""Remove PEEPS(R) Brand Marshmallow Bunnies from the package. Separate the bunnies."", ""Holding a bunny by the ears, dip into chocolate \""neck\"" high. Swirl and shake to let extra chocolate drip back into the pan. Place on a Silpat- or waxed-paper-lined cookie sheet. Repeat with remaining bunnies. Let chocolate set in a cool, dry place. Do not refrigerate or the sugar will get sticky.""]",tastykitchen.com/recipes/holidays/peepine28099-chocolate-bunnies/,Gathered,"[""marshmallow bunnies"", ""chocolate melting wafers""]",tastykitchen.com
Grilled Portabella Mushrooms,"[""olive oil flavored cooking spray"", ""1 -2 portabella mushroom, cap"", ""1/8 teaspoon salt"", ""1/8 teaspoon coarsley ground black pepper"", ""1/2 teaspoon chopped garlic"", ""1 -2 tablespoon balsamic vinegar""]","[""Preheat grill."", ""Place mushroom gill side up on a plate."", ""Spray lightly with olive oil cooking spray."", ""Sprinkle with salt and pepper."", ""Place garlic in the stem indentation of the mushroom cap."", ""Drizzle balsamic vinegar over mushroom."", ""Grill 4-6 inches over medium coals, gill side up, until the edges of the cap down, and mushroom is very dark in color."", ""The cap should be tender yet firm and slightly pliable when picked up."", ""Remove from heat."", ""Allow cap to cool slightly.""]",www.food.com/recipe/grilled-portabella-mushrooms-53127,Gathered,"[""portabella mushroom"", ""coarsley ground black pepper"", ""balsamic vinegar"", ""garlic"", ""olive oil"", ""salt""]",www.food.com
Shrimp Carrie,"[""450 g medium shrimp, peeled and deveined"", ""8.05 l butter, clarified"", ""1 12 teaspoons salt"", ""14 teaspoon cayenne pepper"", ""12 teaspoon black pepper"", ""1 2.85 l red bell peppers, seeded and diced"", ""2.85 l sugar"", ""2.85 l white vinegar"", ""1 teaspoon Dijon mustard"", ""240 ml olive oil"", ""1 teaspoon salt"", ""14 teaspoon white pepper"", ""2 large sweet potatoes, peeled and julienned"", ""peanut oil, for frying (about 1.9 l)""]","[""To prepare vinaigrette: Place the first four ingredients together in a saucepan; bring to the boil."", ""Reduce to a simmer and cook for five minutes."", ""Remove from heat, place in a non-reactive bowl and let cool."", ""Add Dijon; slowly add in oil, whisking constantly until blended."", ""Add salt and pepper; set to the side."", ""Brush the shrimp with the butter; season with salt, cayenne and black pepper."", ""Grill over medium coals until pink and opaque; set aside to keep warm."", ""For the fries: Preheat oil to 350F in a large pot or fryer."", ""Cook the potatoes until crisp and drain on absorbent paper/paper towels."", ""To serve, place a pile of fries in the center of a warm serving plate."", ""Surround each mound with about 8 or 9 shrimp and drizzle sweet pepper vinaigrette over the shrimp.""]",www.food.com/recipe/shrimp-carrie-397587,Recipes1M,"[""sugar"", ""black pepper"", ""cayenne pepper"", ""red bell peppers"", ""white pepper"", ""white vinegar"", ""peanut oil"", ""sweet potatoes"", ""shrimp"", ""mustard"", ""butter"", ""olive oil"", ""salt""]",www.food.com
Cucumber Soup(Guatemala)  ,"[""1 Tbsp. vegetable oil"", ""450 g cucumbers or small pickling cucumbers (peel if waxed) and chopped"", ""1 medium onion diced"", ""1 medium red bell pepper diced"", ""710 ml chicken broth"", ""ground pepper to taste"", ""dash of salt"", ""60 ml of plain non-fat yogurt"", ""1 Tbsp. of chopped fresh parsley"", ""Rice (optional)""]","[""In a large saucepan, warn the oil over medium heat."", ""Add the cucumbers, onion and red pepper."", ""Cook until the vegetables are tender, about 15 minutes."", ""Stir in the chicken broth and simmer for 10 minutes, stirring occasionally."", ""Remove from heat."", ""In a blender or food processor, puree the soup until very smooth and return it to the sauce pan."", ""Bring to a simmer and season to taste with salt and pepper."", ""You can serve hot with a tablespoon of yogurt and rice.""]",www.cookbooks.com/Recipe-Details.aspx?id=21350,Gathered,"[""ground pepper"", ""non-fat yogurt"", ""fresh parsley"", ""cucumbers"", ""onion"", ""red bell pepper"", ""chicken broth"", ""rice"", ""vegetable oil"", ""salt""]",www.cookbooks.com
Creamy Beef Stroganoff Cassrole,"[""680 g ground chuck"", ""1 large onion, chopped"", ""2 garlic cloves, chopped"", ""1 (225 g) can tomato sauce"", ""240 ml small curd cottage cheese"", ""115 g cream cheese, cut into 1/2 inch cubes"", ""225 g wide egg noodles, cooked and drained"", ""1/2 teaspoon fresh ground black pepper"", ""240 ml shredded cheddar cheese""]","[""Preheat oven to 350 and spray a 2 quart casserole with cooking spray."", ""Saute chuck and onions in large skillet over medium-high heat until the meat is cooked through, about 6-8 minutes."", ""Stir in tomato sauce, cottage cheese and cream cheese and cook another 2-3 minutes until fully combined. It's okay if the cream cheese isn't fully melted -- a few chunks are good!"", ""Add cooked noodles and pepper to the skillet, stir to combine and pour the whole mixture into the prepared casserole. Sprinkle cheddar evenly on top."", ""Bake for about 20-25 minutes until bubbling and a little browned. Cool for about 5 minutes and serve!""]",www.food.com/recipe/creamy-beef-stroganoff-cassrole-478026,Gathered,"[""fresh ground black pepper"", ""cheddar cheese"", ""onion"", ""egg noodles"", ""cream cheese"", ""ground chuck"", ""cottage cheese"", ""garlic"", ""tomato sauce""]",www.food.com
"Crown Roast Of Pork With Apple, Fig And Cherry Stuffing","[""2.7 -3.2 kg center-cut pork loin (16 ribs)"", ""2 tablespoons garlic, minced"", ""2 tablespoons fresh thyme, chopped"", ""2 tablespoons olive oil"", ""salt and pepper"", ""2 granny smith apples"", ""240 ml dried fig"", ""120 ml dried cherries"", ""120 ml almonds, slivered"", ""1 tablespoon butter"", ""240 ml applesauce"", ""120 ml dark brown sugar"", ""240 ml muscat wine, divided"", ""710 ml herb seasoned stuffing mix"", ""2 sprigs fresh rosemary""]","[""Preheat oven 425\u00b0F."", ""Rub the roast all over with garlic, thyme, olive oil, generously salt and pepper to taste. Saute the apples, figs, cherries and almonds in butter, stirring constantly, for about 3 minutes."", ""Remove from heat and stir in applesauce, dark brown sugar, 1/2 cup wine and stuffing mix; spoon into center of roast."", ""Place rosemary sprigs on top of stuffing. Cover stuffing and exposed ends of ribs with aluminum foil."", ""Roast pork for 20 minutes, then reduce heat to 350\u00b0F and continue roasting until the internal temperature of the pork reaches 150\u00b0F, approximately 2 hours."", ""Transfer the pork to a platter and let stand for 15 minutes.""]",www.food.com/recipe/crown-roast-of-pork-with-apple-fig-and-cherry-stuffing-192146,Gathered,"[""dried cherries"", ""dark brown sugar"", ""fresh thyme"", ""muscat wine"", ""applesauce"", ""rosemary"", ""herb seasoned stuffing mix"", ""almonds"", ""butter"", ""garlic"", ""center"", ""granny smith apples"", ""olive oil"", ""salt""]",www.food.com
Saucy Chicken and Asparagus Bake,"[""680 g fresh asparagus spears, trimmed and halved"", ""2 tablespoons vegetable oil"", ""4 boneless chicken breast halves"", ""1/2 teaspoon salt"", ""1/4 teaspoon pepper"", ""One 300 g can cream of chicken soup"", ""120 ml mayonnaise"", ""1 teaspoon fresh lemon juice"", ""240 ml shredded Cheddar cheese""]","[""If the asparagus spears are thick or seem tough, cook them in boiling water for 2 minutes; drain."", ""Place the asparagus in a greased 9 x 9-inch baking dish."", ""Heat the oil in a skillet over medium heat; add the chicken and brown on both sides; season with salt and pepper."", ""Arrange the chicken over the asparagus."", ""In a bowl, mix the soup, mayonnaise, and lemon juice; pour this over the chicken."", ""Cover and bake at 375 degrees for 40 minutes, or until the chicken is tender and its juices run clear."", ""Sprinkle the dish with the cheese and let stand for 5 minutes so the cheese melts.""]",www.epicurious.com/recipes/food/views/saucy-chicken-and-asparagus-bake-385077,Recipes1M,"[""cream of chicken soup"", ""pepper"", ""lemon juice"", ""cheddar cheese"", ""chicken breast halves"", ""mayonnaise"", ""vegetable oil"", ""salt""]",www.epicurious.com
Pumpkin Bread,"[""830 ml sifted flour"", ""2 level tsp. soda"", ""1 tsp. cinnamon"", ""1 tsp. nutmeg"", ""240 ml corn oil"", ""4 eggs"", ""160 ml water"", ""470 ml canned pumpkin"", ""710 ml sugar"", ""240 ml chopped pecans"", ""240 ml raisins"", ""1 tsp. salt""]","[""Sift flour, soda, spices and sugar."", ""Add all other ingredients; mix until smooth."", ""Pour into 3 greased and floured loaf pans."", ""Bake for 1 hour at 350\u00b0.""]",www.cookbooks.com/Recipe-Details.aspx?id=639914,Gathered,"[""sugar"", ""nutmeg"", ""eggs"", ""cinnamon"", ""level tsp"", ""pecans"", ""water"", ""raisins"", ""flour"", ""corn oil"", ""pumpkin"", ""salt""]",www.cookbooks.com
Fried Pies,"[""590 ml plain flour"", ""3/4 tsp. sugar"", ""3/4 tsp. salt"", ""1/2 tsp. baking powder""]","[""Mix into 1/2 cup Crisco shortening with fork or pastry cutter. Add 2/3 cup evaporated milk and 1 beaten egg."", ""Pour to desired consistency."", ""Blend to mixture."", ""Roll out walnut sized balls of dough to make small circles of thin crust."", ""Add filling in middle of each crust, then fold in half and crimp along the edges with fork to seal."", ""Fry the pies in deep hot cooking oil until brown.""]",www.cookbooks.com/Recipe-Details.aspx?id=747355,Gathered,"[""flour"", ""baking powder"", ""sugar"", ""salt""]",www.cookbooks.com
Sloppy Joes,"[""450 g hamburger"", ""1 medium onion"", ""little mango or pepper"", ""salt to taste"", ""sugar"", ""1 tsp. mustard"", ""1/2 bottle catsup""]","[""Brown hamburger with salt and a little sugar."", ""Add onion and mango or pepper."", ""Add a little water and cook until onion and pepper are tender."", ""Add mustard and catsup; simmer for 6 to 8 minutes.""]",www.cookbooks.com/Recipe-Details.aspx?id=329244,Gathered,"[""sugar"", ""onion"", ""mustard"", ""catsup"", ""mango"", ""hamburger"", ""salt""]",www.cookbooks.com
Buttermilk Pound Cake,"[""240 ml (225 g) butter or margarine"", ""710 ml granulated sugar"", ""5 medium eggs"", ""1 tsp. vanilla"", ""710 ml all-purpose flour"", ""240 ml thick buttermilk"", ""2/3 tsp. baking soda""]","[""Cream butter; add sugar gradually."", ""Cream well."", ""Add eggs one at a time, beating well after each addition."", ""Add flavor, if desired."", ""If butter is of good flavor, omit vanilla."", ""Add sifted flour alternately with buttermilk to which soda is added, 1/3 teaspoon to each 1/2 cup."", ""Batter should be smooth."", ""Bake in a 10-inch tube pan which has been greased and floured for 1 hour and 15 minutes at 350\u00b0."", ""Cool for 10 minutes."", ""Remove from pan.""]",www.cookbooks.com/Recipe-Details.aspx?id=425266,Gathered,"[""buttermilk"", ""vanilla"", ""granulated sugar"", ""eggs"", ""baking soda"", ""all-purpose"", ""butter""]",www.cookbooks.com
Pork Chop Supreme,"[""6 pork chops"", ""mustard"", ""salt and pepper"", ""plain flour"", ""1 can cream of mushroom soup""]","[""Spread each side of chop with thin layer of mustard."", ""Salt and pepper to taste."", ""Coat with flour."", ""Fry in hot oil."", ""After browning on both sides, lower skillet to simmer."", ""Mix soup with 1 can of water."", ""Pour over chops and simmer until tender."", ""May be served over rice.""]",www.cookbooks.com/Recipe-Details.aspx?id=756465,Gathered,"[""cream of mushroom soup"", ""flour"", ""pork chops"", ""mustard"", ""salt""]",www.cookbooks.com
Double Cake,"[""240 ml butter"", ""470 ml sugar"", ""710 ml flour"", ""240 ml buttermilk or sweet or sour"", ""4 eggs"", ""1/2 tsp. soda"", ""3/4 tsp. salt"", ""1 tsp. baking powder"", ""1 tsp. vanilla"", ""1 tsp. almond or orange extract""]","[""Combine butter, sugar, flour and buttermilk."", ""Beat two minutes. Add eggs, one at a time."", ""Beat two more minutes."", ""Add soda, salt, baking powder, vanilla and extract."", ""Pour into a greased and floured Bundt pan or two bread pans."", ""Bake at 350\u00b0 for 50 minutes.""]",www.cookbooks.com/Recipe-Details.aspx?id=294782,Gathered,"[""buttermilk"", ""almond"", ""sugar"", ""baking powder"", ""vanilla"", ""eggs"", ""soda"", ""flour"", ""butter"", ""salt""]",www.cookbooks.com
Chili,"[""910 g hamburg"", ""470 ml onion"", ""1 large can red kidney beans"", ""1 small can pinto beans"", ""1 large can tomatoes"", ""1 (225 g) can tomato sauce"", ""2 Tbsp. chili powder"", ""1 tsp. oregano"", ""710 ml celery"", ""1 large green pepper"", ""1 tsp. salt"", ""1/2 tsp. pepper"", ""2 Tbsp. sugar""]","[""Brown hamburg, onion, celery and green pepper for 10 minutes in a large kettle."", ""Add the rest of ingredients and simmer for 2 hours.""]",www.cookbooks.com/Recipe-Details.aspx?id=792552,Gathered,"[""oregano"", ""sugar"", ""tomatoes"", ""salt"", ""pepper"", ""chili powder"", ""onion"", ""red kidney beans"", ""celery"", ""pinto beans"", ""hamburg"", ""green pepper"", ""tomato sauce""]",www.cookbooks.com
Mozzarella And Zucchini Pancakes,"[""Pancakes"", ""950 ml Coarsly grated zucchini, packed"", ""1 small onion, finely chopped"", ""240 ml Mozzarella cheese, cut into small thin pieces (shred size)"", ""120 ml Flour"", ""80 ml Parmasean cheese"", ""2 teaspoons fresh, minced garlic"", ""1 teaspoon seasoning salt (see below)"", ""Fresh ground pepper, to taste"", ""Olive oil for frying"", ""Seasoning Salt Mix"", ""2 tablespoons Black pepper"", ""1 teaspoon onion salt"", ""1 teaspoon Onion powder"", ""1 teaspoon dry majoram"", ""1 tablespoon dried parsley"", ""1 teaspoon paprika"", ""1/2 teaspoon curry powder"", ""1 tablespoon garlic salt"", ""1 teaspoon cumin powder""]","[""Hand squeeze out as much of the moisture in the zucchini - it is very important to remove as much excess water as possible."", ""Place the zucchini in a large bowl."", ""Add in all remaining ingredients except oil."", ""Mix well to combine and add seasoning salt and black pepper to taste."", ""Heat oil in a skillet over medium-high heat."", ""Drop the zucchini mixture by heaping tablespoons into hot oil and fry on both sides until golden brown."", ""Mix together all spices. (Extra seasoning salt can be stores in glass jar).""]",food52.com/recipes/5171-mozzarella-and-zucchini-pancakes,Gathered,"[""ground pepper"", ""black pepper"", ""curry powder"", ""majoram"", ""mozzarella cheese"", ""garlic salt"", ""onion powder"", ""onion"", ""flour"", ""parmasean cheese"", ""cumin powder"", ""olive oil"", ""parsley"", ""onion salt"", ""paprika"", ""garlic"", ""zucchini"", ""salt""]",food52.com
Linguine With Fresh Asparagus,"[""910 g asparagus"", ""3 Tbsp. grainy mustard"", ""3 Tbsp. olive oil"", ""1 onion, chopped"", ""1 clove garlic, minced"", ""pinch of thyme"", ""1 1/2 tsp. anchovy paste"", ""2 Tbsp. minced parsley"", ""450 g linguine"", ""salt and pepper to taste""]","[""Cook asparagus in a small amount of water in saucepan for 3 minutes."", ""Drain; rinse under cold water."", ""Combine mustard, olive oil, onion, garlic, thyme, anchovy paste and parsley in a bowl; mix well."", ""Cook linguine according to package directions."", ""Drain. Combine linguine with dressing and asparagus in a serving bowl. Season with salt and pepper."", ""Serve warm or at room temperature. Serves 4.""]",www.cookbooks.com/Recipe-Details.aspx?id=545988,Gathered,"[""salt"", ""onion"", ""clove garlic"", ""thyme"", ""asparagus"", ""anchovy paste"", ""parsley"", ""linguine"", ""olive oil"", ""grainy mustard""]",www.cookbooks.com
Marbled Cinnamon Marzipan Brownies,"[""BROWNIES"", ""240 ml unsalted butter"", ""115 g unsweetened chocolate, chopped"", ""470 ml sugar"", ""1 teaspoon cinnamon"", ""2 teaspoons vanilla"", ""4 eggs"", ""240 ml all-purpose flour"", ""FILLING"", ""1 (225 g) package almond paste"", ""1/4 teaspoon cinnamon"", ""1 egg""]","[""Heat oven to 350\u00b0F Spray 13x9-inch pan with nonstick cooking spray. Melt butter in medium saucepan over low heat. Add chocolate; cook and stir 1 to 2 minutes or until melted. Remove from heat. Stir in sugar, 1 teaspoon cinnamon and vanilla. Add 4 eggs, one at a time, beating well after each addition. Add flour; mix until smooth. Spread batter evenly in pan."", ""Crumble almond paste into food processor. Process until finely chopped. Add 1/4 teaspoon cinnamon and 1 egg; process until completely smooth. Drop almond mixture by small spoonfuls onto brownie batter. Swirl with knife."", ""Bake 30 to 35 minutes or until toothpick inserted in center comes out almost clean. Cool on wire rack.""]",www.food.com/recipe/marbled-cinnamon-marzipan-brownies-353549,Gathered,"[""egg"", ""sugar"", ""vanilla"", ""eggs"", ""cinnamon"", ""chocolate"", ""flour"", ""brownies"", ""almond paste"", ""filling"", ""unsalted butter""]",www.food.com
Tropical Sweet And Spicy Pork Tenderloin,"[""1 pork tenderloin (450 g), cut into 1-in. cubes"", ""1/4 teaspoon salt"", ""1/4 teaspoon pepper"", ""2 tablespoons olive oil"", ""1 medium onion, chopped"", ""1 medium green pepper, chopped"", ""3 garlic cloves, minced"", ""240 ml chicken stock"", ""1 can (570 g) pineapple tidbits, drained"", ""240 ml honey barbecue sauce"", ""120 ml packed brown sugar"", ""2 finely chopped chipotle peppers plus 2 teaspoons adobo sauce"", ""2 tablespoons reduced-sodium soy sauce"", ""Hot cooked rice""]","[""Sprinkle pork with salt and pepper. In a large skillet, heat oil over medium-high heat. Add pork; cook until browned, 4-6 minutes. Remove."", ""In same skillet, cook onion and pepper until softened, 2-4 minutes. Add garlic; cook 1 minute. Return pork to pan; stir in chicken stock. Cook, covered, until pork is tender, about 5 minutes."", ""Stir in next 5 ingredients; simmer, uncovered, until sauce is thickened, about 5 minutes. Serve with rice.""]",www.tasteofhome.com/recipes/tropical-sweet-and-spicy-pork-tenderloin/,Gathered,"[""pineapple"", ""pepper"", ""soy sauce"", ""brown sugar"", ""peppers"", ""onion"", ""green pepper"", ""rice"", ""barbecue sauce"", ""chicken stock"", ""garlic"", ""pork tenderloin"", ""olive oil"", ""salt""]",www.tasteofhome.com
Prissy'S Guacamole Beef Rolls,"[""18 to 20 thin slices roast beef round tip"", ""60 ml chopped tomato"", ""4 drops Tabasco"", ""1/2 tsp. chili powder"", ""1/8 tsp. coriander"", ""1 Tbsp. grated onion"", ""1/2 tsp. salt"", ""1 Tbsp. lime juice"", ""1 medium avocado, peeled""]","[""Mash avocado."", ""Add lime juice, onion, salt, chili powder, coriander, Tabasco and tomato."", ""Combine thoroughly."", ""Spread on slices of cold roast beef, allowing about 2 teaspoons for each slice."", ""Roll slices; wrap and chill.""]",www.cookbooks.com/Recipe-Details.aspx?id=528094,Gathered,"[""tomato"", ""chili powder"", ""onion"", ""avocado"", ""coriander"", ""lime juice"", ""beef round tip"", ""salt""]",www.cookbooks.com
Shipwreck Stew,"[""450 g ground beef"", ""180 ml chopped onion"", ""60 ml uncooked rice"", ""470 ml chopped potatoes"", ""1 (430 g) can kidney beans"", ""1 (225 g) can tomato paste"", ""1/2 teaspoon Worcestershire sauce"", ""1/4 teaspoon chili powder"", ""1/4 teaspoon pepper"", ""1 teaspoon salt""]","[""Preheat oven to 350 degrees. Brown ground beef with onion in skillet, stirring until crumbly; drain."", ""Layer ground beef mixture, rice, potatoes and beans in lg. casserole."", ""Combine remaining ingredients with 1/2 Cup water in bowl, mixing well. Pour over casserole. Bake covered, at 350\u00b0 for 1 1/2 hours.""]",www.food.com/recipe/shipwreck-stew-302310,Gathered,"[""potatoes"", ""kidney beans"", ""tomato paste"", ""pepper"", ""chili powder"", ""onion"", ""rice"", ""ground beef"", ""worcestershire sauce"", ""salt""]",www.food.com
Raspberry Brunch Topping,"[""340 g seedless raspberry jam"", ""60 ml imperial spread"", ""1 teaspoon sugar""]","[""In small saucepan, melt jam, Imperial(R) Spread and sugar over medium heat, stirring occasionally, until smooth. Keep warm and serve with Orange Spiced French Toast or your favorite pancakes or waffles.""]",www.yummly.com/recipe/Raspberry-brunch-topping-304721,Gathered,"[""raspberry"", ""sugar""]",www.yummly.com
Apple Frangipane Tart,"[""1 9-inch pie crust"", ""4 almond paste"", ""60 ml sugar"", ""60 ml all purpose flour"", ""3 tablespoons butter, at room temperature"", ""2 large eggs"", ""1/2 teaspoon almond extract"", ""60 ml unsweetened applesauce"", ""5 apples, such as granny smith, honey crisp or golden delicious (or a combination of them)"", ""juice of 1/2 lemon"", ""3 tablespoons butter, divided"", ""2 tablespoons sugar, divided"", ""60 ml sliced almonds""]","[""Preheat oven to 375 degrees."", ""Fit the pie dough into a tart pan with a removable bottom. Press the dough into the bottom and sides and trim any excess. Set aside."", ""Add the almond paste and sugar to the bowl of a food processor and pulse until you have the consistency of sand. Add the flour and room temperature butter and process to a thick paste. Add the eggs, almond extract and applesauce and pulse until smooth. Spread filling in crust and chill while you prepare the apples."", ""Working with one apple at a time, peel the apple, cut it into quarters, lengthwise and use a paring knife to remove the core and seeds. Then slice the apple into 1/2\"" slices. Transfer the sliced apple to a large bowl, squeeze the lemon juice over the apples and toss to coat. Continue with the remaining apple slices, tossing to coat with the lemon juice after each addition to prevent browning."", ""In a large skillet melt 2 tablespoons of the butter. Add the apples and 1 tablespoon of the sugar and saute until the apples just begin to soften and become pliable. Remove from heat and let cool for a few minutes."", ""Meanwhile melt the remaining tablespoon of butter and set aside."", ""When apples are cool enough to handle, arrange them in concentric circles, starting with the rim of the tart, working toward the center. As you get closer to the center, use thinner slices of apple to curl into tighter rosettes."", ""Very lightly brush the apples with the remaining melted butter, sprinkle with the remaining tablespoon of sugar and scatter the sliced almonds over the tart."", ""Carefully place the tart pan onto a baking sheet (remember the bottom is removable, so use both hands) Bake for 45-50 minutes until apples and crust are browned. Remove from oven and cool at least 30 minutes. Tart can be prepared up to 8 hours ahead. Serve at room temperature.""]",food52.com/recipes/39179-apple-frangipane-tart,Gathered,"[""almond"", ""sugar"", ""unsweetened applesauce"", ""eggs"", ""crust"", ""flour"", ""apples"", ""almond paste"", ""almonds"", ""lemon"", ""butter""]",food52.com
Pizza Meltaways,"[""1 loaf French bread"", ""1 small can tomato sauce"", ""oregano"", ""240 ml shredded Mozzarella cheese"", ""2 Tbsp. Parmesan cheese""]","[""Cut French bread lengthwise."", ""Spread sauce on bread."", ""Sprinkle cheeses and oregano over top. Bake in a 350\u00b0 oven for 20 minutes. Serves 3 to 4.""]",www.cookbooks.com/Recipe-Details.aspx?id=650239,Gathered,"[""bread"", ""oregano"", ""mozzarella cheese"", ""parmesan cheese"", ""tomato sauce""]",www.cookbooks.com
Christmas Cider,"[""1.9 l apple cider"", ""1 tsp. whole allspice"", ""2 cinnamon sticks"", ""10 whole cloves"", ""60 ml lemon juice"", ""60 ml honey""]","[""Simmer cider 20 minutes."", ""Add other ingredients."", ""Stir good. Simmer until hot and serve.""]",www.cookbooks.com/Recipe-Details.aspx?id=358499,Gathered,"[""apple cider"", ""lemon juice"", ""cloves"", ""whole allspice"", ""cinnamon sticks"", ""honey""]",www.cookbooks.com
Congo Bars,"[""160 ml margarine"", ""590 ml dark brown sugar"", ""590 ml flour"", ""2 1/2 tsp. baking powder"", ""170 g chocolate chip morsels"", ""3 eggs""]","[""Melt margarine; add brown sugar and eggs."", ""Sift flour and baking powder together."", ""Add margarine mixture to flour mixture until well blended."", ""Add chocolate chip morsels."", ""Grease a 13 x 9-inch pan and bake at 350\u00b0 for 25 to 30 minutes.""]",www.cookbooks.com/Recipe-Details.aspx?id=482611,Gathered,"[""chocolate chip morsels"", ""baking powder"", ""brown sugar"", ""eggs"", ""flour"", ""margarine""]",www.cookbooks.com
Roasted Chestnuts,"[""1.35 kg Chestnuts"", ""1 dash Sea Salt""]","[""Preheat oven to 425 F. Wash the chestnuts and, with a sharp knife, make an X cut on each one of them (that will make it easy to cook and prevents the chestnuts from exploding in the oven)."", ""Spread them evenly in a baking sheet with the cut side facing up and sprinkle salt on them."", ""Place in the oven in the middle rack and roast for about 35 minutes, shaking the pan once in a while to rotate them so they cook evenly."", ""Peel the chestnuts as soon as possible (but watch your fingers!)"", ""because after cooling down completely they are difficult to peel."", ""Plus, they taste better warm."", ""Pair them with your favorite red wine."", ""Enjoy!""]",tastykitchen.com/recipes/appetizers-and-snacks/roasted-chestnuts/,Recipes1M,"[""chestnuts"", ""salt""]",tastykitchen.com
A Better For Me Drink,"[""1 can any frozen pure juice"", ""3 cans soda water or sparkling mineral water""]","[""Mix together and serve over ice with a cherry.""]",www.cookbooks.com/Recipe-Details.aspx?id=745687,Gathered,"[""soda water""]",www.cookbooks.com
Maida Heatter'S Walnut Meringues (Passover),"[""2 egg whites"", ""1 pinch salt"", ""120 ml sugar"", ""1/2 teaspoon vanilla extract"", ""1 teaspoon lemon juice or 1/2 teaspoon cider vinegar"", ""170 g semisweet chocolate, melted over a double boiler and slightly cooled"", ""240 ml coarsely chopped walnuts""]","[""Position oven racks in the upper and lower thirds of the oven and preheat the oven to 350 degrees. Line two large baking sheets with parchment paper."", ""Using the small bowl of a stand mixer on medium-high speed, beat the egg whites with the salt until they form soft peaks. Reduce speed to medium-low and add the sugar by the teaspoonful, blending well after each addition. When about half of the sugar has been incorporated, add the vanilla extract and lemon juice or cider vinegar, then add the rest of the sugar. Increase speed to high just until the mixture forms stiff peaks. Remove the bowl from the mixer. Add the melted chocolate, folding it in with a spatula as lightly as possible and leaving streaks of white in the batter. Gently fold in the walnuts."", ""Drop rounded teaspoonfuls of the batter onto the prepared baking sheets, about 11/2 inches apart. Bake for 10 minutes."", ""Use your fingers to lift the cookies off the parchment and carefully turn them on their sides to cool completely. Store in an airtight container for up to 3 days.""]",www.food.com/recipe/maida-heatters-walnut-meringues-passover-362577,Gathered,"[""sugar"", ""vanilla extract"", ""lemon juice"", ""chocolate"", ""egg whites"", ""walnuts"", ""salt""]",www.food.com
Filet De Boeuf Roti(Roast Filet Of Beef)  ,"[""filet of beef"", ""butter"", ""pepper to taste""]","[""Rub a trimmed filet of beef with butter and with pepper to taste."", ""Roast it in a moderately hot oven (375\u00b0) for 25 to 35 minutes, depending on the size of the filet."", ""Baste frequently with hot beef stock for the first 15 minutes, then with the juices from the pan for the remaining roasting time, being careful not to let juices burn."", ""(Medium is 160\u00b0 on meat thermometer.)""]",www.cookbooks.com/Recipe-Details.aspx?id=142888,Gathered,"[""filet of beef"", ""butter"", ""pepper""]",www.cookbooks.com
"Popeye'S Favorite Muscle Booster  Sandwich-Spinach, Chicken","[""450 g boneless skinless chicken breast, pounded to 1/4 inch thickness (separated into four 115 g portions)"", ""1 egg, beaten"", ""2 tablespoons water"", ""180 ml breadcrumbs (Panko are best)"", ""salt and pepper, for seasoning breadcrumbs"", ""2 tablespoons vegetable oil"", ""2 garlic cloves, smashed"", ""28 g fresh spinach, washed, spin dried, stems removed and chopped or (300 g) box frozen spinach, defrosted and squeezed as dry as you can"", ""2 tablespoons lemon juice"", ""1/4 teaspoon nutmeg"", ""2 -4 large portabella mushrooms, cleaned and sliced"", ""4 slices sweet onions (optional)"", ""4 slices tomatoes (optional)"", ""4 slices cheese (optional)"", ""1 focaccia bread (approx 12 inches) or 2 small focaccia bread""]","[""Beat the egg with the water."", ""Dip prepared chicken breast in the egg then in the seasoned bread crumbs."", ""Add 1 tbsp of oil to a large skillet, medium heat, pan fry the chicken for apprx 5 minutes each side or until golden."", ""Add mushrooms for the last 5 minutes."", ""Stir fry them so they get well browned on both sides."", ""Meanwhile put 1 tbsp oil in another skillet over medium heat add garlic, saute 1 minute, add fresh spinach for 1-2 minutes or until it wilts or if using frozen heat it through."", ""Add lemon and nutmeg."", ""Keep spinach warm."", ""Cut the Focaccia bread through the middle and toast the inside - Butter it if you wish."", ""Place chicken on the bottom half, top with spinach and mushrooms - add any other condiments like sweet onion, tomato and cheese."", ""If you are using cheese melt it a bit on the chicken before removing it from the pan."", ""Put on the top half of the bread."", ""Cut into 2 or 4 pieces.""]",www.food.com/recipe/popeyes-favorite-muscle-booster-sandwich-spinach-chicken-116452,Gathered,"[""bread"", ""egg"", ""tomatoes"", ""lemon juice"", ""fresh spinach"", ""nutmeg"", ""sweet onions"", ""water"", ""breadcrumbs"", ""vegetable oil"", ""cheese"", ""garlic"", ""chicken"", ""salt""]",www.food.com
Jicama Hashbrowns,"[""710 ml jicama, grated"", ""1 limes or 2 tablespoons pickled jalapenos liquid"", ""1 teaspoon salt"", ""1 egg, lightly beaten"", ""2 tablespoons all-purpose flour"", ""2 teaspoons new mexico chile powder (or ancho chile powder)"", ""1 tablespoon onion, minced"", ""2 garlic cloves, minced"", ""vegetable oil"", ""salsa (optional)""]","[""Put grated jicama in large colander, toss with lime juice and salt."", ""Let jicama drain for 20 minutes, squeezing once or twice with fingers to remove moisture. After 20 minutes, squeeze all the jicama again, then put on a clean dishtowel and roll up, squeeze towel to remove any remaining moisture."", ""Put jicama in a bowl and mix egg, flour, chile, onion and garlic. Form jicama fixture into 8 to 10 patties, about 3 inches in diameter."", ""Warm 1/4 inch of oil in a heavy skillet over medium heat. fry patties in batches, cooking until they are brown and crisp and the inside should be soft and creamy."", ""Serve immediately, and with salsa.""]",www.food.com/recipe/jicama-hashbrowns-482429,Gathered,"[""egg"", ""onion"", ""jicama"", ""salsa"", ""flour"", ""garlic"", ""vegetable oil"", ""chile powder"", ""salt""]",www.food.com
Sweet Potato Roll,"[""3 eggs"", ""240 ml sugar"", ""180 ml cooked sweet potatoes"", ""1 tsp. lemon juice"", ""180 ml self-rising flour"", ""2 tsp. cinnamon"", ""1 tsp. ginger"", ""1/2 tsp. nutmeg"", ""240 ml fine chopped nuts"", ""240 ml powdered sugar"", ""4 Tbsp. butter"", ""1/2 tsp. vanilla""]","[""Beat 3 eggs on high speed for 5 minutes."", ""Gradually add sugar; stir in sweet potatoes and lemon juice."", ""In another bowl stir flour, cinnamon, ginger and nutmeg."", ""Fold into sweet potato mixture."", ""Spread into well greased jelly roll pan (15 x 10 x 1-inch)."", ""Top with chopped nuts."", ""Bake at 350\u00b0 for 15 minutes. Turn out on double paper sprinkled with powdered sugar."", ""Roll towel and cake together and let cool."", ""Unroll cake and spread with filling.""]",www.cookbooks.com/Recipe-Details.aspx?id=231887,Gathered,"[""potatoes"", ""sugar"", ""vanilla"", ""ginger"", ""lemon juice"", ""nutmeg"", ""eggs"", ""cinnamon"", ""powdered sugar"", ""flour"", ""nuts"", ""butter""]",www.cookbooks.com
Simple And Scrumptious Banana Bread,"[""4 eggs"", ""60 ml applesauce (veggie or coconut oil can be substituted)"", ""60 ml coconut oil (veggie oil can be substituted)"", ""120 ml white sugar"", ""120 ml brown sugar (white sugar can be substituted)"", ""4 -6 overripe bananas, mashed (as in BLACK they're so ripe)"", ""2 teaspoons vanilla"", ""470 ml white whole wheat flour (all-purpose works as well)"", ""2 teaspoons baking soda"", ""1 teaspoon salt""]","[""1. Mash bananas."", ""2. Mix sugar and all wet ingredients in to the bananas; coconut oil may need to be heated slightly to get it to liquid state before mixing."", ""3. Mix the flour, soda, and salt in with the wet mixture, just until combined."", ""4. Pour into greased loaf or cupcake pans (or use liners) and bake at 350 degrees for one hour (loaves) or 25 minutes (cupcakes). Check for doneness and adjust cooking times as necessary; everyone's oven is a bit different."", ""This bread is even better with any of these added: a bit of cinnamon, semisweet chocolate chips, pecans or walnuts, or cream cheese frosting.""]",www.food.com/recipe/simple-and-scrumptious-banana-bread-499209,Gathered,"[""vanilla"", ""eggs"", ""brown sugar"", ""whole wheat flour"", ""baking soda"", ""veggie"", ""coconut oil"", ""white sugar"", ""overripe bananas"", ""salt""]",www.food.com
Toffee Bars,"[""240 ml butter or margarine"", ""240 ml brown sugar"", ""1 egg yolk"", ""1 tsp. vanilla"", ""1/4 tsp. salt"", ""470 ml flour"", ""240 ml chocolate chips"", ""60 ml chopped nuts""]","[""Cream first 5 ingredients together carefully."", ""Stir in flour. Pat mixture, which may be crumbly, into a greased large cookie pan."", ""Bake at 350\u00b0 for 15 to 20 minutes."", ""(Dough will appear soft, but will be done.)"", ""While hot, sprinkle chocolate chips on top and spread over as they melt."", ""Sprinkle with chopped nuts (if desired)."", ""Cut into bars or squares when cooled.""]",www.cookbooks.com/Recipe-Details.aspx?id=748893,Gathered,"[""vanilla"", ""egg yolk"", ""brown sugar"", ""flour"", ""nuts"", ""chocolate chips"", ""butter"", ""salt""]",www.cookbooks.com
Hawaiian Chicken,"[""180 ml unsweetened pineapple juice"", ""80 ml catsup"", ""60 ml firmly packed brown sugar"", ""60 ml margarine"", ""60 ml vinegar"", ""2 Tbsp. cornstarch"", ""1 tsp. salt"", ""1 tsp. chili powder"", ""1 tsp. soy sauce"", ""1/2 tsp. Worcestershire sauce"", ""1.15 to 1.35 kg chicken, skinned""]","[""Combine first 10 ingredients in a small saucepan."", ""Bring to a boil; cool 1 minute, stirring constantly.""]",www.cookbooks.com/Recipe-Details.aspx?id=445959,Gathered,"[""vinegar"", ""soy sauce"", ""brown sugar"", ""chili powder"", ""catsup"", ""pineapple juice"", ""cornstarch"", ""margarine"", ""chicken"", ""worcestershire sauce"", ""salt""]",www.cookbooks.com
Gluten-Free Bread In A Bread Machine,"[""350 ml warm water"", ""2 eggs"", ""1 1/2 tablespoons vegetable oil"", ""1 teaspoon cider vinegar"", ""590 ml gluten-free all-purpose baking flour"", ""2 teaspoons xanthan gum"", ""1 teaspoon salt"", ""1 tablespoon white sugar"", ""1 tablespoon active dry yeast""]","[""Place water, eggs, oil, vinegar, flour, xanthan gum, salt, sugar, and yeast, in that order, in a bread machine. Run Basic cycle and select Light or Medium for the crust."", ""Remove when cycle ends. Cool completely before slicing.""]",www.allrecipes.com/recipe/259762/gluten-free-bread-in-a-bread-machine/,Gathered,"[""xanthan gum"", ""active dry yeast"", ""eggs"", ""water"", ""flour"", ""white sugar"", ""cider vinegar"", ""vegetable oil"", ""salt""]",www.allrecipes.com
Golden Pound Cake,"[""120 ml Butter, Softened"", ""120 ml Shortening"", ""710 ml Sugar"", ""5 whole Eggs"", ""470-180 ml Flour"", ""1/2 teaspoons Baking Powder"", ""1/2 teaspoons Salt"", ""240 ml Milk (whole Is Best)"", ""1 teaspoon Vanilla"", ""1/2 teaspoons Almond Extract""]","[""Cream together the butter, shortening, and sugar. Add eggs 1 at a time to the sugar mixture, mixing well after each egg. Add the dry ingredients, alternating with the milk and flavorings to the sugar mixture. Pour into a 12-cup greased and floured bundt pan. Bake at 325\u00b0F for 1 hour and 15 minutes. Let cool in the pan for 10 minutes then finish cooling on a cooling rack. Sprinkle with powdered sugar and serve with strawberries and cream.""]",tastykitchen.com/recipes/desserts/golden-pound-cake-2/,Gathered,"[""sugar"", ""baking powder"", ""vanilla"", ""shortening"", ""eggs"", ""flour"", ""milk"", ""almond extract"", ""butter"", ""salt""]",tastykitchen.com
Strawberry Cake,"[""1 pkg. (450 g 85 g) white cake mix"", ""2 Tbsp. flour"", ""1 box strawberry jello"", ""120 ml juice drained from strawberries"", ""120 ml water"", ""240 ml Mazola oil"", ""4 whole eggs""]","[""Mix well."", ""Bake"", ""in"", ""13"", ""x 9 x 2-inch pan at 250\u00b0 for 1 hour. Serve with following icing.""]",www.cookbooks.com/Recipe-Details.aspx?id=528477,Gathered,"[""oil"", ""eggs"", ""white cake"", ""water"", ""flour"", ""strawberry jello"", ""from strawberries""]",www.cookbooks.com
Microwave Fudge,"[""450 g confectioners sugar"", ""160 ml cocoa"", ""1/4 tsp. salt"", ""2 tsp. vanilla"", ""120 ml butter"", ""60 ml milk"", ""120 ml pistachio nuts""]","[""In a microwave-safe dish, combine sugar, cocoa, salt, milk and vanilla."", ""Add margarine to center of dish."", ""Microwave on High until melted."", ""Stir to blend."", ""Add nuts."", ""Chill and cut into squares.""]",www.cookbooks.com/Recipe-Details.aspx?id=476136,Gathered,"[""vanilla"", ""cocoa"", ""pistachio nuts"", ""confectioners sugar"", ""milk"", ""butter"", ""salt""]",www.cookbooks.com
Monkey Bread,"[""4 cans biscuits"", ""240 ml sugar"", ""1 1/2 Tbsp. cinnamon"", ""240 ml brown sugar"", ""240 ml pecans"", ""2 sticks margarine""]","[""Spray a tube pan lightly with Pam."", ""Cut each biscuit in quarters."", ""Place pieces in a covered bowl."", ""Shake pieces well in sugar and cinnamon."", ""Place 1 cup chopped pecans in bottom of pan. Arrange biscuit pieces on top, placing them in brick fashion."", ""Melt margarine and brown sugar and pour over the top."", ""Bake at 350\u00b0 for 30 minutes."", ""Remove from pan and glaze.""]",www.cookbooks.com/Recipe-Details.aspx?id=830031,Gathered,"[""sugar"", ""biscuits"", ""brown sugar"", ""cinnamon"", ""pecans"", ""margarine""]",www.cookbooks.com
Shrimp And Broccoli Stir Fry Spicy,"[""1 head broccoli, chopped into florets"", ""450 g medium shrimp (fresh or frozen )"", ""4 tablespoons rice wine vinegar"", ""6 tablespoons soy sauce"", ""240 ml chicken broth"", ""1 tablespoon garlic, minced"", ""1 1/2 teaspoons ground ginger"", ""1 teaspoon red pepper flakes, you may omit if necessary (for heat)"", ""1 tablespoon cornstarch, for thickening""]","[""In a large sauce pan."", ""add the vinegar, garlic, red pepper flakes, broth, soy sauce, and ginger. Bring to a slight boil."", ""Add shrimp and fresh or frozen but thawed broccoli florets."", ""Take some of the excess sauce and pour into a bowl (about 3 tbsp sauce and add 1 tbsp cornstarch). Whisk and return to pan. Bring to full boil and stir constantly."", ""As soon as thickening begins, remove from heat and serve over white rice. You may also use one of them premade Asian vegetable medleys in this recipe and pour sauce over it."", ""Can be used for beef, chicken or pork as well.""]",www.food.com/recipe/shrimp-and-broccoli-stir-fry-spicy-337841,Gathered,"[""soy sauce"", ""red pepper"", ""cornstarch"", ""chicken broth"", ""rice wine vinegar"", ""broccoli"", ""ground ginger"", ""shrimp"", ""garlic""]",www.food.com
Captains Chicken Casserole,"[""2 fryers, cut in pieces"", ""salt and pepper"", ""225 g butter"", ""1 large onion, thinly sliced"", ""1 green pepper, thinly sliced"", ""2 cans (450 g 340 g each) tomatoes, undrained and chopped"", ""1/2 tsp. garlic powder"", ""1 tsp. salt"", ""1/2 tsp. pepper"", ""1 Tbsp. chopped parsley"", ""1/2 tsp. thyme"", ""1/2 tsp. oregano"", ""1 heaping Tbsp. curry powder""]","[""Sprinkle chicken with salt and pepper and fry quickly in butter or olive oil with a little butter, until golden brown. Remove from pan."", ""Add onions and peppers to remaining butter and fry until glossy."", ""Mix remaining ingredients into undrained tomatoes."", ""Add this to onion mixture."", ""Cook slowly 5 minutes. Arrange chicken in a 3-quart baking dish, pour the sauce over it and refrigerate or freeze until needed."", ""Bake at 350\u00b0 covered for 1 to 1 1/4 hours."", ""Serve with wild rice or brown rice."", ""Serves 8.""]",www.cookbooks.com/Recipe-Details.aspx?id=749476,Gathered,"[""oregano"", ""tomatoes"", ""pepper"", ""curry powder"", ""onion"", ""fryers"", ""garlic powder"", ""thyme"", ""parsley"", ""butter"", ""green pepper"", ""salt""]",www.cookbooks.com
Spinach Salad,"[""950 ml torn fresh spinach"", ""4 boiled eggs, chopped"", ""4 slices bacon, cooked"", ""120 ml mayonnaise"", ""60 ml Ranch style dressing"", ""3 green onions, diced"", ""grated cheese""]","[""Combine spinach, eggs, crumbled bacon, cheese and onions in large bowl."", ""Combine mayonnaise and dressing; mix well."", ""Serve over spinach.""]",www.cookbooks.com/Recipe-Details.aspx?id=970671,Gathered,"[""bacon"", ""fresh spinach"", ""green onions"", ""eggs"", ""mayonnaise"", ""grated cheese"", ""ranch style dressing""]",www.cookbooks.com
Bbq Shrimp On Pineapple Planks,"[""450 g shrimp (large or jumbo)"", ""1 medium ripe fresh pineapple, crown removed and peeled"", ""3 tablespoons butter, melted, divided"", ""60 ml barbecue sauce, your preference"", ""1 -2 tablespoon chipotle chile in adobo, canned, chopped"", ""2 garlic cloves, minced"", ""1/4 teaspoon salt"", ""120 ml cucumber, seeded, chopped"", ""120 ml jicama, peeled, chopped"", ""1 tablespoon lime juice (preferably fresh) or 1 tablespoon lemon juice (preferably fresh)"", ""120 ml fresh cilantro, chopped""]","[""Soak 8 6-8 inch wooden skewers in enough water to cover for 30 minutes."", ""This will prevent your skewers from burning, however, if you have them metal skewers may also be used."", ""Also, defrost shrimp, if needed."", ""Cut pineapple lengthwise into 1/2\"" thick slices."", ""Chop some of the pineapple until it measures 1/2 cup and set aside for relish."", ""Halve each pineapple slice crosswise to equal 8 pineapple planks."", ""Use 1 tbs of your melted butter and brush the planks on both sides, then set aside."", ""Peel and devein shrimp, if needed."", ""(You may want to save the shells for recipe#61197\""Shrimp Stock\"" if desired.) In a medium bowl mix barbecue sauce, chipotles, garlic and the remaining 2 Tbsp of melted butter."", ""Stir in shrimp."", ""Cover and let sit at room temperature, stirring occasionally."", ""Remove shrimp, discard marinade."", ""Thread 1 jumbo or 3 large on each skewer, set aside."", ""For relish: combine reserved 1/2 cup chopped pineapple, the chopped cucumber, chopped jicama, lime/lemon juice and 1/4 tsp salt."", ""Cover and set aside until serving time."", ""Grill shrimp kabobs and pineapple planks on the rack of an uncovered grill directly over medium coals."", ""Grill until shrimp are opaque and pineapple is heated through, turning once through grilling time."", ""Allow 10-12 min for jumbo shrink, 6-10 minutes for large shrimp and 6-8 minutes for pineapple planks."", ""If desired, brush each kabob with additional barbecue sauce during last 1 minute of grilling."", ""Alternately, cook under a hot broiler on a rack."", ""To serve, stir chopped cilantro into relish."", ""Place pineapple planks onto serving platter."", ""Spoon some of the relish over the planks and then top each with a shrimp skewer.""]",www.food.com/recipe/bbq-shrimp-on-pineapple-planks-73028,Gathered,"[""chipotle chile"", ""jicama"", ""barbecue sauce"", ""lime juice"", ""cucumber"", ""fresh cilantro"", ""shrimp"", ""garlic"", ""butter"", ""pineapple"", ""salt""]",www.food.com
Rhubarb Salad,"[""470 ml Rhubarb (chopped)"", ""470 ml Water"", ""2 small or 1 large box Strawberry Jello"", ""240 ml Sugar"", ""1 (570 g) can Crushed Pineapple""]","[""Cook rhubarb in water until tender."", ""Add dry jello and sugar. When dissolved add crushed pineapple and chill until firm.""]",www.cookbooks.com/Recipe-Details.aspx?id=67382,Gathered,"[""sugar"", ""water"", ""rhubarb"", ""pineapple"", ""strawberry jello""]",www.cookbooks.com
"Grill Basket ""Stir-Fry"" Vegetables ","[""2 zucchini, halved lengthwise and sliced into 1/4- to 1/2-inch-thick half-moons"", ""1 fennel bulb, trimmed and cut into thin 1/2-inch wedges"", ""225 g cremini mushrooms, cut in half, or quartered if large"", ""450 g asparagus, trimmed and cut into 2-inch pieces"", ""extra-virgin olive oil"", ""salt and pepper"", ""chopped herbs""]","[""1. In a large bowl, combine"", ""and"", ""Drizzle over enough"", ""to coat the vegetables, tossing. Sprinkle with"", ""and any"", ""you choose."", ""2. Place the veggies in a grill basket and cook on the hot grill for 15 to 20 minutes, tossing and flipping the basket occasionally, until they're tender and slightly charred at the edges.""]",www.epicurious.com/recipes/food/views/grill-basket-stir-fry-vegetables-51180410,Gathered,"[""extra-virgin olive oil"", ""cremini mushrooms"", ""herbs"", ""fennel bulb"", ""zucchini"", ""salt""]",www.epicurious.com
Cookies And Cream Cupcakes,"[""Chocolate Cake:"", ""240 ml Dutch process cocoa"", ""470 ml boiling water"", ""240 ml butter, softened"", ""470 ml superfine sugar"", ""4 large eggs"", ""650 ml all-purpose soft-wheat flour"", ""1 teaspoon baking soda"", ""1 teaspoon baking powder"", ""1/2 teaspoon salt"", ""1 teaspoon chocolate extract"", ""Paper baking cups"", ""Vegetable cooking spray"", ""Cookies and Cream Frosting:"", ""120 ml butter, softened"", ""1 (450 g) package powdered sugar"", ""80 ml whipping cream"", ""1/8 teaspoon salt"", ""2 teaspoons clear vanilla extract"", ""15 cream-filled miniature chocolate sandwich cookies, finely crushed"", ""24 cream-filled miniature chocolate sandwich cookies (whole or coarsely crushed)""]","[""Preheat oven to 350 degrees. Combine cocoa and 2 cups boiling water in a large heatproof bowl, stirring until blended and smooth; cool completely. Beat butter with a mixer until creamy; gradually add sugar, beating until blended. Add eggs, 1 at a time, beating until blended after each addition. Combine flour and next 3 ingredients; add to butter mixture alternately with cocoa mixture, beginning and ending with flour mixture. Beat at low speed just until blended after each addition. Stir in chocolate extract."", ""Place paper baking cups in 2 (12-cup) muffin pans, and coat with cooking spray; spoon batter into cups, filling two-thirds full. Bake for 12 to 15 minutes. Cool in pans on wire racks 10 minutes; remove from pans, and cool completely."", ""To prepare frosting, beat butter at medium speed with an electric mixer until creamy. Gradually add powdered sugar, alternately with cream, beating at low speed until blended. Add salt and vanilla, beating until blended. Stir in crushed cookies until combined. Beat at high speed 2 minutes or until creamy. Makes 4 cups."", ""Fill each cupcake with Cookies and Cream Frosting. To fill cupcakes, insert the end of a wooden spoon or dowel into the center of the cupcake to make a hole. Fill a zip-top plastic freezer bag with filling or frosting. Use scissors or kitchen shears to snip about 1/4 inch from one corner of the bag; insert bag into the hole in the cupcake. Squeeze gently until filling comes to the top of each cupcake."", ""Frost each cupcake with Cookies and Cream Frosting using metal tip no. Top each with 1 sandwich cookie or, if desired, crushed cookie pieces.""]",www.myrecipes.com/recipe/cookies-cream-cupcakes-0,Gathered,"[""clear vanilla"", ""sugar"", ""baking powder"", ""vegetable cooking spray"", ""eggs"", ""baking soda"", ""cookies"", ""powdered sugar"", ""chocolate"", ""whipping cream"", ""dutch"", ""baking cups"", ""cream"", ""all-purpose soft-wheat flour"", ""boiling water"", ""butter"", ""salt""]",www.myrecipes.com
The Blue Fin,"[""28 g hpnotiq liqueur"", ""28 g Absolut citron vodka"", ""85 g white cranberry juice""]","[""Shake well with ice."", ""Strain into an ice-filled old-fashioned glass."", ""Garnish with a twist of lemon.""]",www.food.com/recipe/the-blue-fin-287304,Recipes1M,"[""hpnotiq liqueur"", ""vodka"", ""cranberry juice""]",www.food.com
Mile-High Chocolate Pie ,"[""1 pie crust, homemade or store-bought"", ""4 large egg whites"", ""180 ml plus 3 Tbsp. sugar"", ""280 g semisweet or bittersweet chocolate (do not exceed 71% cacao), chopped, plus more shaved with a vegetable peeler for garnish"", ""3 tablespoons unsalted butter"", ""950 ml heavy cream, divided"", ""240 ml coarsely crushed chocolate wafer cookies (such as Nabisco Famous Chocolate Wafers), divided"", ""120 ml crA me fraA(R)che"", ""1/8 teaspoon kosher salt""]","[""Preheat oven to 350A\u00b0. Line pie dish with crust; crimp edges decoratively. Fully bake pie crust according to instructions in recipe or on box. Let cool completely."", ""Whisk egg whites and sugar in a medium heatproof bowl set over a medium saucepan of simmering water until sugar dissolves and egg whites are warm but not hot, 3a4 minutes. Remove from heat. Using an electric mixer, beat on medium-high speed until cool, tripled in volume, and stiff peaks form (the tips of the peaks won't fall over when beaters are lifted from bowl and turned upright), about 6 minutes."", ""Stir chopped chocolate and butter in a large bowl set over same saucepan of simmering water until melted and smooth, 4a5 minutes; set aside."", ""Beat 2 cups cream in another medium bowl until medium peaks form (cream should be soft and pillowy), 5-6 minutes."", ""Gently fold egg whites into warm chocolate mixture until fully incorporated (work quickly to prevent chocolate from turning gritty). Gently fold in whipped cream just until no white streaks remain; do not overmix or mixture will deflate. Spoon A1/2 cup chocolate mousse into bottom of prepared pie crust; spread evenly over bottom of crust. Sprinkle 3/4 cup plus 2 Tbsp. crushed chocolate wafers over mousse. Top with remaining mousse, mounding in the center to create a dome. (The point is to add height, not to spread out evenly to edges.) Chill pie."", ""Beat remaining 2 cups cream, crA me fraA(R)che, and salt until medium-stiff peaks form (when the beaters are lifted from the cream, the peaks will hold their shape but the tips will fall over). Top chocolate mousse with whipped-cream mixture, following the same rounded dome shape. Chill pie for at least 4 hours or, covered, for up to 3 days. (It will slice best if chilled overnight, allowing mousse to set properly.)"", ""Garnish pie with 2 Tbsp. chocolate wafers and chocolate shavings. Slice pie using a clean, dry knife; wipe between slices to ensure clean, elegant pieces.""]",www.epicurious.com/recipes/member/views/mile-high-chocolate-pie-58393274,Gathered,"[""sugar"", ""bittersweet chocolate"", ""che"", ""heavy cream"", ""egg whites"", ""pie crust"", ""chocolate wafer cookies"", ""kosher salt"", ""unsalted butter""]",www.epicurious.com
Chicken Pillows,"[""85 g cream cheese"", ""85 g cream cheese with chives"", ""80 ml butter, softened"", ""160 ml butter, melted"", ""1/8 teaspoon pepper"", ""470 ml cooked chicken"", ""1/2 tablespoon chopped onion"", ""2 (225 g) cans refrigerated crescent dinner rolls"", ""120 ml chopped walnuts"", ""160 ml seasoned stuffing mix, crushed"", ""1 (300 g) can turkey gravy or (300 g) can cream of chicken soup""]","[""Mix cream cheese, softened butter and pepper."", ""Fold in chicken and onion."", ""Unroll crescent rolls, put 1/4 cup mixture in each roll."", ""Fold up, pinching edges."", ""Dip rolls in 2/3 c melted butter."", ""Mix chopped walnuts and stuffing mix."", ""Roll rolls in nut/stuffing topping."", ""Bake 30 min at 350 or until golden."", ""Top with gravy or cream of chicken soup mixed with 1/2 can water.""]",www.food.com/recipe/chicken-pillows-511212,Gathered,"[""rolls"", ""stuffing mix"", ""pepper"", ""turkey gravy"", ""onion"", ""cream cheese"", ""walnuts"", ""butter"", ""chicken""]",www.food.com
Tuna Fish Salad,"[""2 cans (170 to 200 g) tuna, drained and flaked"", ""120 ml coarsely diced celery"", ""4 hard-cooked eggs, sliced"", ""80 ml sliced stuffed green olives"", ""1/2 or 1 tsp. Accent"", ""1 or 2 Tbsp. lemon juice"", ""2 tsp. grated onion"", ""120 ml mayonnaise"", ""salt to taste""]","[""Mix all ingredients."", ""Chill."", ""Serve on lettuce or as a sandwich spread.""]",www.cookbooks.com/Recipe-Details.aspx?id=659009,Gathered,"[""green olives"", ""lemon juice"", ""accent"", ""tuna"", ""eggs"", ""onion"", ""celery"", ""mayonnaise"", ""salt""]",www.cookbooks.com
Eggplant Appetizer,"[""1 large eggplant"", ""1 medium onion"", ""1 garlic clove, crushed in a garlic press"", ""1 tsp. chopped parsley"", ""1/2 tsp. freshly dried mint"", ""120 ml olive oil"", ""1 Tbsp. wine vinegar or more to taste"", ""juice of 1 large lemon"", ""salt and pepper to taste""]","[""To prepare eggplant, place in a baking pan and prick top in 4 or 5 places with a fork."", ""Bake at 350\u00b0 for about 45 minutes, or until skin is wrinkled and the surface is soft."", ""Cool eggplant slightly and cut in half."", ""Scoop out the flesh and place in a blender."", ""Add onion, garlic, parsley and mint; blend until well mixed."", ""Combine olive oil, vinegar and lemon juice; add to thin eggplant mixture and blend well."", ""Season with salt and pepper. Chill served with toasted French or pita bread.""]",www.cookbooks.com/Recipe-Details.aspx?id=949340,Gathered,"[""freshly dried mint"", ""wine vinegar"", ""onion"", ""lemon"", ""eggplant"", ""parsley"", ""garlic"", ""olive oil"", ""salt""]",www.cookbooks.com
Pumpkin Dream Dessert,"[""470 ml flour"", ""240 ml oleo"", ""470 ml chopped nuts"", ""2 (225 g) pkg. cream cheese"", ""470 ml 10x sugar"", ""3 tsp. vanilla"", ""450 g Cool Whip, thawed"", ""2 (85 g) pkg. vanilla instant pudding"", ""470 ml pumpkin"", ""320 ml milk"", ""1 1/2 tsp. pumpkin pie spice""]","[""First Layer:"", ""Cut 1 cup oleo into 2 cups flour until crumbly. Add 1 cup chopped nuts."", ""Press into lightly greased 13 x 9-inch pan."", ""Bake for 15 minutes at 350\u00b0.""]",www.cookbooks.com/Recipe-Details.aspx?id=357332,Gathered,"[""oleo"", ""sugar"", ""vanilla"", ""vanilla instant pudding"", ""cream cheese"", ""flour"", ""nuts"", ""pumpkin"", ""pumpkin pie spice"", ""milk""]",www.cookbooks.com
Chicken Baked In Yogurt,"[""1.6 kg broiler fryer chicken cut into serving pieces"", ""240 ml plain yogurt"", ""1 1/2 teaspoons salt"", ""1/2 teaspoon ground cumin"", ""1/2 teaspoon dry mustard"", ""1/4 teaspoon red pepper flakes"", ""1/4 teaspoon ground ginger"", ""1 clove garlic put through garlic press"", ""120 ml scallions sliced diagonally in 1-inch pieces including g""]","[""Rinse chicken under cool water, pat dry with paper towels. In large bowl, stir together yogurt, salt, cumin, mustard, pepper flakes, ginger and garlic until blended."", ""Add chicken and turn to coat pieces with yogurt mixture. Cover and refrigerate at least 8 hours. Preheat oven to 325 degrees."", ""Arrange chicken skin side up in shallow baking dish. Spoon any sauce remaining over chicken. Bake, uncovered, 1 hour or until chicken is tender and skin is nicely browned. Garnish with scallions before serving. Yield 4 servings.""]",www.yummly.com/recipe/Chicken-Baked-In-Yogurt-1651256,Gathered,"[""ground cumin"", ""scallions"", ""garlic"", ""red pepper"", ""plain yogurt"", ""ground ginger"", ""dry mustard"", ""chicken"", ""salt""]",www.yummly.com
Basil Chesto™ (Chutney+Pesto),"[""For Basil ChestoTM"", ""950 ml loosely packed basil leaves"", ""5 small thai chile peppers destemmed"", ""6 peeled garlic cloves"", ""180 ml toasted pine nuts"", ""4 tablespoons lime juice"", ""2 tablespoons olive oil"", ""1.5 teaspoons salt"", ""4 tablespoons water"", ""How to use the basil chestoTM?"", ""1 packet store-bought pizza dough"", ""470 ml red bell pepper, zucchini 1/2 inch- thick slicesstrips"", ""2 teaspoons basil chestoTM"", ""1 teaspoon olive oil"", ""120 ml fresh mozzarella cut into strips (optional)""]","[""Grind all the ingredients together in a heavy duty blender like Vitamix."", ""Saute the bell pepper and zucchini strips in olive oil at medium heat till they become soft. Salt and pepper as per your preference."", ""Roll the pizza dough with a rolling pin on a baking sheet. Form a circle 4.5-5\"" radius. Spread the chestoTM liberally and layer sauteed pepper, zucchini and fresh mozzarella strips."", ""Pull one side of the dough over onto the other side and stick both the sides to form a turnover. Bake for 30-35 min at 350 degrees. Take it out of the oven and after slight cooling cut into pieces. Serve warm.""]",food52.com/recipes/37173-basil-chesto-chutney-pesto,Gathered,"[""\u2122"", ""water"", ""basil"", ""nuts"", ""red bell pepper"", ""lime juice"", ""fresh mozzarella"", ""garlic"", ""thai chile peppers"", ""olive oil"", ""salt""]",food52.com
Pineapple Pie,"[""3 eggs"", ""1 Tbsp. cornstarch"", ""240 ml crushed pineapple"", ""240 ml sugar"", ""240 ml whipping cream""]","[""Beat eggs thoroughly."", ""Add sugar, pineapple and flour."", ""Cook in a double boiler until thick."", ""Let cool."", ""Whip the cream and add to the mixture."", ""Pour into baked pie crust and top with vanilla wafer crumbs.""]",www.cookbooks.com/Recipe-Details.aspx?id=135679,Gathered,"[""sugar"", ""eggs"", ""cornstarch"", ""whipping cream"", ""pineapple""]",www.cookbooks.com
Brie And Canadian Bacon Quiche,"[""10 slices Canadian bacon (about 28 g each)"", ""8 eggs, beaten"", ""120 ml mayonnaise"", ""1/2 teaspoon white pepper"", ""120 ml parmesan cheese, grated"", ""130 g brie cheese, cubed"", ""1/2 teaspoon dried Italian herb seasoning""]","[""Place Canadian bacon slices, slightly overlapping, around the side and the bottom of a 9 inch deep dish pie plate, coated with cooking spray."", ""Set aside."", ""Combine eggs, mayonnaise, pepper, Parmesan cheese, Brie, and Italian herb seasonings."", ""Pour into pie plate over bacon and bake at 375\u00b0F for 30 minutes."", ""After 15 minutes of baking, place foil over bacon to protect it from overcooking and drying out.""]",www.food.com/recipe/brie-and-canadian-bacon-quiche-44811,Gathered,"[""bacon"", ""eggs"", ""parmesan cheese"", ""white pepper"", ""brie cheese"", ""mayonnaise""]",www.food.com
(Iowa State Fair) Sweet Dough Caramel Cinnamon Rolls,"[""Rolls"", ""350 ml warm water (100 to 110 degrees F)"", ""7 g Fleischmann's active dry yeast"", ""80 ml nonfat dry milk"", ""120 ml butter or 120 ml margarine, softened"", ""120 ml sugar"", ""1 teaspoon salt"", ""1/2 teaspoon imitation vanilla, clear flavor (Tone's brand)"", ""1 egg, beaten"", ""1.2 - 1.35 l bread flour"", ""Caramel Pecan Mixture"", ""120 ml butter or 120 ml margarine"", ""240 ml brown sugar"", ""60 ml Karo light corn syrup"", ""3 tablespoons heavy cream"", ""240 - 350 ml chopped pecans, toasted*"", ""Cinnamon Filling"", ""60 ml butter or 60 ml margarine, softened"", ""80 ml sugar"", ""2 teaspoons tone's ground cinnamon""]","[""For Rolls:"", ""Dissolve yeast in warm water, in a large mixing bowl; let rest 2 to 3 minutes."", ""Add dry milk, butter, sugar, salt, vanilla and egg; mix well. Gradually add in enough flour to make a soft dough."", ""Turn out onto a lightly floured surface and knead until smooth and elastic, about 8 to 10 minutes."", ""Place in a greased bowl, turning once to coat."", ""Cover and let rise in a warm, draft-free place, about 1 to 1-1/2 hours, until doubled in bulk."", ""While dough is rising, make Caramel Pecan Mixture:"", ""Combine butter, brown sugar, corn syrup, and cream in a small, heavy saucepan over medium heat."", ""Bring to a boil, reduce heat and boil for 3 minutes, stirring constantly."", ""Remove from heat and pour an equal amount of hot syrup into two 8 x 8-inch greased pans."", ""Sprinkle toasted pecans on top of syrup."", ""Set aside."", ""Punch dough down."", ""Roll out onto a lightly floured surface with a rolling pin to a 16 x 12-inch rectangle."", ""To apply Cinnamon Filling, spread 1/4 cup butter over surface."", ""Combine sugar and cinnamon in a small bowl; sprinkle evenly over dough."", ""Roll up jellyroll style."", ""Slice into 8 rolls."", ""Place 4 rolls, cut side down, in each of the 2 pans, on top of Caramel Pecan Mixture."", ""Cover and let rolls rise in a warm, draft-free place until doubled in size, about 1 hour."", ""Bake in a preheated 350\u00b0F oven for 20 to 25 minutes, until golden."", ""Remove from oven and let stand 5 minutes."", ""Invert rolls on to serving plate or parchment paper."", ""*To toast pecans, spread on a shallow baking sheet and bake in 350\u00b0F oven for 7 to 8 minutes, stirring once."", ""Remove from oven.""]",www.food.com/recipe/iowa-state-fair-sweet-dough-caramel-cinnamon-rolls-435816,Gathered,"[""nonfat dry milk"", ""rolls"", ""egg"", ""warm water"", ""sugar"", ""bread flour"", ""corn syrup"", ""heavy cream"", ""brown sugar"", ""cinnamon"", ""pecans"", ""imitation vanilla"", ""yeast"", ""cinnamon filling"", ""butter"", ""salt""]",www.food.com
Night Before French Toast,"[""1 (280 g) long French bread, cut in 1-inch slices"", ""8 large eggs"", ""710 ml milk"", ""4 tsp. sugar"", ""3/4 tsp. salt"", ""1 tsp. vanilla""]","[""Place bread slices in 13 x 9-inch buttered pan."", ""Beat eggs, milk, sugar, salt and vanilla; pour over bread."", ""Cover with foil and refrigerate 4 to 36 hours."", ""Remove from refrigerator."", ""Uncover and dot with 2 tablespoons butter."", ""Bake at 350\u00b0 for 45 to 50 minutes."", ""Makes 8 servings.""]",www.cookbooks.com/Recipe-Details.aspx?id=222927,Gathered,"[""bread"", ""sugar"", ""vanilla"", ""eggs"", ""milk"", ""salt""]",www.cookbooks.com
Parmesan Pork Cutlets,"[""120 ml all-purpose flour"", ""2 large eggs"", ""180 ml plain bread crumbs"", ""120 ml grated Parmesan"", ""450 g boneless pork cutlets (4 cutlets)"", ""Salt and pepper"", ""2 tablespoons vegetable oil"", ""2 tablespoons unsalted butter""]","[""Place flour in a shallow bowl. Whisk eggs together in a separate shallow bowl. Combine bread crumbs and Parmesan in a third shallow bowl."", ""Sprinkle cutlets with salt and pepper. One at a time, dredge cutlets in flour, dip in egg and coat with bread crumb mixture."", ""Warm 1 Tbsp. oil and 1 Tbsp. butter in a large skillet over medium heat until butter is foaming. Cook half of cutlets, turning once, until browned on both sides and cooked through, about 5 minutes total. Transfer to platter and loosely cover with foil to keep warm; repeat process with remaining oil, butter and dredged cutlets. Serve immediately.""]",www.myrecipes.com/recipe/parmesan-pork-cutlets-0,Gathered,"[""unsalted butter"", ""eggs"", ""all-purpose"", ""pork cutlets"", ""vegetable oil"", ""parmesan"", ""bread crumbs"", ""salt""]",www.myrecipes.com
Ice Cream Roll,"[""1 angel food cake mix"", ""950 ml ice cream (any flavor)""]","[""Make cake as directed. Line 2 oblong pans with wax paper. Bake at 350\u00b0 for 20 minutes. Let cool 5 minutes. Remove wax paper from pan. Cool again 5 minutes. Spoon ice cream on and roll as jelly roll. Wrap in aluminum foil. Freeze for 6 hours.""]",www.cookbooks.com/Recipe-Details.aspx?id=107869,Gathered,"[""cake mix"", ""cream""]",www.cookbooks.com
Peanut Butter Playdough,"[""830 ml peanut butter"", ""950 ml confectioners' sugar"", ""830 ml honey"", ""950 ml dry milk powder""]","[""In large bowl, cream together peanut butter and confectioners' sugar, then beat in honey and fold in milk powder. Divide into 15 equal portions and refrigerate or freeze until ready to use.""]",www.allrecipes.com/recipe/20352/peanut-butter-playdough/,Gathered,"[""honey"", ""peanut butter"", ""sugar"", ""milk powder""]",www.allrecipes.com
Homemade Fage-Style Yogurt,"[""3.8 l whole milk"", ""470 ml whipping cream"", ""170 g fage yogurt, don't use the 0% (not sure of the container size, I use the small ones that come with fruit or honey topping)""]","[""In a large pot, heat the milk and cream to 185F, stirring occasionally."", ""Let cool to 110-115F, stirring occasionally."", ""When mixture has cooled to 110-115F, stir a little bit into the Fage you are using as a starter,and then mix the fage into the milk/cream mix."", ""Place in the over with the oven light on for 14 hours."", ""Line a colander with cheesecloth and place in a sink or a large bowl."", ""Pour the yogurt into the colander and tie off the ends of the cheesecloth."", ""Place the colander in a large bowl, and place in the fridge for 4-6 hours.""]",www.food.com/recipe/homemade-fage-style-yogurt-374129,Gathered,"[""fage yogurt"", ""whipping cream"", ""milk""]",www.food.com
Meat Loaf,"[""910 g ground beef"", ""240 ml oatmeal"", ""2 eggs"", ""1 chopped onion"", ""1 can tomatoes"", ""1 can tomato sauce"", ""1 jar Pepperidge Farm gravy""]","[""Mix ground beef, oatmeal, eggs, onion and tomatoes."", ""Add 1/2 can of tomato sauce."", ""Put the mixture in baking pan and pat into a loaf."", ""Put the other half can of tomato sauce on top of loaf and spread it evenly."", ""Bake at 350\u00b0 for 45 minutes."", ""Drain grease. Pour jar of Pepperidge Farm gravy on meat loaf and bake 15 minutes.""]",www.cookbooks.com/Recipe-Details.aspx?id=745423,Gathered,"[""gravy"", ""tomatoes"", ""eggs"", ""onion"", ""ground beef"", ""oatmeal"", ""tomato sauce""]",www.cookbooks.com
Broccoli Casserole,"[""2 pkg. frozen chopped broccoli"", ""1/2 onion, chopped"", ""6 Tbsp. flour"", ""120 ml water"", ""225 g Velveeta cheese"", ""3 eggs, beaten""]","[""Prepare broccoli as directed."", ""Saute onion in butter; add flour mixed with water."", ""Cook until thickened and add cheese. Stir until smooth."", ""Add broccoli and eggs."", ""Pour into 1 1/2-quart buttered casserole."", ""Cover with Parmesan cheese or cracker meal. Bake at 325\u00b0 for 30 minutes.""]",www.cookbooks.com/Recipe-Details.aspx?id=1025330,Gathered,"[""velveeta cheese"", ""eggs"", ""onion"", ""water"", ""flour"", ""broccoli""]",www.cookbooks.com
"Garlic And Sapphires Sautéed Brussels Sprouts, Try This!","[""910 g Brussels sprouts, Cleaned, finely shredded julienne (I cut mine into slices and it worked fine)"", ""60 ml unsalted butter"", ""3 -4 garlic cloves, finely chopped (of course add more or less depending on your taste)"", ""120 ml heavy cream"", ""salt"", ""fresh ground pepper""]","[""Over medium heat, saute the garlic in the butter for about a minute then add the Brussels Sprouts and saute until wilted, about 7 minutes. We like to cook until they get a bit brown which took about 10 minutes."", ""Add salt and pepper to taste."", ""Add cream and serve."", ""Feel free to adjust proportions to suit your taste!""]",www.food.com/recipe/garlic-and-sapphires-saut-ed-brussels-sprouts-try-this-136054,Gathered,"[""brussels"", ""fresh ground pepper"", ""unsalted butter"", ""heavy cream"", ""garlic"", ""salt""]",www.food.com
Potato Casserole,"[""1 (910 g) pkg. frozen hash browns"", ""3/4 stick butter"", ""1 chopped onion"", ""1 tsp. salt"", ""1 (225 g) pkg. shredded Cheddar cheese"", ""1 can cream of chicken soup"", ""1 tsp. garlic"", ""470 ml sour cream"", ""470 ml corn flakes plus 1/2 stick butter""]","[""Mix all ingredients, except corn flakes and butter; place in greased 9 x 13-inch pan."", ""Melt 1/2 stick butter and mix with corn flakes."", ""Sprinkle on top."", ""Bake at 350\u00b0 for 1 hour."", ""Serves 12.""]",www.cookbooks.com/Recipe-Details.aspx?id=389024,Gathered,"[""cream of chicken soup"", ""sour cream"", ""cheddar cheese"", ""onion"", ""corn flakes"", ""frozen hash browns"", ""garlic"", ""butter"", ""salt""]",www.cookbooks.com
Peanut Butter Fudge,"[""2 sticks margarine"", ""340 g peanut butter"", ""450 g box powdered sugar"", ""1 Tbsp. vanilla""]","[""Melt margarine and peanut butter."", ""Remove from heat."", ""Add sugar and vanilla."", ""Pour into buttered pan for cooling.""]",www.cookbooks.com/Recipe-Details.aspx?id=743339,Gathered,"[""powdered sugar"", ""margarine"", ""vanilla"", ""peanut butter""]",www.cookbooks.com
